mtllib Shiba.mtl
o Group18985_default_0
usemtl default
v 0.10734999924898148 -0.11613100022077552 -0.39285600185394287
v 0.055757999420166016 -0.10678000003099433 -0.4018329977989197
v 0.054520998150110245 -0.18765999376773823 -0.4424450099468232
v 0.10471700131893158 -0.19703200459480277 -0.43248298764228826
v 0 -0.18392799794673909 -0.4501000046730042
v 0 -0.1040880009531974 -0.4052850008010864
v 0.1948930025100708 -0.1519650071859359 -0.35092499852180487
v 0.15450599789619446 -0.1318500041961669 -0.37715199589729315
v 0.14943499863147736 -0.21109600365161887 -0.41816499829292303
v 0.18798799812793732 -0.2304850071668624 -0.39553201198577886
v 0.18798799812793732 -0.2304850071668624 -0.39553201198577886
v 0.14943499863147736 -0.21109600365161887 -0.41816499829292303
v 0.16698500514030457 -0.19830599427223197 -0.4340310096740723
v 0.20784200727939606 -0.2205689996480941 -0.40789800882339483
v 0.10471700131893158 -0.19703200459480277 -0.43248298764228826
v 0.11736500263214111 -0.1812549978494643 -0.45265001058578497
v 0.054520998150110245 -0.18765999376773823 -0.4424450099468232
v 0.060520999133586884 -0.17013800144195546 -0.46522301435470587
v 0 -0.18392799794673909 -0.4501000046730042
v 0 -0.16634899377822865 -0.4714269936084748
v 0.0632769986987114 -0.08473899960517874 -0.42286399006843567
v 0.0651710033416748 -0.14464099705219258 -0.47098898887634283
v 0 -0.1408410072326659 -0.47673898935318
v 0 -0.0806410014629363 -0.42785900831222534
v 0.12261000275611877 -0.09578599780797949 -0.4102660119533539
v 0.12622499465942383 -0.15595099329948414 -0.45835199952125555
v 0.16242200136184692 -0.11640600115060798 -0.373867005109787
v 0.17502599954605103 -0.11354800313711158 -0.390269011259079
v 0.11319699883460999 -0.09964799880981437 -0.39105600118637085
v 0.20419000089168549 -0.1365649998188018 -0.3480030000209809
v 0.219650998711586 -0.13516099750995628 -0.36315700411796575
v 0.17918099462985992 -0.17458599805831898 -0.4378859996795655
v 0.22295500338077545 -0.19867299497127525 -0.4094910025596619
v 0 -0.08526299893856039 -0.4066680073738098
v 0.058260999619960785 -0.08904000371694556 -0.40197598934173584
v 0 -0.1040880009531974 -0.4052850008010864
v 0.055757999420166016 -0.10678000003099433 -0.4018329977989197
v 0.10734999924898148 -0.11613100022077552 -0.39285600185394287
v 0.15450599789619446 -0.1318500041961669 -0.37715199589729315
v 0.1948930025100708 -0.1519650071859359 -0.35092499852180487
v 0.22512100636959076 -0.17480100691318504 -0.31662499904632574
v 0.23705799877643585 -0.15948499739170066 -0.3141410052776337
v 0.24849799275398254 -0.1999060064554214 -0.27918499708175665
v 0.2626189887523651 -0.18641099333763117 -0.2746289968490601
v 0.26639899611473083 -0.22872599959373469 -0.23887999355793005
v 0.2816849946975708 -0.21824200451374048 -0.23164999485015875
v 0.27410000562667847 -0.26116698980331415 -0.19430199265480047
v 0.2904540002346039 -0.2536079883575439 -0.18554300069808966
v 0.2720459997653961 -0.32198798656463623 -0.09455399960279472
v 0.29170098900794983 -0.3329100012779236 -0.09175699949264533
v 0.3081119954586029 -0.2986940145492553 -0.138811007142067
v 0.28606298565864563 -0.28974699974060053 -0.13932299613952642
v 0.31178298592567444 -0.35992598533630366 -0.1777610033750535
v 0.294281005859375 -0.39265900850296015 -0.1303260028362275
v 0.3160960078239441 -0.261133998632431 -0.1879699975252152
v 0.2697800099849701 -0.2941919863224029 -0.14810599386692053
v 0.2570439875125885 -0.32411399483680725 -0.10453800112009055
v 0.2697800099849701 -0.2941919863224029 -0.14810599386692053
v 0.27410000562667847 -0.26116698980331415 -0.19430199265480047
v 0.26840201020240784 -0.3432089984416961 -0.24284000694751748
v 0.2651289999485016 -0.37100800871849055 -0.19726200401782998
v 0.2570439875125885 -0.32411399483680725 -0.10453800112009055
v 0.25143200159072876 -0.39790999889373774 -0.15601299703121194
v 0.26121601462364197 -0.3131889998912811 -0.2876079976558686
v 0.26639899611473083 -0.22872599959373469 -0.23887999355793005
v 0.24849799275398254 -0.1999060064554214 -0.27918499708175665
v 0.24443599581718445 -0.28271099925041193 -0.3290460109710694
v 0.2415429949760437 -0.2471359968185424 -0.3745760023593903
v 0.26918599009513855 -0.27729600667953486 -0.33510598540306097
v 0.24443599581718445 -0.28271099925041193 -0.3290460109710694
v 0.21983599662780762 -0.25475201010704035 -0.365559995174408
v 0.26840201020240784 -0.3432089984416961 -0.24284000694751748
v 0.26121601462364197 -0.3131889998912811 -0.2876079976558686
v 0.2887420058250427 -0.31009200215339655 -0.29018899798393255
v 0.29727399349212646 -0.34289699792861933 -0.24114400148391732
v 0.27872899174690247 -0.4048329889774322 -0.14602500200271615
v 0.29466599225997925 -0.3746320009231567 -0.19142399728298196
v 0.31733599305152893 -0.3259559869766235 -0.22980199754238137
v 0.30952098965644836 -0.29127401113510126 -0.2820630073547364
v 0.2888990044593811 -0.2572799921035766 -0.33064100146293646
v 0.28648999333381653 -0.18920099735260004 -0.2865059971809388
v 0.307873010635376 -0.22357800602912897 -0.23875699937343603
v 0.25143200159072876 -0.39790999889373774 -0.15601299703121194
v 0.2651289999485016 -0.37100800871849055 -0.19726200401782998
v 0.25916698575019836 -0.2262369990348815 -0.3733870089054108
v 0.22512100636959076 -0.17480100691318504 -0.31662499904632574
v 0.21983599662780762 -0.25475201010704035 -0.365559995174408
v 0.20150500535964966 -0.37104299664497375 -0.03556400164961823
v 0.23467199504375458 -0.3500179946422577 -0.06684699654579171
v 0.22664999961853027 -0.42177098989486694 -0.12010899931192408
v 0.19282400608062744 -0.44172099232673645 -0.09135299921035776
v 0.23467199504375458 -0.3500179946422577 -0.06684699654579171
v 0.24738000333309174 -0.34934601187705994 -0.05510599911212929
v 0.20150500535964966 -0.37104299664497375 -0.03556400164961823
v 0.21158699691295624 -0.3710870146751404 -0.022661000490188682
v 0.15915299952030182 -0.38804298639297485 -0.009624999947846023
v 0.15196600556373596 -0.4595769941806793 -0.06737600266933451
v 0.11033499985933304 -0.40338999032974243 0.011145999655127435
v 0.10526499897241592 -0.4752280116081238 -0.045832000672817334
v 0.15196600556373596 -0.4595769941806793 -0.06737600266933451
v 0.16953900456428528 -0.47587600350379944 -0.049564998596906766
v 0.11694499850273132 -0.4929400086402893 -0.027357999235391728
v 0.10526499897241592 -0.4752280116081238 -0.045832000672817334
v 0.19282400608062744 -0.44172099232673645 -0.09135299921035776
v 0.21487300097942352 -0.4554220139980316 -0.0756860002875329
v 0.05395599827170372 -0.4869210124015808 -0.02962600067257892
v 0 -0.4912559986114502 -0.023236000910401452
v 0 -0.42083099484443665 0.032255999743938356
v 0.05674400180578232 -0.41563400626182556 0.026774000376462843
v 0.05948200076818466 -0.5039989948272705 -0.011807999573648089
v 0 -0.5076500177383423 -0.005960999988019579
v 0 -0.4912559986114502 -0.023236000910401452
v 0.05395599827170372 -0.4869210124015808 -0.02962600067257892
v 0.2515900135040283 -0.43203601241111755 -0.10734499990940104
v 0.22664999961853027 -0.42177098989486694 -0.12010899931192408
v 0.2259179949760437 -0.38641199469566345 -0.01626300066709527
v 0.26462700963020325 -0.3625290095806122 -0.05022700130939492
v 0.22622600197792053 -0.44683098793029785 -0.05778300017118464
v 0.2649439871311188 -0.4218299984931946 -0.09058800339698801
v 0.12318500131368637 -0.48388901352882385 -0.00833499990403663
v 0.17886100709438324 -0.46773698925971985 -0.030277000740170583
v 0.17768099904060364 -0.40556299686431885 0.011392000131308942
v 0.12256400287151337 -0.4209420084953308 0.03395700082182875
v 0.16660499572753906 -0.38888299465179443 0.003694999963045034
v 0.11527399718761444 -0.40435299277305603 0.02536199986934653
v 0.063059002161026 -0.4314880073070526 0.052418999373912714
v 0 -0.4353320002555847 0.05843799933791151
v 0 -0.4966509938240051 0.012052999809384235
v 0.06254599988460541 -0.49417200684547424 0.006943000014871249
v 0.059238001704216 -0.4154999852180481 0.041992999613284974
v 0 -0.4199860095977783 0.047793999314308076
v 0.11033499985933304 -0.40338999032974243 0.011145999655127435
v 0.05674400180578232 -0.41563400626182556 0.026774000376462843
v 0 -0.42083099484443665 0.032255999743938356
v 0.15915299952030182 -0.38804298639297485 -0.009624999947846023
v 0.25695300102233887 -0.15993399918079368 -0.32891899347305303
v -0.054520998150110245 -0.18765999376773823 -0.4424450099468232
v -0.055757999420166016 -0.10678000003099433 -0.4018329977989197
v -0.10734999924898148 -0.11613100022077552 -0.39285600185394287
v -0.10471700131893158 -0.19703200459480277 -0.43248298764228826
v 0 -0.18392799794673909 -0.4501000046730042
v 0 -0.1040880009531974 -0.4052850008010864
v -0.14943499863147736 -0.21109600365161887 -0.41816499829292303
v -0.15450599789619446 -0.1318500041961669 -0.37715199589729315
v -0.1948930025100708 -0.1519650071859359 -0.35092499852180487
v -0.18798799812793732 -0.2304850071668624 -0.39553201198577886
v -0.16698500514030457 -0.19830599427223197 -0.4340310096740723
v -0.14943499863147736 -0.21109600365161887 -0.41816499829292303
v -0.18798799812793732 -0.2304850071668624 -0.39553201198577886
v -0.20784200727939606 -0.2205689996480941 -0.40789800882339483
v -0.11736500263214111 -0.1812549978494643 -0.45265001058578497
v -0.10471700131893158 -0.19703200459480277 -0.43248298764228826
v -0.060520999133586884 -0.17013800144195546 -0.46522301435470587
v -0.054520998150110245 -0.18765999376773823 -0.4424450099468232
v 0 -0.18392799794673909 -0.4501000046730042
v 0 -0.16634899377822865 -0.4714269936084748
v 0 -0.1408410072326659 -0.47673898935318
v -0.0651710033416748 -0.14464099705219258 -0.47098898887634283
v -0.0632769986987114 -0.08473899960517874 -0.42286399006843567
v 0 -0.0806410014629363 -0.42785900831222534
v -0.12622499465942383 -0.15595099329948414 -0.45835199952125555
v -0.12261000275611877 -0.09578599780797949 -0.4102660119533539
v -0.17502599954605103 -0.11354800313711158 -0.390269011259079
v -0.16242200136184692 -0.11640600115060798 -0.373867005109787
v -0.11319699883460999 -0.09964799880981437 -0.39105600118637085
v -0.219650998711586 -0.13516099750995628 -0.36315700411796575
v -0.20419000089168549 -0.1365649998188018 -0.3480030000209809
v -0.17918099462985992 -0.17458599805831898 -0.4378859996795655
v -0.22295500338077545 -0.19867299497127525 -0.4094910025596619
v -0.058260999619960785 -0.08904000371694556 -0.40197598934173584
v 0 -0.08526299893856039 -0.4066680073738098
v -0.055757999420166016 -0.10678000003099433 -0.4018329977989197
v 0 -0.1040880009531974 -0.4052850008010864
v -0.10734999924898148 -0.11613100022077552 -0.39285600185394287
v -0.15450599789619446 -0.1318500041961669 -0.37715199589729315
v -0.1948930025100708 -0.1519650071859359 -0.35092499852180487
v -0.22512100636959076 -0.17480100691318504 -0.31662499904632574
v -0.23705799877643585 -0.15948499739170066 -0.3141410052776337
v -0.24849799275398254 -0.1999060064554214 -0.27918499708175665
v -0.2626189887523651 -0.18641099333763117 -0.2746289968490601
v -0.26639899611473083 -0.22872599959373469 -0.23887999355793005
v -0.2816849946975708 -0.21824200451374048 -0.23164999485015875
v -0.27410000562667847 -0.26116698980331415 -0.19430199265480047
v -0.2904540002346039 -0.2536079883575439 -0.18554300069808966
v -0.3081119954586029 -0.2986940145492553 -0.138811007142067
v -0.29170098900794983 -0.3329100012779236 -0.09175699949264533
v -0.2720459997653961 -0.32198798656463623 -0.09455399960279472
v -0.28606298565864563 -0.28974699974060053 -0.13932299613952642
v -0.31178298592567444 -0.35992598533630366 -0.1777610033750535
v -0.294281005859375 -0.39265900850296015 -0.1303260028362275
v -0.3160960078239441 -0.261133998632431 -0.1879699975252152
v -0.2697800099849701 -0.2941919863224029 -0.14810599386692053
v -0.2570439875125885 -0.32411399483680725 -0.10453800112009055
v -0.26840201020240784 -0.3432089984416961 -0.24284000694751748
v -0.27410000562667847 -0.26116698980331415 -0.19430199265480047
v -0.2697800099849701 -0.2941919863224029 -0.14810599386692053
v -0.2651289999485016 -0.37100800871849055 -0.19726200401782998
v -0.2570439875125885 -0.32411399483680725 -0.10453800112009055
v -0.25143200159072876 -0.39790999889373774 -0.15601299703121194
v -0.26121601462364197 -0.3131889998912811 -0.2876079976558686
v -0.26639899611473083 -0.22872599959373469 -0.23887999355793005
v -0.24443599581718445 -0.28271099925041193 -0.3290460109710694
v -0.24849799275398254 -0.1999060064554214 -0.27918499708175665
v -0.24443599581718445 -0.28271099925041193 -0.3290460109710694
v -0.26918599009513855 -0.27729600667953486 -0.33510598540306097
v -0.2415429949760437 -0.2471359968185424 -0.3745760023593903
v -0.21983599662780762 -0.25475201010704035 -0.365559995174408
v -0.2887420058250427 -0.31009200215339655 -0.29018899798393255
v -0.26121601462364197 -0.3131889998912811 -0.2876079976558686
v -0.26840201020240784 -0.3432089984416961 -0.24284000694751748
v -0.29727399349212646 -0.34289699792861933 -0.24114400148391732
v -0.29466599225997925 -0.3746320009231567 -0.19142399728298196
v -0.27872899174690247 -0.4048329889774322 -0.14602500200271615
v -0.31733599305152893 -0.3259559869766235 -0.22980199754238137
v -0.30952098965644836 -0.29127401113510126 -0.2820630073547364
v -0.2888990044593811 -0.2572799921035766 -0.33064100146293646
v -0.307873010635376 -0.22357800602912897 -0.23875699937343603
v -0.28648999333381653 -0.18920099735260004 -0.2865059971809388
v -0.2651289999485016 -0.37100800871849055 -0.19726200401782998
v -0.25143200159072876 -0.39790999889373774 -0.15601299703121194
v -0.25916698575019836 -0.2262369990348815 -0.3733870089054108
v -0.22512100636959076 -0.17480100691318504 -0.31662499904632574
v -0.21983599662780762 -0.25475201010704035 -0.365559995174408
v -0.22664999961853027 -0.42177098989486694 -0.12010899931192408
v -0.23467199504375458 -0.3500179946422577 -0.06684699654579171
v -0.20150500535964966 -0.37104299664497375 -0.03556400164961823
v -0.19282400608062744 -0.44172099232673645 -0.09135299921035776
v -0.23467199504375458 -0.3500179946422577 -0.06684699654579171
v -0.24738000333309174 -0.34934601187705994 -0.05510599911212929
v -0.21158699691295624 -0.3710870146751404 -0.022661000490188682
v -0.20150500535964966 -0.37104299664497375 -0.03556400164961823
v -0.15915299952030182 -0.38804298639297485 -0.009624999947846023
v -0.15196600556373596 -0.4595769941806793 -0.06737600266933451
v -0.11033499985933304 -0.40338999032974243 0.011145999655127435
v -0.10526499897241592 -0.4752280116081238 -0.045832000672817334
v -0.11694499850273132 -0.4929400086402893 -0.027357999235391728
v -0.16953900456428528 -0.47587600350379944 -0.049564998596906766
v -0.15196600556373596 -0.4595769941806793 -0.06737600266933451
v -0.10526499897241592 -0.4752280116081238 -0.045832000672817334
v -0.21487300097942352 -0.4554220139980316 -0.0756860002875329
v -0.19282400608062744 -0.44172099232673645 -0.09135299921035776
v 0 -0.42083099484443665 0.032255999743938356
v 0 -0.4912559986114502 -0.023236000910401452
v -0.05395599827170372 -0.4869210124015808 -0.02962600067257892
v -0.05674400180578232 -0.41563400626182556 0.026774000376462843
v 0 -0.4912559986114502 -0.023236000910401452
v 0 -0.5076500177383423 -0.005960999988019579
v -0.05948200076818466 -0.5039989948272705 -0.011807999573648089
v -0.05395599827170372 -0.4869210124015808 -0.02962600067257892
v -0.22664999961853027 -0.42177098989486694 -0.12010899931192408
v -0.2515900135040283 -0.43203601241111755 -0.10734499990940104
v -0.26462700963020325 -0.3625290095806122 -0.05022700130939492
v -0.2259179949760437 -0.38641199469566345 -0.01626300066709527
v -0.2649439871311188 -0.4218299984931946 -0.09058800339698801
v -0.22622600197792053 -0.44683098793029785 -0.05778300017118464
v -0.12318500131368637 -0.48388901352882385 -0.00833499990403663
v -0.17886100709438324 -0.46773698925971985 -0.030277000740170583
v -0.17768099904060364 -0.40556299686431885 0.011392000131308942
v -0.12256400287151337 -0.4209420084953308 0.03395700082182875
v -0.16660499572753906 -0.38888299465179443 0.003694999963045034
v -0.11527399718761444 -0.40435299277305603 0.02536199986934653
v 0 -0.4966509938240051 0.012052999809384235
v 0 -0.4353320002555847 0.05843799933791151
v -0.063059002161026 -0.4314880073070526 0.052418999373912714
v -0.06254599988460541 -0.49417200684547424 0.006943000014871249
v -0.059238001704216 -0.4154999852180481 0.041992999613284974
v 0 -0.4199860095977783 0.047793999314308076
v -0.05674400180578232 -0.41563400626182556 0.026774000376462843
v -0.11033499985933304 -0.40338999032974243 0.011145999655127435
v 0 -0.42083099484443665 0.032255999743938356
v -0.15915299952030182 -0.38804298639297485 -0.009624999947846023
v -0.25695300102233887 -0.15993399918079368 -0.32891899347305303
vt 0.0629570335149765 0.8766631111502647
vt 0.04735951125621796 0.8780998215079308
vt 0.05160538852214813 0.9044108614325523
vt 0.06685124337673187 0.9029129967093468
vt 0.03561125695705414 0.9072745069861412
vt 0.0310968030244112 0.8806958422064781
vt 0.09364752471446991 0.87541713565588
vt 0.07829700410366058 0.876122497022152
vt 0.08126954734325409 0.9022703394293785
vt 0.09561572968959808 0.9020129665732384
vt 0.2289985865354538 0.9755076393485069
vt 0.24516884982585907 0.9754194244742393
vt 0.24389509856700897 0.967653177678585
vt 0.22793416678905487 0.9681132063269615
vt 0.261199414730072 0.9757740125060081
vt 0.2604997754096985 0.9674525484442711
vt 0.27766042947769165 0.9761401638388634
vt 0.27818578481674194 0.9675983414053917
vt 0.294414222240448 0.977002702653408
vt 0.2962043881416321 0.9688823446631432
vt 0.27972203493118286 0.9373300299048424
vt 0.2785225510597229 0.9598543867468834
vt 0.2976502776145935 0.961090587079525
vt 0.298248827457428 0.937608502805233
vt 0.261931836605072 0.9369280561804771
vt 0.2605007290840149 0.9594457373023033
vt 0.24583320319652557 0.9307693466544151
vt 0.24496226012706757 0.9368510469794273
vt 0.2627655863761902 0.9306595548987389
vt 0.22932247817516327 0.9306186661124229
vt 0.2286696881055832 0.9369781240820885
vt 0.2437829226255417 0.9596497043967247
vt 0.22776000201702118 0.9602712616324425
vt 0.2975357174873352 0.9311157688498497
vt 0.2801085114479065 0.9309709295630455
vt 0.29708749055862427 0.9255408272147179
vt 0.28017812967300415 0.9257188066840172
vt 0.26337772607803345 0.9255300983786583
vt 0.24669556319713593 0.9256078228354454
vt 0.23006515204906464 0.9252898916602135
vt 0.2137184590101242 0.9240945801138878
vt 0.21311835944652557 0.9298084005713463
vt 0.19726531207561493 0.9231231436133385
vt 0.19647757709026337 0.9289535507559776
vt 0.17995767295360565 0.9230449423193932
vt 0.178986594080925 0.9288097843527794
vt 0.16155926883220673 0.9235112890601158
vt 0.16081659495830536 0.9293467029929161
vt 0.12518946826457977 0.9310652241110802
vt 0.12512926757335663 0.9377162680029869
vt 0.14234952628612518 0.9373597130179405
vt 0.14265768229961395 0.9302884563803673
vt 0.14152531325817108 0.9589072689414024
vt 0.12469188868999481 0.9587216600775719
vt 0.16005687415599823 0.9371190294623375
vt 0.1429605931043625 0.9246674999594688
vt 0.1253850907087326 0.9257416948676109
vt 0.17226950824260712 0.8739191591739655
vt 0.15550200641155243 0.8736748993396759
vt 0.15763716399669647 0.9017130360007286
vt 0.17335931956768036 0.9007851108908653
vt 0.18827788531780243 0.8739670813083649
vt 0.18840794265270233 0.9005116447806358
vt 0.14163152873516083 0.9021616205573082
vt 0.13911108672618866 0.8735193312168121
vt 0.1236000508069992 0.8737374842166901
vt 0.12569956481456757 0.9021464809775352
vt 0.2115873545408249 0.9686591848731041
vt 0.1944398134946823 0.9690428003668785
vt 0.19531767070293427 0.976621113717556
vt 0.21249239146709442 0.9758812412619591
vt 0.15919749438762665 0.9765790924429893
vt 0.177346870303154 0.977002702653408
vt 0.17670302093029022 0.9689094051718712
vt 0.1588325947523117 0.968117855489254
vt 0.12443320453166962 0.9661146625876427
vt 0.1412743777036667 0.9668033346533775
vt 0.15894930064678192 0.959711454808712
vt 0.17667369544506073 0.9603718742728233
vt 0.19433407485485077 0.9606765732169151
vt 0.1956665962934494 0.9367599710822105
vt 0.17798630893230438 0.9368140920996666
vt 0.12439446151256561 0.9750954136252403
vt 0.14141206443309784 0.9757044538855553
vt 0.2114357203245163 0.9606863483786583
vt 0.10866658389568329 0.8744828999042511
vt 0.11034254729747772 0.9020771011710167
vt 0.2180430144071579 0.8746886551380157
vt 0.2032671421766281 0.8742105066776276
vt 0.20304898917675018 0.9006279930472374
vt 0.21736447513103485 0.9013161882758141
vt 0.10865955054759979 0.9263068661093712
vt 0.10860316455364227 0.9314462170004845
vt 0.09217594563961029 0.9268007501959801
vt 0.09230963885784149 0.931595467031002
vt 0.2334795445203781 0.875479482114315
vt 0.23221616446971893 0.9026036486029625
vt 0.24966756999492645 0.8770297989249229
vt 0.2479824274778366 0.9040169939398766
vt 0.07517711818218231 0.9755567535758018
vt 0.07563690841197968 0.9668033346533775
vt 0.058039650321006775 0.9669542536139488
vt 0.05794690549373627 0.9750660881400108
vt 0.09166930615901947 0.9752173647284508
vt 0.09226898849010468 0.9663418754935265
vt 0.26411908864974976 0.9055938944220543
vt 0.2800803780555725 0.9072745069861412
vt 0.2831098437309265 0.8810479864478111
vt 0.2663899064064026 0.8789118751883507
vt 0.04019962251186371 0.9670447334647179
vt 0.02255682833492756 0.9677603468298912
vt 0.023858236148953438 0.9748461470007896
vt 0.04050837457180023 0.9744738563895226
vt 0.10823361575603485 0.9660672172904015
vt 0.10780005156993866 0.9747954830527306
vt 0.09271250665187836 0.9380018934607506
vt 0.10878972709178925 0.9380338415503502
vt 0.09273670613765717 0.9596295580267906
vt 0.1086307018995285 0.9591180309653282
vt 0.058460697531700134 0.9605092033743858
vt 0.07614199817180634 0.9600842222571373
vt 0.07587169110774994 0.9379732832312584
vt 0.05807243287563324 0.9380601868033409
vt 0.07548098266124725 0.9316808208823204
vt 0.05792705714702606 0.9321913942694664
vt 0.03974609076976776 0.938181184232235
vt 0.02132176049053669 0.9381072744727135
vt 0.021801697090268135 0.9613757357001305
vt 0.04024593532085419 0.9608186706900597
vt 0.039913102984428406 0.9325294718146324
vt 0.02209441550076008 0.9324646219611168
vt 0.057945892214775085 0.9277764782309532
vt 0.040063366293907166 0.9280096516013145
vt 0.02263312228024006 0.9278393015265465
vt 0.07530634105205536 0.9271966442465782
vt 0.21253947913646698 0.9370472654700279
vt 0.05160538852214813 0.9044108614325523
vt 0.04735951125621796 0.8780998215079308
vt 0.0629570335149765 0.8766631111502647
vt 0.06685124337673187 0.9029129967093468
vt 0.03561125695705414 0.9072745069861412
vt 0.0310968030244112 0.8806958422064781
vt 0.08126954734325409 0.9022703394293785
vt 0.07829700410366058 0.876122497022152
vt 0.09364752471446991 0.87541713565588
vt 0.09561572968959808 0.9020129665732384
vt 0.24389509856700897 0.967653177678585
vt 0.24516884982585907 0.9754194244742393
vt 0.2289985865354538 0.9755076393485069
vt 0.22793416678905487 0.9681132063269615
vt 0.2604997754096985 0.9674525484442711
vt 0.261199414730072 0.9757740125060081
vt 0.27818578481674194 0.9675983414053917
vt 0.27766042947769165 0.9761401638388634
vt 0.294414222240448 0.977002702653408
vt 0.2962043881416321 0.9688823446631432
vt 0.2976502776145935 0.961090587079525
vt 0.2785225510597229 0.9598543867468834
vt 0.27972203493118286 0.9373300299048424
vt 0.298248827457428 0.937608502805233
vt 0.2605007290840149 0.9594457373023033
vt 0.261931836605072 0.9369280561804771
vt 0.24496226012706757 0.9368510469794273
vt 0.24583320319652557 0.9307693466544151
vt 0.2627655863761902 0.9306595548987389
vt 0.2286696881055832 0.9369781240820885
vt 0.22932247817516327 0.9306186661124229
vt 0.2437829226255417 0.9596497043967247
vt 0.22776000201702118 0.9602712616324425
vt 0.2801085114479065 0.9309709295630455
vt 0.2975357174873352 0.9311157688498497
vt 0.28017812967300415 0.9257188066840172
vt 0.29708749055862427 0.9255408272147179
vt 0.26337772607803345 0.9255300983786583
vt 0.24669556319713593 0.9256078228354454
vt 0.23006515204906464 0.9252898916602135
vt 0.2137184590101242 0.9240945801138878
vt 0.21311835944652557 0.9298084005713463
vt 0.19726531207561493 0.9231231436133385
vt 0.19647757709026337 0.9289535507559776
vt 0.17995767295360565 0.9230449423193932
vt 0.178986594080925 0.9288097843527794
vt 0.16155926883220673 0.9235112890601158
vt 0.16081659495830536 0.9293467029929161
vt 0.14234952628612518 0.9373597130179405
vt 0.12512926757335663 0.9377162680029869
vt 0.12518946826457977 0.9310652241110802
vt 0.14265768229961395 0.9302884563803673
vt 0.14152531325817108 0.9589072689414024
vt 0.12469188868999481 0.9587216600775719
vt 0.16005687415599823 0.9371190294623375
vt 0.1429605931043625 0.9246674999594688
vt 0.1253850907087326 0.9257416948676109
vt 0.15763716399669647 0.9017130360007286
vt 0.15550200641155243 0.8736748993396759
vt 0.17226950824260712 0.8739191591739655
vt 0.17335931956768036 0.9007851108908653
vt 0.18827788531780243 0.8739670813083649
vt 0.18840794265270233 0.9005116447806358
vt 0.14163152873516083 0.9021616205573082
vt 0.13911108672618866 0.8735193312168121
vt 0.12569956481456757 0.9021464809775352
vt 0.1236000508069992 0.8737374842166901
vt 0.19531767070293427 0.976621113717556
vt 0.1944398134946823 0.9690428003668785
vt 0.2115873545408249 0.9686591848731041
vt 0.21249239146709442 0.9758812412619591
vt 0.17670302093029022 0.9689094051718712
vt 0.177346870303154 0.977002702653408
vt 0.15919749438762665 0.9765790924429893
vt 0.1588325947523117 0.968117855489254
vt 0.1412743777036667 0.9668033346533775
vt 0.12443320453166962 0.9661146625876427
vt 0.15894930064678192 0.959711454808712
vt 0.17667369544506073 0.9603718742728233
vt 0.19433407485485077 0.9606765732169151
vt 0.17798630893230438 0.9368140920996666
vt 0.1956665962934494 0.9367599710822105
vt 0.14141206443309784 0.9757044538855553
vt 0.12439446151256561 0.9750954136252403
vt 0.2114357203245163 0.9606863483786583
vt 0.10866658389568329 0.8744828999042511
vt 0.11034254729747772 0.9020771011710167
vt 0.20304898917675018 0.9006279930472374
vt 0.2032671421766281 0.8742105066776276
vt 0.2180430144071579 0.8746886551380157
vt 0.21736447513103485 0.9013161882758141
vt 0.10865955054759979 0.9263068661093712
vt 0.10860316455364227 0.9314462170004845
vt 0.09230963885784149 0.931595467031002
vt 0.09217594563961029 0.9268007501959801
vt 0.2334795445203781 0.875479482114315
vt 0.23221616446971893 0.9026036486029625
vt 0.24966756999492645 0.8770297989249229
vt 0.2479824274778366 0.9040169939398766
vt 0.058039650321006775 0.9669542536139488
vt 0.07563690841197968 0.9668033346533775
vt 0.07517711818218231 0.9755567535758018
vt 0.05794690549373627 0.9750660881400108
vt 0.09226898849010468 0.9663418754935265
vt 0.09166930615901947 0.9752173647284508
vt 0.2831098437309265 0.8810479864478111
vt 0.2800803780555725 0.9072745069861412
vt 0.26411908864974976 0.9055938944220543
vt 0.2663899064064026 0.8789118751883507
vt 0.023858236148953438 0.9748461470007896
vt 0.02255682833492756 0.9677603468298912
vt 0.04019962251186371 0.9670447334647179
vt 0.04050837457180023 0.9744738563895226
vt 0.10780005156993866 0.9747954830527306
vt 0.10823361575603485 0.9660672172904015
vt 0.10878972709178925 0.9380338415503502
vt 0.09271250665187836 0.9380018934607506
vt 0.1086307018995285 0.9591180309653282
vt 0.09273670613765717 0.9596295580267906
vt 0.058460697531700134 0.9605092033743858
vt 0.07614199817180634 0.9600842222571373
vt 0.07587169110774994 0.9379732832312584
vt 0.05807243287563324 0.9380601868033409
vt 0.07548098266124725 0.9316808208823204
vt 0.05792705714702606 0.9321913942694664
vt 0.021801697090268135 0.9613757357001305
vt 0.02132176049053669 0.9381072744727135
vt 0.03974609076976776 0.938181184232235
vt 0.04024593532085419 0.9608186706900597
vt 0.039913102984428406 0.9325294718146324
vt 0.02209441550076008 0.9324646219611168
vt 0.040063366293907166 0.9280096516013145
vt 0.057945892214775085 0.9277764782309532
vt 0.02263312228024006 0.9278393015265465
vt 0.07530634105205536 0.9271966442465782
vt 0.21253947913646698 0.9370472654700279
vn -0.28946648389535057 -0.2089796842048726 0.9340967007172729
vn -0.15521038858073402 -0.21163935672137763 0.964944826382928
vn -0.1389886462670079 -0.970983358187176 0.19461108481383832
vn -0.2734030512352399 -0.9489427303304971 0.15734823204650905
vn 8.877407995096917e-10 -0.9895723174674088 0.14403689979370488
vn -1.219065570701418e-9 -0.21290743871417708 0.9770723732355597
vn -0.6494382254671605 -0.057198953392413036 0.7582600286398317
vn -0.46607919545933874 -0.1670324469199805 0.8688327487128346
vn -0.4098547126790978 -0.9096867433902387 0.0670010701018742
vn -0.5311406797824074 -0.8467370187205636 -0.030430238390356905
vn -0.5311406797824074 -0.8467370187205636 -0.030430238390356905
vn -0.4098547126790978 -0.9096867433902387 0.0670010701018742
vn 0.16607997866770385 -0.5531298370056986 -0.8163729687463838
vn 0.23943507777245207 -0.583668711382516 -0.7758876715641079
vn -0.2734030512352399 -0.9489427303304971 0.15734823204650905
vn 0.0998778412285908 -0.5395769045098762 -0.8359911368854674
vn -0.1389886462670079 -0.970983358187176 0.19461108481383832
vn 0.06581880949516526 -0.5266560357761076 -0.8475265802895119
vn 8.877407995096917e-10 -0.9895723174674088 0.14403689979370488
vn 2.5493294123651207e-9 -0.5130573507357534 -0.8583543294327873
vn 0.16392330703569025 0.9308491876124627 -0.32657149191517176
vn 0.17181906948586906 0.2252927486880459 -0.9590210554255809
vn 4.079402247858448e-9 0.237250751021771 -0.9714484449210908
vn -1.4389287578580954e-9 0.9377335804171506 -0.34735533990142015
vn 0.3191805155386406 0.9061383524090154 -0.2775555526267897
vn 0.32488696960630764 0.19273933289740652 -0.9259049662542549
vn -0.10808474036318456 0.6455999889775548 0.7559883220875864
vn 0.4632927251201453 0.8600978984734774 -0.21352155837820597
vn -0.04846748678255393 0.6321729490777478 0.7733099412133057
vn -0.15886266107745406 0.7056908420106746 0.6904803331143147
vn 0.582040997388122 0.7994425137941141 -0.14872775295145035
vn 0.4898364738446652 0.13573501555824458 -0.8611830435179433
vn 0.6361843557008816 0.05386443481359424 -0.769654525240816
vn 0 0.6752612901190622 0.7375785992467105
vn -0.019397758088342265 0.6559431566717319 0.7545609996525596
vn -1.219065570701418e-9 -0.21290743871417708 0.9770723732355597
vn -0.15521038858073402 -0.21163935672137763 0.964944826382928
vn -0.28946648389535057 -0.2089796842048726 0.9340967007172729
vn -0.46607919545933874 -0.1670324469199805 0.8688327487128346
vn -0.6494382254671605 -0.057198953392413036 0.7582600286398317
vn -0.7657607062157378 0.060677381022859835 0.6402568205401498
vn -0.17009133582579866 0.7525299937581087 0.6362134437210646
vn -0.8231487229864496 0.14945074835445055 0.5478053063471291
vn -0.1654926070471503 0.7648429177685057 0.6225973884880152
vn -0.8569933139963797 0.24891357019066604 0.4512255470830958
vn -0.15091302742374554 0.7746654025290445 0.6140999692870156
vn -0.8635300548171476 0.3803729516617369 0.33110762913534947
vn -0.11950545113792627 0.7895557350979877 0.6019303849467952
vn -0.027952120482541518 0.8203717746848069 0.571146942792334
vn 0.751500360967149 0.2928643264495358 0.5911663841588971
vn 0.7858354263228131 0.3890928235920779 0.4806968455952114
vn -0.07816115741962323 0.8071101282258496 0.5852043014077029
vn 0.926262006557127 -0.3753789902544096 -0.03360519133027956
vn 0.871195506505264 -0.47564006198909303 0.1215932599943285
vn 0.8102970341706561 0.4730749753880763 0.345859486028372
vn -0.8320666062218124 0.5128515657157375 0.21130176135903836
vn -0.7621099466385418 0.6405491924355602 0.09426113358511286
vn -0.8320666062218124 0.5128515657157375 0.21130176135903836
vn -0.8635300548171476 0.3803729516617369 0.33110762913534947
vn -0.6873785670938299 -0.6208339764795676 -0.3769295413583298
vn -0.6935420901528377 -0.5379799350855051 -0.47914189822204933
vn -0.7621099466385418 0.6405491924355602 0.09426113358511286
vn -0.6588596025158842 -0.44353340482668296 -0.6076036067827948
vn -0.6729420753794751 -0.6817388861358907 -0.28702099977904033
vn -0.8569933139963797 0.24891357019066604 0.4512255470830958
vn -0.8231487229864496 0.14945074835445055 0.5478053063471291
vn -0.6478382866962037 -0.7336864979034063 -0.20496262362870568
vn 0.29812044819356837 -0.6171882320859483 -0.728150317272119
vn 0.3487171994396943 -0.6501278630469712 -0.675077829961046
vn -0.6478382866962037 -0.7336864979034063 -0.20496262362870568
vn -0.6047720383006375 -0.7860838861766968 -0.12776112704196982
vn -0.6873785670938299 -0.6208339764795676 -0.3769295413583298
vn -0.6729420753794751 -0.6817388861358907 -0.28702099977904033
vn 0.3936680803887016 -0.697255483446638 -0.5990494414375741
vn 0.41960828102980413 -0.7528443682534434 -0.5071037839341042
vn 0.3986441395130189 -0.8414049570944209 -0.3648568872981028
vn 0.42700702938847457 -0.796905659190701 -0.42732466252565493
vn 0.9340781100443056 -0.28976747787611157 -0.20864537641983605
vn 0.8999084976256538 -0.19323851902039832 -0.3909265540583574
vn 0.8344542648133874 -0.10341869634503761 -0.5412861102790667
vn 0.7489384220694294 0.660887880065623 0.04815028484360089
vn 0.7972016048778142 0.574694255256201 0.18492191367103586
vn -0.6588596025158842 -0.44353340482668296 -0.6076036067827948
vn -0.6935420901528377 -0.5379799350855051 -0.47914189822204933
vn 0.7487999922024486 -0.02748745879527107 -0.6622258008312506
vn -0.7657607062157378 0.060677381022859835 0.6402568205401498
vn -0.6047720383006375 -0.7860838861766968 -0.12776112704196982
vn -0.5347244612441294 0.8289086025636931 -0.16425674763333395
vn -0.6570167236574047 0.7526995786374174 -0.04209951488489652
vn -0.5882308387822278 -0.3233004160000332 -0.7412565826485201
vn -0.48804482305375474 -0.21310707703063142 -0.8464027554361396
vn -0.6570167236574047 0.7526995786374174 -0.04209951488489652
vn 0.0005521696378549621 0.8201633221732917 0.5721291987570295
vn -0.5347244612441294 0.8289086025636931 -0.16425674763333395
vn 0.007161663908988147 0.8186836315616213 0.5742001584666536
vn -0.4363491486770686 0.8667954710367507 -0.24138150682886783
vn -0.39679961252260393 -0.15428722618594615 -0.9048455776196059
vn -0.35121002449196354 0.8820525764984836 -0.3140617311751644
vn -0.3129432247596957 -0.1275607962371398 -0.9411667128305958
vn -0.39679961252260393 -0.15428722618594615 -0.9048455776196059
vn 0.22614714586026569 -0.9427149305175098 -0.24524687194462316
vn 0.1674405311344935 -0.968139216729738 -0.1861991556461209
vn -0.3129432247596957 -0.1275607962371398 -0.9411667128305958
vn -0.48804482305375474 -0.21310707703063142 -0.8464027554361396
vn 0.28433024902573667 -0.9171497231988014 -0.2792717220295048
vn -0.18524777169436366 -0.11553230248495082 -0.975876810957612
vn 1.1548439412889308e-8 -0.11068832754393337 -0.9938551675900904
vn 7.654977306342564e-9 0.9004924691290205 -0.43487160523759183
vn -0.2131033428235346 0.8954830923197832 -0.39076463075211076
vn 0.08989227608248332 -0.9886377503411231 -0.12047728956593376
vn 0 -0.9962129374124994 -0.08694701450860519
vn 1.1548439412889308e-8 -0.11068832754393337 -0.9938551675900904
vn -0.18524777169436366 -0.11553230248495082 -0.975876810957612
vn 0.34533646723381956 -0.8847895102386075 -0.3128741711458301
vn -0.5882308387822278 -0.3233004160000332 -0.7412565826485201
vn 0.5580212997870301 0.07713812411165968 0.8262335860956801
vn 0.6751772280434328 0.171487110797279 0.7174453857695287
vn 0.6304329231283059 -0.6743256019251299 0.38449878026361906
vn 0.763298498682533 -0.5892822047422638 0.264805372081248
vn 0.36672347453446086 -0.7386349373034028 0.565625602868338
vn 0.49854343600425965 -0.719882258762533 0.48293268261323974
vn 0.4361065846395569 0.020930863975895563 0.8996515690906361
vn 0.32913564282704266 -0.010713514431495411 0.9442218750004447
vn -0.0012423484415165565 0.8196625000657778 0.5728453914943095
vn -0.009963689197412346 0.8342391702432829 0.551312734960273
vn 0.18544515355327468 -0.031357689657021626 0.9821541581253812
vn 6.805844994923912e-9 -0.04162473093453282 0.9991333153161432
vn 4.922433395850176e-9 -0.7482195825062029 0.6634511710399218
vn 0.19865208294270614 -0.747171440145512 0.6342493113700682
vn -0.013526958199073557 0.8583093745599116 0.5129542269486178
vn 0 0.8718098386964128 0.4898444703700703
vn -0.35121002449196354 0.8820525764984836 -0.3140617311751644
vn -0.2131033428235346 0.8954830923197832 -0.39076463075211076
vn 7.654977306342564e-9 0.9004924691290205 -0.43487160523759183
vn -0.4363491486770686 0.8667954710367507 -0.24138150682886783
vn 0.680205100216341 0.729808263936973 -0.06856325203036372
vn 0.1389886462670079 -0.970983358187176 0.19461108481383832
vn 0.15521038858073402 -0.21163935672137763 0.964944826382928
vn 0.28946648389535057 -0.2089796842048726 0.9340967007172729
vn 0.2734030537994007 -0.9489427392303311 0.15734817391758246
vn 8.877407995096917e-10 -0.9895723174674088 0.14403689979370488
vn -1.219065570701418e-9 -0.21290743871417708 0.9770723732355597
vn 0.40985471349749025 -0.9096867452066891 0.06700104043334058
vn 0.46607917213096933 -0.1670324492401016 0.8688327607811316
vn 0.6494382254671605 -0.057198953392413036 0.7582600286398317
vn 0.5311406797824074 -0.8467370187205636 -0.030430238390356905
vn -0.1660799496874064 -0.5531298397434528 -0.8163729727870778
vn 0.40985471349749025 -0.9096867452066891 0.06700104043334058
vn 0.5311406797824074 -0.8467370187205636 -0.030430238390356905
vn -0.23943507777245207 -0.583668711382516 -0.7758876715641079
vn -0.09987782471147036 -0.5395768361752221 -0.8359911829642955
vn 0.2734030537994007 -0.9489427392303311 0.15734817391758246
vn -0.06581880207686222 -0.5266560360343736 -0.847526580705129
vn 0.1389886462670079 -0.970983358187176 0.19461108481383832
vn 8.877407995096917e-10 -0.9895723174674088 0.14403689979370488
vn 2.5493294123651207e-9 -0.5130573507357534 -0.8583543294327873
vn 4.079402247858448e-9 0.237250751021771 -0.9714484449210908
vn -0.1718190538709817 0.2252927775545136 -0.9590210514418612
vn -0.16392330703569025 0.9308491876124627 -0.32657149191517176
vn -1.4389287578580954e-9 0.9377335804171506 -0.34735533990142015
vn -0.3248869153599367 0.19273935097736553 -0.9259049815249563
vn -0.31918048877246546 0.9061383610284937 -0.277555555266987
vn -0.4632927481801526 0.8600978902334038 -0.2135215415355777
vn 0.10808471922738651 0.6455999215342055 0.7559883827047639
vn 0.04846748678255393 0.6321729490777478 0.7733099412133057
vn -0.5820409826212539 0.799442530852952 -0.14872771904628987
vn 0.15886264669638595 0.7056907847163582 0.6904803949794881
vn -0.4898365004894676 0.1357350461010565 -0.8611830235485229
vn -0.6361843560838532 0.053864423670149444 -0.7696545257041343
vn 0.019397758088342265 0.6559431566717319 0.7545609996525596
vn 0 0.6752612901190622 0.7375785992467105
vn 0.15521038858073402 -0.21163935672137763 0.964944826382928
vn -1.219065570701418e-9 -0.21290743871417708 0.9770723732355597
vn 0.28946648389535057 -0.2089796842048726 0.9340967007172729
vn 0.46607917213096933 -0.1670324492401016 0.8688327607811316
vn 0.6494382254671605 -0.057198953392413036 0.7582600286398317
vn 0.765760676992566 0.06067737870727285 0.6402568557111288
vn 0.17009133582579866 0.7525299937581087 0.6362134437210646
vn 0.8231487229864496 0.14945074835445055 0.5478053063471291
vn 0.16549260090577006 0.7648428893854179 0.6225974249882575
vn 0.8569933076390294 0.24891359814649672 0.4512255437358132
vn 0.15091302742374554 0.7746654025290445 0.6140999692870156
vn 0.8635300548171476 0.3803729516617369 0.33110762913534947
vn 0.11950545113792627 0.7895557350979877 0.6019303849467952
vn -0.7858354263228131 0.3890928235920779 0.4806968455952114
vn -0.751500367526271 0.2928642992033461 0.5911663893186184
vn 0.027952130698105357 0.8203717465006077 0.5711469827749937
vn 0.07816117222975068 0.8071101272858149 0.5852043007261201
vn -0.9262620275135346 -0.3753789391426045 -0.03360518464000656
vn -0.8711954921394481 -0.4756400866877963 0.12159326630833796
vn -0.8102970160802768 0.4730749748195923 0.345859529189007
vn 0.8320666062218124 0.5128515657157375 0.21130176135903836
vn 0.7621099482442315 0.6405491937851336 0.09426111143196951
vn 0.6873785670938299 -0.6208339764795676 -0.3769295413583298
vn 0.8635300548171476 0.3803729516617369 0.33110762913534947
vn 0.8320666062218124 0.5128515657157375 0.21130176135903836
vn 0.6935420901528377 -0.5379799350855051 -0.47914189822204933
vn 0.7621099482442315 0.6405491937851336 0.09426111143196951
vn 0.6588596025158842 -0.44353340482668296 -0.6076036067827948
vn 0.6729420811357489 -0.6817388919674114 -0.2870209724318654
vn 0.8569933076390294 0.24891359814649672 0.4512255437358132
vn 0.6478382866962037 -0.7336864979034063 -0.20496262362870568
vn 0.8231487229864496 0.14945074835445055 0.5478053063471291
vn 0.6478382866962037 -0.7336864979034063 -0.20496262362870568
vn -0.3487171872930477 -0.6501278959631767 -0.6750778045358317
vn -0.29812044819356837 -0.6171882320859483 -0.728150317272119
vn 0.6047720406033543 -0.7860838891697725 -0.12776109772610741
vn -0.3936681284517887 -0.6972555226091539 -0.5990493642700089
vn 0.6729420811357489 -0.6817388919674114 -0.2870209724318654
vn 0.6873785670938299 -0.6208339764795676 -0.3769295413583298
vn -0.41960830558479734 -0.752844358838898 -0.5071037775926188
vn -0.42700707403931504 -0.7969056272972362 -0.42732467738521857
vn -0.3986441395130189 -0.8414049570944209 -0.3648568872981028
vn -0.9340781181107647 -0.2897674505761461 -0.20864537822164403
vn -0.8999085229266902 -0.1932385074499834 -0.3909265015350142
vn -0.834454245426344 -0.10341871623059509 -0.5412861363670478
vn -0.7972015514525717 0.574694319315509 0.18492194490675462
vn -0.7489384224724491 0.660887880421261 0.04815027369364098
vn 0.6935420901528377 -0.5379799350855051 -0.47914189822204933
vn 0.6588596025158842 -0.44353340482668296 -0.6076036067827948
vn -0.7487999926625056 -0.027487436460418756 -0.662225801238117
vn 0.765760676992566 0.06067737870727285 0.6402568557111288
vn 0.6047720406033543 -0.7860838891697725 -0.12776109772610741
vn 0.5882308647716403 -0.32330043028420075 -0.7412565557943209
vn 0.6570167233482792 0.7526995782832733 -0.04209952604095913
vn 0.5347244625529297 0.8289086045925433 -0.16425673313421058
vn 0.48804477071087615 -0.21310708397718514 -0.8464027838685959
vn 0.6570167233482792 0.7526995782832733 -0.04209952604095913
vn -0.000552190255743934 0.8201633137056021 0.5721292108758016
vn -0.007161694861585479 0.8186836033592505 0.5742001982909994
vn 0.5347244625529297 0.8289086045925433 -0.16425673313421058
vn 0.4363491486770686 0.8667954710367507 -0.24138150682886783
vn 0.39679960887354043 -0.15428728437173114 -0.904845569298431
vn 0.3512100875475477 0.8820525408036816 -0.31406176091115207
vn 0.3129432259493831 -0.12756076691975302 -0.9411667164085425
vn -0.1674405306699157 -0.9681392140435546 -0.18619917003065667
vn -0.22614718993038962 -0.9427149278773047 -0.24524684145545453
vn 0.39679960887354043 -0.15428728437173114 -0.904845569298431
vn 0.3129432259493831 -0.12756076691975302 -0.9411667164085425
vn -0.28433027878519435 -0.9171497230605349 -0.27927169218508024
vn 0.48804477071087615 -0.21310708397718514 -0.8464027838685959
vn 7.654977306342564e-9 0.9004924691290205 -0.43487160523759183
vn 1.1548439412889308e-8 -0.11068832754393337 -0.9938551675900904
vn 0.1852477721727378 -0.11553228043155621 -0.9758768134776652
vn 0.21310337697258652 0.895483104561956 -0.39076458407455594
vn 1.1548439412889308e-8 -0.11068832754393337 -0.9938551675900904
vn 0 -0.9962129374124994 -0.08694701450860519
vn -0.08989226861141837 -0.9886377501158361 -0.1204772969890605
vn 0.1852477721727378 -0.11553228043155621 -0.9758768134776652
vn 0.5882308647716403 -0.32330043028420075 -0.7412565557943209
vn -0.3453364967020427 -0.8847895093826156 -0.31287414104081934
vn -0.6751771702981224 0.17148709613064625 0.7174454436184667
vn -0.5580213547491787 0.0771381317093572 0.8262335482660342
vn -0.763298498682533 -0.5892822047422638 0.264805372081248
vn -0.6304329197763239 -0.6743256024896314 0.3844987847695942
vn -0.36672347453446086 -0.7386349373034028 0.565625602868338
vn -0.49854345022062846 -0.7198822196859148 0.48293272618677646
vn -0.43610663311207915 0.02093084108987219 0.8996515461260081
vn -0.3291356692432362 -0.010713559024756713 0.9442218652863479
vn 0.0012423272539609763 0.8196625000873531 0.572845391509388
vn 0.0099637000447584 0.8342391427366219 0.5513127763869473
vn 4.922433395850176e-9 -0.7482195825062029 0.6634511710399218
vn 6.805844994923912e-9 -0.04162473093453282 0.9991333153161432
vn -0.18544515333664405 -0.031357726873292364 0.9821541569780626
vn -0.19865208294270614 -0.747171440145512 0.6342493113700682
vn 0.013526958199073557 0.8583093745599116 0.5129542269486178
vn 0 0.8718098386964128 0.4898444703700703
vn 0.21310337697258652 0.895483104561956 -0.39076458407455594
vn 0.3512100875475477 0.8820525408036816 -0.31406176091115207
vn 7.654977306342564e-9 0.9004924691290205 -0.43487160523759183
vn 0.4363491486770686 0.8667954710367507 -0.24138150682886783
vn -0.6802051009112875 0.7298082646825977 -0.06856323719925181
f 1/1/1 2/2/2 3/3/3
f 1/1/1 3/3/3 4/4/4
f 5/5/5 3/3/3 2/2/2
f 5/5/5 2/2/2 6/6/6
f 7/7/7 8/8/8 9/9/9
f 7/7/7 9/9/9 10/10/10
f 8/8/8 1/1/1 4/4/4
f 8/8/8 4/4/4 9/9/9
f 11/11/11 12/12/12 13/13/13
f 11/11/11 13/13/13 14/14/14
f 12/12/12 15/15/15 16/16/16
f 12/12/12 16/16/16 13/13/13
f 15/15/15 17/17/17 18/18/18
f 15/15/15 18/18/18 16/16/16
f 18/18/18 17/17/17 19/19/19
f 18/18/18 19/19/19 20/20/20
f 21/21/21 22/22/22 23/23/23
f 21/21/21 23/23/23 24/24/24
f 25/25/25 26/26/26 22/22/22
f 25/25/25 22/22/22 21/21/21
f 27/27/27 28/28/28 25/25/25
f 27/27/27 25/25/25 29/29/29
f 30/30/30 31/31/31 28/28/28
f 30/30/30 28/28/28 27/27/27
f 32/32/32 28/28/28 31/31/31
f 32/32/32 31/31/31 33/33/33
f 24/24/24 34/34/34 35/35/35
f 24/24/24 35/35/35 21/21/21
f 21/21/21 35/35/35 29/29/29
f 21/21/21 29/29/29 25/25/25
f 28/28/28 32/32/32 26/26/26
f 28/28/28 26/26/26 25/25/25
f 22/22/22 26/26/26 16/16/16
f 22/22/22 16/16/16 18/18/18
f 23/23/23 22/22/22 18/18/18
f 23/23/23 18/18/18 20/20/20
f 34/34/34 36/36/36 37/37/37
f 34/34/34 37/37/37 35/35/35
f 35/35/35 37/37/37 38/38/38
f 35/35/35 38/38/38 29/29/29
f 29/29/29 38/38/38 39/39/39
f 29/29/29 39/39/39 27/27/27
f 27/27/27 39/39/39 40/40/40
f 27/27/27 40/40/40 30/30/30
f 30/30/30 40/40/40 41/41/41
f 30/30/30 41/41/41 42/42/42
f 42/42/42 41/41/41 43/43/43
f 42/42/42 43/43/43 44/44/44
f 44/44/44 43/43/43 45/45/45
f 44/44/44 45/45/45 46/46/46
f 46/46/46 45/45/45 47/47/47
f 46/46/46 47/47/47 48/48/48
f 49/49/49 50/50/50 51/51/51
f 49/49/49 51/51/51 52/52/52
f 53/53/53 51/51/51 50/50/50
f 53/53/53 50/50/50 54/54/54
f 52/52/52 51/51/51 55/55/55
f 52/52/52 55/55/55 48/48/48
f 48/48/48 47/47/47 56/56/56
f 48/48/48 56/56/56 52/52/52
f 52/52/52 56/56/56 57/57/57
f 52/52/52 57/57/57 49/49/49
f 58/58/58 59/59/59 60/60/60
f 58/58/58 60/60/60 61/61/61
f 62/62/62 58/58/58 61/61/61
f 62/62/62 61/61/61 63/63/63
f 64/64/64 60/60/60 59/59/59
f 64/64/64 59/59/59 65/65/65
f 65/65/65 66/66/66 67/67/67
f 65/65/65 67/67/67 64/64/64
f 68/68/68 69/69/69 70/70/70
f 68/68/68 70/70/70 71/71/71
f 14/14/14 68/68/68 71/71/71
f 14/14/14 71/71/71 11/11/11
f 72/72/72 73/73/73 74/74/74
f 72/72/72 74/74/74 75/75/75
f 73/73/73 70/70/70 69/69/69
f 73/73/73 69/69/69 74/74/74
f 54/54/54 76/76/76 77/77/77
f 54/54/54 77/77/77 53/53/53
f 77/77/77 75/75/75 78/78/78
f 77/77/77 78/78/78 53/53/53
f 51/51/51 53/53/53 78/78/78
f 51/51/51 78/78/78 55/55/55
f 75/75/75 74/74/74 79/79/79
f 75/75/75 79/79/79 78/78/78
f 74/74/74 69/69/69 80/80/80
f 74/74/74 80/80/80 79/79/79
f 80/80/80 81/81/81 82/82/82
f 80/80/80 82/82/82 79/79/79
f 83/83/83 84/84/84 77/77/77
f 83/83/83 77/77/77 76/76/76
f 84/84/84 72/72/72 75/75/75
f 84/84/84 75/75/75 77/77/77
f 14/14/14 33/33/33 85/85/85
f 14/14/14 85/85/85 68/68/68
f 85/85/85 80/80/80 69/69/69
f 85/85/85 69/69/69 68/68/68
f 86/86/86 7/7/7 10/10/10
f 86/86/86 10/10/10 87/87/87
f 66/66/66 86/86/86 87/87/87
f 66/66/66 87/87/87 67/67/67
f 88/88/88 89/89/89 90/90/90
f 88/88/88 90/90/90 91/91/91
f 89/89/89 62/62/62 63/63/63
f 89/89/89 63/63/63 90/90/90
f 49/49/49 57/57/57 92/92/92
f 49/49/49 92/92/92 93/93/93
f 92/92/92 94/94/94 95/95/95
f 92/92/92 95/95/95 93/93/93
f 96/96/96 88/88/88 91/91/91
f 96/96/96 91/91/91 97/97/97
f 98/98/98 96/96/96 97/97/97
f 98/98/98 97/97/97 99/99/99
f 100/100/100 101/101/101 102/102/102
f 100/100/100 102/102/102 103/103/103
f 104/104/104 105/105/105 101/101/101
f 104/104/104 101/101/101 100/100/100
f 106/106/106 107/107/107 108/108/108
f 106/106/106 108/108/108 109/109/109
f 99/99/99 106/106/106 109/109/109
f 99/99/99 109/109/109 98/98/98
f 110/110/110 111/111/111 112/112/112
f 110/110/110 112/112/112 113/113/113
f 102/102/102 110/110/110 113/113/113
f 102/102/102 113/113/113 103/103/103
f 114/114/114 115/115/115 83/83/83
f 114/114/114 83/83/83 76/76/76
f 115/115/115 114/114/114 105/105/105
f 115/115/115 105/105/105 104/104/104
f 116/116/116 117/117/117 93/93/93
f 116/116/116 93/93/93 95/95/95
f 116/116/116 118/118/118 119/119/119
f 116/116/116 119/119/119 117/117/117
f 50/50/50 49/49/49 93/93/93
f 50/50/50 93/93/93 117/117/117
f 117/117/117 119/119/119 54/54/54
f 117/117/117 54/54/54 50/50/50
f 118/118/118 105/105/105 114/114/114
f 118/118/118 114/114/114 119/119/119
f 119/119/119 114/114/114 76/76/76
f 119/119/119 76/76/76 54/54/54
f 120/120/120 102/102/102 101/101/101
f 120/120/120 101/101/101 121/121/121
f 121/121/121 101/101/101 105/105/105
f 121/121/121 105/105/105 118/118/118
f 122/122/122 121/121/121 118/118/118
f 122/122/122 118/118/118 116/116/116
f 121/121/121 122/122/122 123/123/123
f 121/121/121 123/123/123 120/120/120
f 122/122/122 116/116/116 95/95/95
f 122/122/122 95/95/95 124/124/124
f 123/123/123 122/122/122 124/124/124
f 123/123/123 124/124/124 125/125/125
f 126/126/126 127/127/127 128/128/128
f 126/126/126 128/128/128 129/129/129
f 123/123/123 125/125/125 130/130/130
f 123/123/123 130/130/130 126/126/126
f 126/126/126 130/130/130 131/131/131
f 126/126/126 131/131/131 127/127/127
f 123/123/123 126/126/126 129/129/129
f 123/123/123 129/129/129 120/120/120
f 125/125/125 132/132/132 133/133/133
f 125/125/125 133/133/133 130/130/130
f 134/134/134 131/131/131 130/130/130
f 134/134/134 130/130/130 133/133/133
f 94/94/94 135/135/135 124/124/124
f 94/94/94 124/124/124 95/95/95
f 132/132/132 125/125/125 124/124/124
f 132/132/132 124/124/124 135/135/135
f 128/128/128 111/111/111 110/110/110
f 128/128/128 110/110/110 129/129/129
f 129/129/129 110/110/110 102/102/102
f 129/129/129 102/102/102 120/120/120
f 79/79/79 82/82/82 55/55/55
f 79/79/79 55/55/55 78/78/78
f 81/81/81 44/44/44 46/46/46
f 81/81/81 46/46/46 82/82/82
f 82/82/82 46/46/46 48/48/48
f 82/82/82 48/48/48 55/55/55
f 33/33/33 31/31/31 136/136/136
f 33/33/33 136/136/136 85/85/85
f 31/31/31 30/30/30 42/42/42
f 31/31/31 42/42/42 136/136/136
f 136/136/136 42/42/42 44/44/44
f 136/136/136 44/44/44 81/81/81
f 85/85/85 136/136/136 81/81/81
f 85/85/85 81/81/81 80/80/80
f 26/26/26 32/32/32 13/13/13
f 26/26/26 13/13/13 16/16/16
f 13/13/13 32/32/32 33/33/33
f 13/13/13 33/33/33 14/14/14
f 137/137/137 138/138/138 139/139/139
f 137/137/137 139/139/139 140/140/140
f 138/138/138 137/137/137 141/141/141
f 138/138/138 141/141/141 142/142/142
f 143/143/143 144/144/144 145/145/145
f 143/143/143 145/145/145 146/146/146
f 140/140/140 139/139/139 144/144/144
f 140/140/140 144/144/144 143/143/143
f 147/147/147 148/148/148 149/149/149
f 147/147/147 149/149/149 150/150/150
f 151/151/151 152/152/152 148/148/148
f 151/151/151 148/148/148 147/147/147
f 153/153/153 154/154/154 152/152/152
f 153/153/153 152/152/152 151/151/151
f 155/155/155 154/154/154 153/153/153
f 155/155/155 153/153/153 156/156/156
f 157/157/157 158/158/158 159/159/159
f 157/157/157 159/159/159 160/160/160
f 158/158/158 161/161/161 162/162/162
f 158/158/158 162/162/162 159/159/159
f 162/162/162 163/163/163 164/164/164
f 162/162/162 164/164/164 165/165/165
f 163/163/163 166/166/166 167/167/167
f 163/163/163 167/167/167 164/164/164
f 166/166/166 163/163/163 168/168/168
f 166/166/166 168/168/168 169/169/169
f 170/170/170 171/171/171 160/160/160
f 170/170/170 160/160/160 159/159/159
f 165/165/165 170/170/170 159/159/159
f 165/165/165 159/159/159 162/162/162
f 161/161/161 168/168/168 163/163/163
f 161/161/161 163/163/163 162/162/162
f 151/151/151 161/161/161 158/158/158
f 151/151/151 158/158/158 153/153/153
f 153/153/153 158/158/158 157/157/157
f 153/153/153 157/157/157 156/156/156
f 172/172/172 173/173/173 171/171/171
f 172/172/172 171/171/171 170/170/170
f 174/174/174 172/172/172 170/170/170
f 174/174/174 170/170/170 165/165/165
f 175/175/175 174/174/174 165/165/165
f 175/175/175 165/165/165 164/164/164
f 176/176/176 175/175/175 164/164/164
f 176/176/176 164/164/164 167/167/167
f 177/177/177 176/176/176 167/167/167
f 177/177/177 167/167/167 178/178/178
f 179/179/179 177/177/177 178/178/178
f 179/179/179 178/178/178 180/180/180
f 181/181/181 179/179/179 180/180/180
f 181/181/181 180/180/180 182/182/182
f 183/183/183 181/181/181 182/182/182
f 183/183/183 182/182/182 184/184/184
f 185/185/185 186/186/186 187/187/187
f 185/185/185 187/187/187 188/188/188
f 186/186/186 185/185/185 189/189/189
f 186/186/186 189/189/189 190/190/190
f 191/191/191 185/185/185 188/188/188
f 191/191/191 188/188/188 184/184/184
f 192/192/192 183/183/183 184/184/184
f 192/192/192 184/184/184 188/188/188
f 193/193/193 192/192/192 188/188/188
f 193/193/193 188/188/188 187/187/187
f 194/194/194 195/195/195 196/196/196
f 194/194/194 196/196/196 197/197/197
f 197/197/197 196/196/196 198/198/198
f 197/197/197 198/198/198 199/199/199
f 195/195/195 194/194/194 200/200/200
f 195/195/195 200/200/200 201/201/201
f 202/202/202 203/203/203 201/201/201
f 202/202/202 201/201/201 200/200/200
f 204/204/204 205/205/205 206/206/206
f 204/204/204 206/206/206 207/207/207
f 207/207/207 206/206/206 150/150/150
f 207/207/207 150/150/150 149/149/149
f 208/208/208 209/209/209 210/210/210
f 208/208/208 210/210/210 211/211/211
f 205/205/205 204/204/204 209/209/209
f 205/205/205 209/209/209 208/208/208
f 212/212/212 213/213/213 190/190/190
f 212/212/212 190/190/190 189/189/189
f 214/214/214 211/211/211 212/212/212
f 214/214/214 212/212/212 189/189/189
f 214/214/214 189/189/189 185/185/185
f 214/214/214 185/185/185 191/191/191
f 215/215/215 208/208/208 211/211/211
f 215/215/215 211/211/211 214/214/214
f 216/216/216 205/205/205 208/208/208
f 216/216/216 208/208/208 215/215/215
f 217/217/217 218/218/218 216/216/216
f 217/217/217 216/216/216 215/215/215
f 212/212/212 219/219/219 220/220/220
f 212/212/212 220/220/220 213/213/213
f 211/211/211 210/210/210 219/219/219
f 211/211/211 219/219/219 212/212/212
f 221/221/221 169/169/169 150/150/150
f 221/221/221 150/150/150 206/206/206
f 205/205/205 216/216/216 221/221/221
f 205/205/205 221/221/221 206/206/206
f 146/146/146 145/145/145 222/222/222
f 146/146/146 222/222/222 223/223/223
f 223/223/223 222/222/222 203/203/203
f 223/223/223 203/203/203 202/202/202
f 224/224/224 225/225/225 226/226/226
f 224/224/224 226/226/226 227/227/227
f 199/199/199 198/198/198 225/225/225
f 199/199/199 225/225/225 224/224/224
f 228/228/228 193/193/193 187/187/187
f 228/228/228 187/187/187 229/229/229
f 230/230/230 231/231/231 228/228/228
f 230/230/230 228/228/228 229/229/229
f 227/227/227 226/226/226 232/232/232
f 227/227/227 232/232/232 233/233/233
f 233/233/233 232/232/232 234/234/234
f 233/233/233 234/234/234 235/235/235
f 236/236/236 237/237/237 238/238/238
f 236/236/236 238/238/238 239/239/239
f 237/237/237 240/240/240 241/241/241
f 237/237/237 241/241/241 238/238/238
f 242/242/242 243/243/243 244/244/244
f 242/242/242 244/244/244 245/245/245
f 245/245/245 244/244/244 235/235/235
f 245/245/245 235/235/235 234/234/234
f 246/246/246 247/247/247 248/248/248
f 246/246/246 248/248/248 249/249/249
f 249/249/249 248/248/248 236/236/236
f 249/249/249 236/236/236 239/239/239
f 220/220/220 250/250/250 251/251/251
f 220/220/220 251/251/251 213/213/213
f 240/240/240 251/251/251 250/250/250
f 240/240/240 250/250/250 241/241/241
f 229/229/229 252/252/252 253/253/253
f 229/229/229 253/253/253 230/230/230
f 254/254/254 255/255/255 253/253/253
f 254/254/254 253/253/253 252/252/252
f 229/229/229 187/187/187 186/186/186
f 229/229/229 186/186/186 252/252/252
f 190/190/190 254/254/254 252/252/252
f 190/190/190 252/252/252 186/186/186
f 251/251/251 240/240/240 255/255/255
f 251/251/251 255/255/255 254/254/254
f 213/213/213 251/251/251 254/254/254
f 213/213/213 254/254/254 190/190/190
f 237/237/237 236/236/236 256/256/256
f 237/237/237 256/256/256 257/257/257
f 240/240/240 237/237/237 257/257/257
f 240/240/240 257/257/257 255/255/255
f 255/255/255 257/257/257 258/258/258
f 255/255/255 258/258/258 253/253/253
f 259/259/259 258/258/258 257/257/257
f 259/259/259 257/257/257 256/256/256
f 230/230/230 253/253/253 258/258/258
f 230/230/230 258/258/258 260/260/260
f 260/260/260 258/258/258 259/259/259
f 260/260/260 259/259/259 261/261/261
f 262/262/262 263/263/263 264/264/264
f 262/262/262 264/264/264 265/265/265
f 266/266/266 261/261/261 259/259/259
f 266/266/266 259/259/259 264/264/264
f 267/267/267 266/266/266 264/264/264
f 267/267/267 264/264/264 263/263/263
f 265/265/265 264/264/264 259/259/259
f 265/265/265 259/259/259 256/256/256
f 268/268/268 269/269/269 261/261/261
f 268/268/268 261/261/261 266/266/266
f 266/266/266 267/267/267 270/270/270
f 266/266/266 270/270/270 268/268/268
f 260/260/260 271/271/271 231/231/231
f 260/260/260 231/231/231 230/230/230
f 260/260/260 261/261/261 269/269/269
f 260/260/260 269/269/269 271/271/271
f 248/248/248 247/247/247 262/262/262
f 248/248/248 262/262/262 265/265/265
f 236/236/236 248/248/248 265/265/265
f 236/236/236 265/265/265 256/256/256
f 191/191/191 217/217/217 215/215/215
f 191/191/191 215/215/215 214/214/214
f 182/182/182 180/180/180 218/218/218
f 182/182/182 218/218/218 217/217/217
f 184/184/184 182/182/182 217/217/217
f 184/184/184 217/217/217 191/191/191
f 272/272/272 166/166/166 169/169/169
f 272/272/272 169/169/169 221/221/221
f 178/178/178 167/167/167 166/166/166
f 178/178/178 166/166/166 272/272/272
f 180/180/180 178/178/178 272/272/272
f 180/180/180 272/272/272 218/218/218
f 218/218/218 272/272/272 221/221/221
f 218/218/218 221/221/221 216/216/216
f 147/147/147 168/168/168 161/161/161
f 147/147/147 161/161/161 151/151/151
f 169/169/169 168/168/168 147/147/147
f 169/169/169 147/147/147 150/150/150
o Box002_default_0
usemtl default
v 0.05419899895787239 -0.046386998146772454 0.31884801387786865
v 0.0524899996817112 -0.06481900066137321 0.34228500723838806
v 0.0642089992761612 -0.07815600186586387 0.3293460011482239
v 0.07263199985027313 -0.10464499890804298 0.3288570046424866
v 0.10253900289535522 -0.10247799754142768 0.2973630130290985
v 0.07885699719190598 -0.06970199942588813 0.3081049919128418
v 0.04882799834012985 -0.08319099992513665 0.3466799855232239
v 0.04870599880814552 -0.1034549996256829 0.3413090109825134
v 0 -0.1794430017471314 0.31005901098251337
v 0.02380399964749813 -0.19152800738811498 0.31079098582267756
v 0.026062000542879105 -0.1676030009984971 0.3344730138778686
v 0 -0.21777300536632543 0.3088380098342895
v 0.025268999859690666 -0.22058099508285528 0.30297899246215815
v 0.2369379997253418 0.3718236088752747 -0.14623999595642082
v 0.24682599306106567 0.3230589926242829 -0.1311040073633193
v 0.2506873309612274 0.37409922480583196 -0.14787986874580375
v 0.2635500133037567 0.3674319982528687 -0.14941400289535514
v 0.2771620750427246 0.3462107181549073 -0.14834666252136222
v 0.3063960075378418 0.24652099609375003 -0.1491699963808059
v 0.26623499393463135 0.24340799450874331 -0.1152340024709701
v 0.2678219974040985 0.19445799291133883 -0.09472700208425518
v 0.2235109955072403 0.3171389997005463 -0.12866200506687156
v 0.19234499335289001 0.2907710075378418 -0.1218260005116462
v 0.22802700102329254 0.2805179953575135 -0.12768599390983576
v 0.21081499755382538 0.22876000404357913 -0.11645500361919398
v 0.08886700123548508 0.07018999755382532 0.22412100434303286
v 0.06310299783945084 0.12316899746656414 0.20532199740409854
v 0.04112200066447258 0.07940699905157084 0.23022499680519107
v 0.17724600434303284 0.1125790029764175 0.16455100476741794
v 0.1389160007238388 0.08337400108575817 0.1999509930610657
v 0.18945300579071045 0.0700680017471313 0.17993199825286868
v 0.20898400247097015 -0.31982401013374334 0.14477500319480888
v 0.24121099710464478 -0.2766110002994538 0.15283200144767756
v 0.19494600594043732 -0.2618409991264344 0.19702099263668055
v 0.2663570046424866 -0.10026600211858754 0.1806640028953552
v 0.3121170103549957 -0.09169799834489825 0.13316600024700162
v 0.2868649959564209 -0.015197999775409728 0.13549800217151642
v 0.22106899321079254 0.097350999712944 0.14257800579071048
v 0.2282709926366806 0.03710899874567982 0.1657709926366806
v 0.2559199929237366 0.07806400209665296 0.12133800238370897
v 0.31116101145744324 0.17099599540233615 -0.17376199364662168
v 0.2924799919128418 0.2425539940595627 -0.18553200364112848
v 0.2598875164985657 0.36738544702529913 -0.1686101108789443
v 0.2707117795944214 0.34465605020523077 -0.17518052458763114
v 0.25504836440086365 0.3585920333862305 -0.1811935752630233
v 0 0.2531740069389343 0.008057000115513857
v 0.05627400055527687 0.2644039988517761 -0.06616199761629099
v 0 0.26757800579071045 -0.06298799812793726
v 0.3627929985523224 -0.1926880031824112 -0.03662100061774258
v 0.3711319863796234 -0.14050100743770597 -0.10398399829864505
v 0.37100300192832947 -0.1361680030822754 -0.023416999727487595
v 0.3495340049266815 -0.2118449956178665 -0.13666400313377386
v 0.3252510130405426 -0.062215000391006414 -0.2430420070886612
v 0.3575409948825836 -0.06326399743556972 -0.1721799969673157
v 0.3561049997806549 -0.11698699742555614 -0.17578099668025973
v 0.2924799919128418 0.2425539940595627 -0.18553200364112848
v 0.31116101145744324 0.17099599540233615 -0.17376199364662168
v 0.28801798820495605 0.19160899519920355 -0.20938999950885767
v 0.28756099939346313 0.12750299274921423 -0.241563007235527
v 0.24823400378227234 0.20138500630855566 -0.24349999427795405
v 0.28801798820495605 0.19160899519920355 -0.20938999950885767
v 0.17815899848937988 0.20217899978160864 -0.2735350131988525
v 0.22965699434280396 0.1563010066747666 -0.282254010438919
v 0.1423649936914444 0.27514600753784185 -0.20922900736331934
v 0.0968020036816597 0.2604979872703553 -0.1665039956569671
v 0.1510619968175888 0.31469699740409857 -0.16516099870204917
v 0.136230006814003 0.23303200304508215 -0.2463379949331283
v 0.18603500723838806 0.25256299972534185 -0.23828099668025965
v 0.17815899848937988 0.20217899978160864 -0.2735350131988525
v 0.0825200006365776 0.21191400289535528 -0.2792969942092895
v 0.0694580003619194 0.24340799450874334 -0.2229000031948089
v 0.10278300195932388 0.24291999638080602 -0.22094699740409846
v 0.09875500202178955 -0.03125000000000004 0.19116200506687164
v 0.12548799812793732 -0.026366999372839966 0.17138700187206268
v 0.10095199942588806 -0.011841000057756944 0.1936040073633194
v 0.11816400289535522 0.006546000018715815 0.1970209926366806
v 0.14208999276161194 0.005611000116914468 0.19238300621509552
v 0.15856899321079254 -0.008533000014722389 0.18725599348545074
v 0.15991200506687164 -0.029991000890731853 0.18603500723838806
v 0.15222199261188507 -0.04413200169801716 0.19116200506687164
v 0.1293330043554306 -0.04901000112295155 0.18945300579071045
v 0.10913100093603134 -0.04492200165987019 0.19238300621509552
v 0.2277829945087433 -0.3347170054912567 0.10595700144767754
v 0.2651369869709015 -0.3031010031700134 0.09960900247097008
v 0.2912600040435791 -0.3221440017223358 -0.009766000322997641
v 0.28881800174713135 -0.3120119869709015 0.03686499968171113
v 0.23901399970054626 -0.35705599188804626 0.023682000115513722
v 0.16197100281715393 -0.9846230149269104 -0.08329299837350868
v 0.14713799953460693 -0.961588978767395 -0.10852999985218069
v 0.15967899560928345 -0.9873830080032349 -0.11698800325393699
v 0.14459100365638733 -0.9622380137443542 -0.1473599970340731
v 0.3099760115146637 -0.9832969903945923 -0.09049099683761619
v 0.286639004945755 -0.9825729727745056 -0.0612509995698931
v 0.2891170084476471 -0.9945780038833618 -0.08387599885463737
v 0.15675899386405945 -0.9592859745025635 -0.07530499994754812
v 0.15905499458312988 -0.9343600273132324 -0.08470500260591528
v 0.1475449949502945 -0.940106987953186 -0.11037299782037756
v 0.2609289884567261 -0.9070010185241699 -0.06919299811124822
v 0.246506005525589 -0.8849490284919739 -0.09162399917840977
v 0.23855100572109222 -0.9054999947547913 -0.06669799983501454
v 0.1763399988412857 -0.8942890167236328 -0.11170700192451496
v 0.16625399887561798 -0.9161540269851685 -0.09889400005340597
v 0.1836629956960678 -0.9115750193595886 -0.08636700361967108
v 0.1505420058965683 -0.9258480072021484 -0.11896499991416952
v 0.14248299598693848 -0.9377179741859436 -0.1416839957237246
v 0.14555500447750092 -0.9198619723320007 -0.14379499852657338
v 0.15394799411296844 -0.9055050015449524 -0.13532599806785603
v 0.3170750141143799 -0.9090530276298523 -0.10986199975013754
v 0.3050299882888794 -0.8901569843292236 -0.11535099893808384
v 0.3049030005931854 -0.9075549840927124 -0.09284599870443365
v 0.3241020143032074 -0.49051201343536366 -0.5612559914588929
v 0.32656899094581604 -0.4601950049400328 -0.6415709853172303
v 0.3086239993572235 -0.43320900201797474 -0.6214029788970948
v 0.3073810040950775 -0.4346370100975035 -0.7296450138092042
v 0.2983579933643341 -0.32279700040817255 -0.23536199331283578
v 0.3162440061569214 -0.3302310109138488 -0.2958459854125977
v 0.2902759909629822 -0.28329899907112116 -0.3065649867057801
v 0.32721999287605286 -0.46208998560905445 -0.47464001178741466
v 0.3107610046863556 -0.416382998228073 -0.49988698959350597
v 0.3233799934387207 -0.3994249999523162 -0.43795600533485424
v 0.3610199987888336 -0.462139993906021 -0.37759900093078624
v 0.3503119945526123 -0.46770301461219776 -0.41551899909973156
v 0.3487809896469116 -0.42960599064826954 -0.39291998744010936
v 0.30924099683761597 -0.3901329934597015 -0.18543599545955666
v 0.33215200901031494 -0.4077450037002563 -0.21309700608253487
v 0.3210200071334839 -0.3707259893417358 -0.2254669964313508
v 0.3259960114955902 -0.5086680054664612 -0.16564199328422557
v 0.2950049936771393 -0.5476610064506531 -0.137806996703148
v 0.3355349898338318 -0.5619720220565796 -0.17224399745464336
v 0.24810999631881714 -0.7429590225219725 -0.44561699032783525
v 0.21508699655532837 -0.7763389945030211 -0.4280790090560915
v 0.21885700523853302 -0.7766100168228148 -0.4643900096416475
v 0.32303398847579956 -0.7495120167732238 -0.3801710009574892
v 0.3574720025062561 -0.6840890049934386 -0.374981999397278
v 0.36010798811912537 -0.7265629768371581 -0.34331500530242937
v 0.3128640055656433 -0.7984110116958617 -0.3628109991550447
v 0.2689000070095062 -0.8057979941368102 -0.37644299864769
v 0.25324898958206177 -0.8517770171165465 -0.35273599624633806
v 0.22154200077056885 -0.8312770128250121 -0.35568800568580644
v 0.250449001789093 -0.8828669786453246 -0.3331919908523562
v 0.20370499789714813 -0.8770059943199157 -0.31794801354408286
v 0.2520509958267212 -0.40327098965644836 -0.12245500087738045
v 0.20791199803352356 -0.43080300092697144 -0.0791729986667634
v 0.22009499371051788 -0.46075400710105896 -0.09958399832248697
v 0.07671000063419342 -0.8522920012474059 -0.36353299021720903
v 0.0694580003619194 -0.8749999999999999 -0.42153900861740135
v 0.12019199877977371 -0.8559290170669555 -0.42241299152374284
v 0.38877400755882263 -0.9776359796524047 -0.5146780014038088
v 0.36083099246025085 -0.9710879921913146 -0.5043920278549197
v 0.37028101086616516 -0.9880260229110717 -0.5189840197563174
v 0.3417159914970398 -0.9153289794921874 -0.5024710297584536
v 0.32791998982429504 -0.8955519795417785 -0.5296589732170107
v 0.31741398572921753 -0.9121299982070922 -0.49855399131774925
v 0.22610999643802643 -0.9400190114974974 -0.5362240076065066
v 0.22974200546741486 -0.9277920126914977 -0.5443149805068972
v 0.21679699420928955 -0.9401249885559081 -0.5695800185203554
v 0.39465299248695374 -0.911334991455078 -0.5392270088195803
v 0.37576401233673096 -0.8955619931221007 -0.5525500178337099
v 0.3818320035934448 -0.9110029935836791 -0.5230079889297488
v 0.0837400034070015 -0.4606319963932035 -1.0546879768371582
v 0.12695300579071045 -0.4318850040435789 -1.06591796875
v 0.0720210000872612 -0.4241639971733091 -1.0408940315246582
v 0.20942799746990204 -0.45465999841690036 -1.2138210535049438
v 0.19152399897575378 -0.43138501048088046 -1.1391170024871826
v 0.20240600407123566 -0.48025599122047397 -1.1805239915847778
v 0.20894600450992584 -0.4143669903278348 -1.2039790153503418
v 0.20214800536632538 -0.4569549858570096 -1.2740479707717896
v 0.19824199378490448 -0.5010960102081295 -1.2669680118560793
v 0.19021199643611908 -0.38353198766708346 -1.1266160011291504
v 0.14347200095653534 -0.4034970104694364 -1.0650930404663086
v 0.10205099731683731 -0.21508799493312808 -1.2224849462509155
v 0.15039099752902985 -0.24743700027465793 -1.1977839469909668
v 0.14830400049686432 -0.26387700438499423 -1.249940037727356
v 0.16979800164699554 -0.27689999341964694 -1.2129839658737183
v 0.12817400693893433 -0.22192400693893408 -1.1777379512786865
v 0.042236000299453735 -0.3489379882812498 -0.9262700080871583
v 0.04345700144767761 -0.3665159940719602 -0.9377750158309938
v 0.08789099752902985 -0.3260500133037565 -0.9567570090293885
v 0 -0.35156300663948037 -0.9133300185203553
v 0 -0.37269601225852944 -0.921387016773224
v 0.10302700102329254 -0.27026399970054604 -0.9887700080871583
v 0.1271969974040985 -0.31057700514793374 -1
v 0.09155300259590149 -0.356018006801605 -0.9790040254592897
v 0.1193849965929985 -0.3698120117187498 -1.0225830078125
v 0.08081100136041641 -0.39913898706436135 -1.026123046875
v 0.07543899863958359 -0.3794560134410856 -0.9965819716453553
v 0 -0.3920899927616117 -0.9931640028953553
v 0.03759799897670746 -0.3815920054912565 -0.9633790254592897
v 0 -0.38360598683357217 -0.9400330185890199
v 0.158952996134758 -0.3608100116252897 -1.0596139430999756
v 0.43092799186706543 -0.6308879852294921 -0.5745930075645448
v 0.4303539991378784 -0.6743429899215697 -0.5517470240592958
v 0.4548340141773224 -0.6864929795265197 -0.6220399737358094
v 0.4443359971046448 -0.6218569874763488 -0.6708980202674867
v 0.424345999956131 -0.5947129726409911 -0.6062610149383546
v 0.4084469974040985 -0.5552369952201842 -0.7021179795265199
v 0.41557401418685913 -0.5643560290336608 -0.6559140086174012
v 0.354559987783432 -0.5263460278511045 -0.8415319919586183
v 0.31033098697662354 -0.5257329940795896 -0.9160950183868409
v 0.3243499994277954 -0.4881750047206877 -0.8365820050239564
v 0.285180002450943 -0.44660198688507063 -0.8316760063171388
v 0.24472300708293915 -0.46101701259613015 -0.9163560271263124
v 0.24635900557041168 -0.41546800732612593 -0.8348129987716676
v 0.28759801387786865 -0.6547240018844602 -0.9851070046424867
v 0.2961429953575134 -0.7273859977722166 -0.969971001148224
v 0.21923799812793732 -0.7563170194625852 -1.0046390295028689
v 0.2135010063648224 -0.8137210011482237 -0.978271007537842
v 0.15008500218391418 -0.8256840109825132 -0.9916989803314211
v 0.21923799812793732 -0.7563170194625852 -1.0046390295028689
v 0.43945300579071045 -0.6306759715080259 -0.7533869743347169
v 0.08959999680519104 -0.7790529727935789 -1.0418699979782107
v 0.07287599891424179 -0.8396000266075132 -1.0070799589157107
v 0.3281489908695221 -0.8400189876556395 -0.5394830107688906
v 0.3815920054912567 -0.8301090002059935 -0.5625000000000002
v 0.33539900183677673 -0.8124030232429503 -0.5145980119705202
v 0.1965329945087433 -0.8945310115814208 -0.658812999725342
v 0.22985799610614777 -0.8933719992637633 -0.6030269861221316
v 0.2070309966802597 -0.8691409826278685 -0.606688976287842
v 0.3408200144767761 -0.8813480138778685 -0.5673829913139345
v 0.35780999064445496 -0.8957419991493224 -0.5367810130119326
v 0.3026120066642761 -0.8847659826278685 -0.5615230202674868
v 0.2994149923324585 -0.8938130140304564 -0.5356060266494753
v 0.4604490101337433 -0.6951900124549865 -0.6827999949455262
v 0.3937990069389343 -0.8455200195312498 -0.8326420187950136
v 0.3876950144767761 -0.8696489930152891 -0.8319090008735659
v 0.3386229872703552 -0.8673710227012632 -0.887938976287842
v 0.33469200134277344 0.08581800013780597 -0.13422900438308713
v 0.31384700536727905 0.15765200555324557 -0.13133800029754636
v 0.31269600987434387 0.13758599758148196 -0.09825000166893003
v 0.18086199462413788 0.08542899787426003 -0.3485890030860901
v 0.22777999937534332 0.07765900343656547 -0.32248398661613464
v 0.1905589997768402 0.015870999544859012 -0.36378100514411926
v 0.136230006814003 0.23303200304508215 -0.2463379949331283
v 0.06735199689865112 -0.6651610136032104 -0.08374000340700165
v 0.10751300305128098 -0.6013180017471313 -0.06054700165987028
v 0.05889900028705597 -0.6000980138778687 -0.04516600072383894
v 0.4013670086860657 -0.5570369958877561 -0.7569580078125001
v 0.1696780025959015 -0.5091279745101925 -1.3231199979782107
v 0.17114299535751343 -0.5380200147628781 -1.3050539493560793
v 0.12255900353193283 -0.2600100040435789 -1.0202640295028687
v 0.09716799855232239 -0.24194300174713113 -1.0085450410842896
v 0.20190399885177612 0.3040769994258881 -0.21264599263668055
v 0.16998299956321716 0.3095700144767762 -0.19970700144767756
v 0.21550464630126953 0.3480955064296723 -0.1906171739101409
v 0.2624779939651489 -0.8269029855728148 -0.524468004703522
v 0.2853749990463257 -0.7991909980773925 -0.49944299459457414
v 0.41992199420928955 -0.8412479758262632 -0.7628170251846316
v 0.4370119869709015 -0.8069609999656676 -0.7469019889831545
v 0.027831999585032463 -0.4263919889926908 -0.9704899787902833
v 0 -0.4649659991264341 -1.000359058380127
v 0 -0.41955599188804604 -0.9642329812049867
v 0.21606400609016418 -0.9642940163612365 -0.5728759765625002
v 0.20678700506687164 -0.9482420086860656 -0.6085209846496584
v 0.21240200102329254 -0.9225460290908812 -0.606688976287842
v 0.19848600029945374 -0.937987983226776 -0.648375988006592
v 0.3146969974040985 -0.8684689998626708 -0.5766599774360659
v 0.3542479872703552 -0.8690800070762633 -0.5986329913139345
v 0.3792079985141754 -0.8905699849128722 -0.581714987754822
v 0.26281699538230896 -0.8916019797325133 -0.572021007537842
v 0.2759920060634613 -0.895165979862213 -0.5440739989280703
v 0.238769993185997 -0.8979420065879821 -0.587646007537842
v 0.22350500524044037 -0.9178490042686461 -0.5801489949226382
v 0.2378859966993332 -0.9085649847984313 -0.5647900104522707
v 0.25692400336265564 -0.9001410007476806 -0.5525770187377932
v 0.38269200921058655 -0.8883190155029296 -0.6113169789314272
v 0.38427698612213135 -0.8738560080528258 -0.6496580243110659
v 0.21429400146007538 -0.8544920086860655 -0.9184569716453554
v 0.18164099752902985 -0.8752440214157102 -0.8791499733924868
v 0.1328130066394806 -0.8743900060653684 -0.9387210011482241
v 0.2377929985523224 -0.9243320226669309 -0.8945310115814211
v 0.23638899624347687 -0.9643549919128416 -0.8603519797325136
v 0.20336900651454926 -0.9360730051994322 -0.8698729872703554
v 0.3549309968948364 -0.9670869708061216 -0.8055390119552615
v 0.36929699778556824 -0.9695339798927305 -0.7736459970474245
v 0.34625300765037537 -0.9823639988899229 -0.7718340158462527
v 0.3400059938430786 -0.9673410058021543 -0.8229349851608279
v 0.4057619869709015 -0.9127200245857238 -0.6571660041809084
v 0.40321099758148193 -0.9092959761619567 -0.6089810132980349
v 0.41285398602485657 -0.9282720088958739 -0.6080390214920046
v 0.28880900144577026 -0.8422930240631104 -0.12906399369239827
v 0.2809720039367676 -0.8834239840507507 -0.10273899883031865
v 0.331061989068985 -0.8470339775085449 -0.17205099761486073
v 0.3189760148525238 -0.8805869817733765 -0.14187100529670735
v 0.33415600657463074 -0.8802800178527832 -0.1719440072774889
v 0.1427460014820099 -0.9016299843788147 -0.21113300323486348
v 0.14295099675655365 -0.93156898021698 -0.19279199838638325
v 0.1422169953584671 -0.9113569855690002 -0.16761699318885823
v 0.17410099506378174 -0.9588689804077148 -0.2386250048875811
v 0.16543099284172058 -0.9774889945983887 -0.19397400319576286
v 0.15130099654197693 -0.9575440287590027 -0.19391100108623527
v 0.2109380066394806 -0.9682620167732238 -0.2663570046424868
v 0.1874230057001114 -0.9781330227851868 -0.23347400128841422
v 0.3414140045642853 -0.9211999773979187 -0.20918500423431416
v 0.343299001455307 -0.8939210176467896 -0.20965099334716816
v 0.339121013879776 -0.9058709740638733 -0.17594900727272053
v 0.33007800579071045 -0.9389650225639343 -0.2390139997005465
v 0.33227500319480896 -0.9494630098342896 -0.22143599390983604
v 0.2979130148887634 -0.9597169756889342 -0.2668460011482241
v 0.31447601318359375 -0.9724349975585938 -0.2287700027227404
v 0.2843950092792511 -0.9843710064888 -0.24907200038433097
v 0.2102939933538437 -0.9860209822654724 -0.24460299313068412
v 0.2500919997692108 -0.9694820046424865 -0.2775880098342898
v 0.2483920007944107 -0.9899489879608154 -0.24963900446891807
v 0.18437300622463226 -0.9900529980659485 -0.19298799335956596
v 0.1467600017786026 -0.8831920027732849 -0.16446000337600727
v 0.34008800983428955 -0.9280400276184082 -0.17851300537586232
v 0.2863770127296448 -0.2642819881439209 0.10986299812793726
v 0.15807600319385529 -0.9826340079307556 -0.1528420001268389
v 0 -0.1584469974040986 0.33471700549125666
v 0.2752690017223358 0.03591899946331975 0.1240229979157448
v 0.1163330003619194 0.1259769946336746 0.1870120018720627
v 0.2044070065021515 0.3596189916133881 -0.16516099870204917
v 0.23577900230884552 0.37451198697090154 -0.16626000404357902
v 0.22790580987930298 0.364253580570221 -0.17939968407154075
v 0.2593989968299866 0.2858889997005463 -0.12548799812793726
v 0.31384700536727905 0.15765200555324557 -0.13133800029754636
v 0.16802500188350677 0.15375900268554696 -0.31630501151084894
v 0.3101760149002075 -0.4316599965095519 -0.5679739713668824
v 0.28929999470710754 -0.4066329896450041 -0.6548399925231935
v 0.05444300174713135 -0.30200201272964455 -0.937012016773224
v 0 -0.3881840109825132 -0.964721977710724
v 0.09912099689245224 -0.19995099306106542 -1.1662369966506958
v 0.11125099658966064 -0.24883900582790347 -1.278885006904602
v 0.16772499680519104 -0.36267098784446716 0.12206999957561485
v 0.14294399321079254 -0.32202100753784185 0.18603500723838798
v 0.33667001128196716 -0.2647710144519806 -0.05395499989390379
v -0.0524899996817112 -0.06481900066137321 0.34228500723838806
v -0.05419899895787239 -0.046386998146772454 0.31884801387786865
v -0.0642089992761612 -0.07815600186586387 0.3293460011482239
v -0.10253900289535522 -0.10247799754142768 0.2973630130290985
v -0.07263199985027313 -0.10464499890804298 0.3288570046424866
v -0.07885699719190598 -0.06970199942588813 0.3081049919128418
v -0.04882799834012985 -0.08319099992513665 0.3466799855232239
v -0.04870599880814552 -0.1034549996256829 0.3413090109825134
v -0.02380399964749813 -0.19152800738811498 0.31079098582267756
v -0.026062000542879105 -0.1676030009984971 0.3344730138778686
v -0.025268999859690666 -0.22058099508285528 0.30297899246215815
v -0.24682599306106567 0.3230589926242829 -0.1311040073633193
v -0.25092238187789917 0.37406215071678167 -0.14790791273117057
v -0.2635500133037567 0.3687401115894318 -0.14941400289535514
v -0.26623499393463135 0.24340799450874331 -0.1152340024709701
v -0.3063960075378418 0.24652099609375003 -0.1491699963808059
v -0.2678219974040985 0.19445799291133883 -0.09472700208425518
v -0.19234499335289001 0.2907710075378418 -0.1218260005116462
v -0.2235109955072403 0.3171389997005463 -0.12866200506687156
v -0.22802700102329254 0.2805179953575135 -0.12768599390983576
v -0.21081499755382538 0.22876000404357913 -0.11645500361919398
v -0.06310299783945084 0.12316899746656414 0.20532199740409854
v -0.08886700123548508 0.07018999755382532 0.22412100434303286
v -0.04112200066447258 0.07940699905157084 0.23022499680519107
v -0.1389160007238388 0.08337400108575817 0.1999509930610657
v -0.17724600434303284 0.1125790029764175 0.16455100476741794
v -0.18945300579071045 0.0700680017471313 0.17993199825286868
v -0.24121099710464478 -0.2766110002994538 0.15283200144767756
v -0.20898400247097015 -0.31982401013374334 0.14477500319480888
v -0.19494600594043732 -0.2618409991264344 0.19702099263668055
v -0.3121170103549957 -0.09169799834489825 0.13316600024700162
v -0.2663570046424866 -0.10026600211858754 0.1806640028953552
v -0.2868649959564209 -0.015197999775409728 0.13549800217151642
v -0.22106899321079254 0.097350999712944 0.14257800579071048
v -0.2282709926366806 0.03710899874567982 0.1657709926366806
v -0.2559199929237366 0.07806400209665296 0.12133800238370897
v -0.2924799919128418 0.2425539940595627 -0.18553200364112848
v -0.31116101145744324 0.17099599540233615 -0.17376199364662168
v -0.05627400055527687 0.2644039988517761 -0.06616199761629099
v 0 0.26757800579071045 -0.06298799812793726
v -0.3711319863796234 -0.14050100743770597 -0.10398399829864505
v -0.3627929985523224 -0.1926880031824112 -0.03662100061774258
v -0.37100300192832947 -0.1361680030822754 -0.023416999727487595
v -0.3495340049266815 -0.2118449956178665 -0.13666400313377386
v -0.3575409948825836 -0.06326399743556972 -0.1721799969673157
v -0.3252510130405426 -0.062215000391006414 -0.2430420070886612
v -0.3561049997806549 -0.11698699742555614 -0.17578099668025973
v -0.31116101145744324 0.17099599540233615 -0.17376199364662168
v -0.2924799919128418 0.2425539940595627 -0.18553200364112848
v -0.28801798820495605 0.19160899519920355 -0.20938999950885767
v -0.24823400378227234 0.20138500630855566 -0.24349999427795405
v -0.28756099939346313 0.12750299274921423 -0.241563007235527
v -0.28801798820495605 0.19160899519920355 -0.20938999950885767
v -0.17815899848937988 0.20217899978160864 -0.2735350131988525
v -0.22965699434280396 0.1563010066747666 -0.282254010438919
v -0.0968020036816597 0.2604979872703553 -0.1665039956569671
v -0.1423649936914444 0.27514600753784185 -0.20922900736331934
v -0.1510619968175888 0.31469699740409857 -0.16516099870204917
v -0.18603500723838806 0.25256299972534185 -0.23828099668025965
v -0.136230006814003 0.23303200304508215 -0.2463379949331283
v -0.17815899848937988 0.20217899978160864 -0.2735350131988525
v -0.0694580003619194 0.24340799450874334 -0.2229000031948089
v -0.0825200006365776 0.21191400289535528 -0.2792969942092895
v -0.10278300195932388 0.24291999638080602 -0.22094699740409846
v -0.12548799812793732 -0.026366999372839966 0.17138700187206268
v -0.09875500202178955 -0.03125000000000004 0.19116200506687164
v -0.10095199942588806 -0.011841000057756944 0.1936040073633194
v -0.11816400289535522 0.006546000018715815 0.1970209926366806
v -0.14208999276161194 0.005611000116914468 0.19238300621509552
v -0.15856899321079254 -0.008533000014722389 0.18725599348545074
v -0.15991200506687164 -0.029991000890731853 0.18603500723838806
v -0.15222199261188507 -0.04413200169801716 0.19116200506687164
v -0.1293330043554306 -0.04901000112295155 0.18945300579071045
v -0.10913100093603134 -0.04492200165987019 0.19238300621509552
v -0.2651369869709015 -0.3031010031700134 0.09960900247097008
v -0.2277829945087433 -0.3347170054912567 0.10595700144767754
v -0.28881800174713135 -0.3120119869709015 0.03686499968171113
v -0.2912600040435791 -0.3221440017223358 -0.009766000322997641
v -0.23901399970054626 -0.35705599188804626 0.023682000115513722
v -0.14713799953460693 -0.961588978767395 -0.10852999985218069
v -0.16197100281715393 -0.9846230149269104 -0.08329299837350868
v -0.15967899560928345 -0.9873830080032349 -0.11698800325393699
v -0.14459100365638733 -0.9622380137443542 -0.1473599970340731
v -0.286639004945755 -0.9825729727745056 -0.0612509995698931
v -0.3099760115146637 -0.9832969903945923 -0.09049099683761619
v -0.2891170084476471 -0.9945780038833618 -0.08387599885463737
v -0.15905499458312988 -0.9343600273132324 -0.08470500260591528
v -0.15675899386405945 -0.9592859745025635 -0.07530499994754812
v -0.1475449949502945 -0.940106987953186 -0.11037299782037756
v -0.246506005525589 -0.8849490284919739 -0.09162399917840977
v -0.2609289884567261 -0.9070010185241699 -0.06919299811124822
v -0.23855100572109222 -0.9054999947547913 -0.06669799983501454
v -0.16625399887561798 -0.9161540269851685 -0.09889400005340597
v -0.1763399988412857 -0.8942890167236328 -0.11170700192451496
v -0.1836629956960678 -0.9115750193595886 -0.08636700361967108
v -0.1505420058965683 -0.9258480072021484 -0.11896499991416952
v -0.14248299598693848 -0.9377179741859436 -0.1416839957237246
v -0.14555500447750092 -0.9198619723320007 -0.14379499852657338
v -0.15394799411296844 -0.9055050015449524 -0.13532599806785603
v -0.3050299882888794 -0.8901569843292236 -0.11535099893808384
v -0.3170750141143799 -0.9090530276298523 -0.10986199975013754
v -0.3049030005931854 -0.9075549840927124 -0.09284599870443365
v -0.32656899094581604 -0.4601950049400328 -0.6415709853172303
v -0.3241020143032074 -0.49051201343536366 -0.5612559914588929
v -0.3086239993572235 -0.43320900201797474 -0.6214029788970948
v -0.3073810040950775 -0.4346370100975035 -0.7296450138092042
v -0.3162440061569214 -0.3302310109138488 -0.2958459854125977
v -0.2983579933643341 -0.32279700040817255 -0.23536199331283578
v -0.2902759909629822 -0.28329899907112116 -0.3065649867057801
v -0.3107610046863556 -0.416382998228073 -0.49988698959350597
v -0.32721999287605286 -0.46208998560905445 -0.47464001178741466
v -0.3233799934387207 -0.3994249999523162 -0.43795600533485424
v -0.3503119945526123 -0.46770301461219776 -0.41551899909973156
v -0.3610199987888336 -0.462139993906021 -0.37759900093078624
v -0.3487809896469116 -0.42960599064826954 -0.39291998744010936
v -0.33215200901031494 -0.4077450037002563 -0.21309700608253487
v -0.30924099683761597 -0.3901329934597015 -0.18543599545955666
v -0.3210200071334839 -0.3707259893417358 -0.2254669964313508
v -0.2950049936771393 -0.5476610064506531 -0.137806996703148
v -0.3259960114955902 -0.5086680054664612 -0.16564199328422557
v -0.3355349898338318 -0.5619720220565796 -0.17224399745464336
v -0.21508699655532837 -0.7763389945030211 -0.4280790090560915
v -0.24810999631881714 -0.7429590225219725 -0.44561699032783525
v -0.21885700523853302 -0.7766100168228148 -0.4643900096416475
v -0.3574720025062561 -0.6840890049934386 -0.374981999397278
v -0.32303398847579956 -0.7495120167732238 -0.3801710009574892
v -0.36010798811912537 -0.7265629768371581 -0.34331500530242937
v -0.3128640055656433 -0.7984110116958617 -0.3628109991550447
v -0.2689000070095062 -0.8057979941368102 -0.37644299864769
v -0.25324898958206177 -0.8517770171165465 -0.35273599624633806
v -0.22154200077056885 -0.8312770128250121 -0.35568800568580644
v -0.250449001789093 -0.8828669786453246 -0.3331919908523562
v -0.20370499789714813 -0.8770059943199157 -0.31794801354408286
v -0.20791199803352356 -0.43080300092697144 -0.0791729986667634
v -0.2520509958267212 -0.40327098965644836 -0.12245500087738045
v -0.22009499371051788 -0.46075400710105896 -0.09958399832248697
v -0.0694580003619194 -0.8749999999999999 -0.42153900861740135
v -0.07671000063419342 -0.8522920012474059 -0.36353299021720903
v -0.12019199877977371 -0.8559290170669555 -0.42241299152374284
v -0.36083099246025085 -0.9710879921913146 -0.5043920278549197
v -0.38877400755882263 -0.9776359796524047 -0.5146780014038088
v -0.37028101086616516 -0.9880260229110717 -0.5189840197563174
v -0.32791998982429504 -0.8955519795417785 -0.5296589732170107
v -0.3417159914970398 -0.9153289794921874 -0.5024710297584536
v -0.31741398572921753 -0.9121299982070922 -0.49855399131774925
v -0.22974200546741486 -0.9277920126914977 -0.5443149805068972
v -0.22610999643802643 -0.9400190114974974 -0.5362240076065066
v -0.21679699420928955 -0.9401249885559081 -0.5695800185203554
v -0.37576401233673096 -0.8955619931221007 -0.5525500178337099
v -0.39465299248695374 -0.911334991455078 -0.5392270088195803
v -0.3818320035934448 -0.9110029935836791 -0.5230079889297488
v -0.12695300579071045 -0.4318850040435789 -1.06591796875
v -0.0837400034070015 -0.4606319963932035 -1.0546879768371582
v -0.0720210000872612 -0.4241639971733091 -1.0408940315246582
v -0.19152399897575378 -0.43138501048088046 -1.1391170024871826
v -0.20942799746990204 -0.45465999841690036 -1.2138210535049438
v -0.20240600407123566 -0.48025599122047397 -1.1805239915847778
v -0.20894600450992584 -0.4143669903278348 -1.2039790153503418
v -0.20214800536632538 -0.4569549858570096 -1.2740479707717896
v -0.19824199378490448 -0.5010960102081295 -1.2669680118560793
v -0.14347200095653534 -0.4034970104694364 -1.0650930404663086
v -0.19021199643611908 -0.38353198766708346 -1.1266160011291504
v -0.15039099752902985 -0.24743700027465793 -1.1977839469909668
v -0.10205099731683731 -0.21508799493312808 -1.2224849462509155
v -0.14830400049686432 -0.26387700438499423 -1.249940037727356
v -0.16979800164699554 -0.27689999341964694 -1.2129839658737183
v -0.12817400693893433 -0.22192400693893408 -1.1777379512786865
v -0.04345700144767761 -0.3665159940719602 -0.9377750158309938
v -0.042236000299453735 -0.3489379882812498 -0.9262700080871583
v -0.08789099752902985 -0.3260500133037565 -0.9567570090293885
v -0.10302700102329254 -0.27026399970054604 -0.9887700080871583
v -0.1271969974040985 -0.31057700514793374 -1
v -0.09155300259590149 -0.356018006801605 -0.9790040254592897
v -0.08081100136041641 -0.39913898706436135 -1.026123046875
v -0.1193849965929985 -0.3698120117187498 -1.0225830078125
v -0.07543899863958359 -0.3794560134410856 -0.9965819716453553
v -0.03759799897670746 -0.3815920054912565 -0.9633790254592897
v -0.158952996134758 -0.3608100116252897 -1.0596139430999756
v -0.4303539991378784 -0.6743429899215697 -0.5517470240592958
v -0.43092799186706543 -0.6308879852294921 -0.5745930075645448
v -0.4548340141773224 -0.6864929795265197 -0.6220399737358094
v -0.424345999956131 -0.5947129726409911 -0.6062610149383546
v -0.4443359971046448 -0.6218569874763488 -0.6708980202674867
v -0.4084469974040985 -0.5552369952201842 -0.7021179795265199
v -0.41557401418685913 -0.5643560290336608 -0.6559140086174012
v -0.31033098697662354 -0.5257329940795896 -0.9160950183868409
v -0.354559987783432 -0.5263460278511045 -0.8415319919586183
v -0.3243499994277954 -0.4881750047206877 -0.8365820050239564
v -0.24472300708293915 -0.46101701259613015 -0.9163560271263124
v -0.285180002450943 -0.44660198688507063 -0.8316760063171388
v -0.24635900557041168 -0.41546800732612593 -0.8348129987716676
v -0.2961429953575134 -0.7273859977722166 -0.969971001148224
v -0.28759801387786865 -0.6547240018844602 -0.9851070046424867
v -0.21923799812793732 -0.7563170194625852 -1.0046390295028689
v -0.15008500218391418 -0.8256840109825132 -0.9916989803314211
v -0.2135010063648224 -0.8137210011482237 -0.978271007537842
v -0.21923799812793732 -0.7563170194625852 -1.0046390295028689
v -0.43945300579071045 -0.6306759715080259 -0.7533869743347169
v -0.08959999680519104 -0.7790529727935789 -1.0418699979782107
v -0.07287599891424179 -0.8396000266075132 -1.0070799589157107
v -0.3815920054912567 -0.8301090002059935 -0.5625000000000002
v -0.3281489908695221 -0.8400189876556395 -0.5394830107688906
v -0.33539900183677673 -0.8124030232429503 -0.5145980119705202
v -0.22985799610614777 -0.8933719992637633 -0.6030269861221316
v -0.1965329945087433 -0.8945310115814208 -0.658812999725342
v -0.2070309966802597 -0.8691409826278685 -0.606688976287842
v -0.3408200144767761 -0.8813480138778685 -0.5673829913139345
v -0.35780999064445496 -0.8957419991493224 -0.5367810130119326
v -0.2994149923324585 -0.8938130140304564 -0.5356060266494753
v -0.3026120066642761 -0.8847659826278685 -0.5615230202674868
v -0.4604490101337433 -0.6951900124549865 -0.6827999949455262
v -0.3876950144767761 -0.8696489930152891 -0.8319090008735659
v -0.3937990069389343 -0.8455200195312498 -0.8326420187950136
v -0.3386229872703552 -0.8673710227012632 -0.887938976287842
v -0.31384700536727905 0.15765200555324557 -0.13133800029754636
v -0.33469200134277344 0.08581800013780597 -0.13422900438308713
v -0.31269600987434387 0.13758599758148196 -0.09825000166893003
v -0.24121099710464478 0.34643599390983587 -0.19116200506687156
v -0.25892502069473267 0.3600155115127564 -0.1773846894502639
v -0.24156269431114197 0.3635921776294709 -0.18022119998931876
v -0.22777999937534332 0.07765900343656547 -0.32248398661613464
v -0.18086199462413788 0.08542899787426003 -0.3485890030860901
v -0.1905589997768402 0.015870999544859012 -0.36378100514411926
v -0.136230006814003 0.23303200304508215 -0.2463379949331283
v -0.10751300305128098 -0.6013180017471313 -0.06054700165987028
v -0.06735199689865112 -0.6651610136032104 -0.08374000340700165
v -0.05889900028705597 -0.6000980138778687 -0.04516600072383894
v -0.4013670086860657 -0.5570369958877561 -0.7569580078125001
v -0.1696780025959015 -0.5091279745101925 -1.3231199979782107
v -0.17114299535751343 -0.5380200147628781 -1.3050539493560793
v -0.12255900353193283 -0.2600100040435789 -1.0202640295028687
v -0.09716799855232239 -0.24194300174713113 -1.0085450410842896
v -0.16998299956321716 0.3095700144767762 -0.19970700144767756
v -0.20190399885177612 0.3040769994258881 -0.21264599263668055
v -0.21301299333572388 0.3448489904403687 -0.19287100434303275
v -0.2624779939651489 -0.8269029855728148 -0.524468004703522
v -0.2853749990463257 -0.7991909980773925 -0.49944299459457414
v -0.41992199420928955 -0.8412479758262632 -0.7628170251846316
v -0.4370119869709015 -0.8069609999656676 -0.7469019889831545
v -0.027831999585032463 -0.4263919889926908 -0.9704899787902833
v -0.21606400609016418 -0.9642940163612365 -0.5728759765625002
v -0.20678700506687164 -0.9482420086860656 -0.6085209846496584
v -0.19848600029945374 -0.937987983226776 -0.648375988006592
v -0.21240200102329254 -0.9225460290908812 -0.606688976287842
v -0.3146969974040985 -0.8684689998626708 -0.5766599774360659
v -0.3542479872703552 -0.8690800070762633 -0.5986329913139345
v -0.3792079985141754 -0.8905699849128722 -0.581714987754822
v -0.2759920060634613 -0.895165979862213 -0.5440739989280703
v -0.26281699538230896 -0.8916019797325133 -0.572021007537842
v -0.22350500524044037 -0.9178490042686461 -0.5801489949226382
v -0.238769993185997 -0.8979420065879821 -0.587646007537842
v -0.2378859966993332 -0.9085649847984313 -0.5647900104522707
v -0.25692400336265564 -0.9001410007476806 -0.5525770187377932
v -0.38269200921058655 -0.8883190155029296 -0.6113169789314272
v -0.38427698612213135 -0.8738560080528258 -0.6496580243110659
v -0.18164099752902985 -0.8752440214157102 -0.8791499733924868
v -0.21429400146007538 -0.8544920086860655 -0.9184569716453554
v -0.1328130066394806 -0.8743900060653684 -0.9387210011482241
v -0.23638899624347687 -0.9643549919128416 -0.8603519797325136
v -0.2377929985523224 -0.9243320226669309 -0.8945310115814211
v -0.20336900651454926 -0.9360730051994322 -0.8698729872703554
v -0.36929699778556824 -0.9695339798927305 -0.7736459970474245
v -0.3549309968948364 -0.9670869708061216 -0.8055390119552615
v -0.34625300765037537 -0.9823639988899229 -0.7718340158462527
v -0.3400059938430786 -0.9673410058021543 -0.8229349851608279
v -0.40321099758148193 -0.9092959761619567 -0.6089810132980349
v -0.4057619869709015 -0.9127200245857238 -0.6571660041809084
v -0.41285398602485657 -0.9282720088958739 -0.6080390214920046
v -0.28880900144577026 -0.8422930240631104 -0.12906399369239827
v -0.2809720039367676 -0.8834239840507507 -0.10273899883031865
v -0.3189760148525238 -0.8805869817733765 -0.14187100529670735
v -0.331061989068985 -0.8470339775085449 -0.17205099761486073
v -0.33415600657463074 -0.8802800178527832 -0.1719440072774889
v -0.14295099675655365 -0.93156898021698 -0.19279199838638325
v -0.1427460014820099 -0.9016299843788147 -0.21113300323486348
v -0.1422169953584671 -0.9113569855690002 -0.16761699318885823
v -0.16543099284172058 -0.9774889945983887 -0.19397400319576286
v -0.17410099506378174 -0.9588689804077148 -0.2386250048875811
v -0.15130099654197693 -0.9575440287590027 -0.19391100108623527
v -0.2109380066394806 -0.9682620167732238 -0.2663570046424868
v -0.1874230057001114 -0.9781330227851868 -0.23347400128841422
v -0.343299001455307 -0.8939210176467896 -0.20965099334716816
v -0.3414140045642853 -0.9211999773979187 -0.20918500423431416
v -0.339121013879776 -0.9058709740638733 -0.17594900727272053
v -0.33007800579071045 -0.9389650225639343 -0.2390139997005465
v -0.33227500319480896 -0.9494630098342896 -0.22143599390983604
v -0.31447601318359375 -0.9724349975585938 -0.2287700027227404
v -0.2979130148887634 -0.9597169756889342 -0.2668460011482241
v -0.2843950092792511 -0.9843710064888 -0.24907200038433097
v -0.2102939933538437 -0.9860209822654724 -0.24460299313068412
v -0.2500919997692108 -0.9694820046424865 -0.2775880098342898
v -0.2483920007944107 -0.9899489879608154 -0.24963900446891807
v -0.18437300622463226 -0.9900529980659485 -0.19298799335956596
v -0.1467600017786026 -0.8831920027732849 -0.16446000337600727
v -0.34008800983428955 -0.9280400276184082 -0.17851300537586232
v -0.2863770127296448 -0.2642819881439209 0.10986299812793726
v -0.15807600319385529 -0.9826340079307556 -0.1528420001268389
v -0.2752690017223358 0.03591899946331975 0.1240229979157448
v -0.1163330003619194 0.1259769946336746 0.1870120018720627
v -0.2044070065021515 0.3596189916133881 -0.16516099870204917
v -0.22809165716171265 0.36396569013595587 -0.17924344539642326
v -0.2593989968299866 0.2858889997005463 -0.12548799812793726
v -0.31384700536727905 0.15765200555324557 -0.13133800029754636
v -0.16802500188350677 0.15375900268554696 -0.31630501151084894
v -0.3101760149002075 -0.4316599965095519 -0.5679739713668824
v -0.28929999470710754 -0.4066329896450041 -0.6548399925231935
v -0.05444300174713135 -0.30200201272964455 -0.937012016773224
v -0.09912099689245224 -0.19995099306106542 -1.1662369966506958
v -0.11125099658966064 -0.24883900582790347 -1.278885006904602
v -0.16772499680519104 -0.36267098784446716 0.12206999957561485
v -0.14294399321079254 -0.32202100753784185 0.18603500723838798
v -0.33667001128196716 -0.2647710144519806 -0.05395499989390379
v -0.2779480814933777 0.3459312319755555 -0.14836120605468742
v -0.2726725935935974 0.3452498018741608 -0.17493946850299827
v -0.2369379997253418 0.3720469474792481 -0.14623999595642082
v -0.2624509930610657 0.36820527911186224 -0.1673283725976943
v -0.2496682107448578 0.37498694658279424 -0.1650466173887252
v -0.23577900230884552 0.37371164560318 -0.16256737709045402
v 0.24588781595230103 0.34615382552146917 -0.1886284351348876
v 0.2399749457836151 0.3637873828411103 -0.18193188309669486
v 0.07543899863958359 -0.008910999633371885 0.2504880130290985
v 0.09838899970054626 -0.0301820002496243 0.21801799535751343
v 0.09863299876451492 -0.006072999909520196 0.2126459926366806
v 0.08447299897670746 0.01843300089240069 0.23583999276161194
v 0.11749300360679626 0.016326999291777566 0.20678700506687164
v 0.1068120002746582 0.04513499885797496 0.22021499276161194
v 0.14461499452590942 0.014282000251114325 0.1970209926366806
v 0.14553099870681763 0.04594400152564044 0.20507800579071045
v 0.16601599752902985 -0.0035399999469519082 0.18994100391864777
v 0.17468300461769104 0.03588899970054622 0.1953130066394806
v 0.20324699580669403 -0.006287000142037909 0.1853030025959015
v 0.1670909970998764 -0.03291299939155583 0.18945300579071045
v 0.19824199378490448 -0.037230998277664226 0.1909179985523224
v 0.18219800293445587 -0.06481900066137318 0.2062990069389343
v 0.15940900146961212 -0.04899600148200993 0.1958010047674179
v 0.14856000244617462 -0.07318100333213812 0.22729499638080594
v 0.13049300014972687 -0.0562129989266396 0.20214800536632538
v 0.11303699761629105 -0.048691000789403964 0.21850599348545074
v 0.1102290004491806 -0.06597899645566946 0.2531740069389343
v 0.09179700165987015 -0.04460100084543234 0.2578130066394806
v 0.0742190033197403 -0.030410999432206213 0.2687990069389343
v 0.2027589976787567 0.0229490008205175 0.18432599306106567
v 0.05761700123548508 0.03210400044918055 0.2438959926366806
v 0.238769993185997 -0.01086399983614687 0.17041000723838806
v 0.22900399565696716 -0.05604600161314015 0.19043000042438507
v 0.2000730037689209 -0.08815000206232075 0.21386699378490445
v 0.1571040004491806 -0.09692399948835378 0.23730500042438504
v 0.11267100274562836 -0.08880600333213812 0.2685549855232239
v 0.08642599731683731 -0.05847200006246573 0.2851560115814209
v 0.05322299897670746 -0.0288089998066426 0.29223600029945374
v 0.04719499871134758 -5.816747302362691e-17 0.26196300983428955
v 0.02365100011229515 -0.00042699999175971803 0.27099600434303284
v 0.024337999522686005 -0.023192999884486268 0.30712899565696716
v 0.031227000057697296 0.033447001129388754 0.24853500723838806
v 0 0.029418999329209272 0.25024399161338806
v 0 -0.00036599999293691015 0.27270498871803284
v 0 -0.018187999725341866 0.3059079945087433
v 0 -0.02844199910759933 0.3308109939098358
v 0.027710000053048134 -0.034667998552322464 0.3308109939098358
v 0 -0.046875000000000076 0.35400399565696716
v 0.03112800046801567 -0.05078100040555008 0.34912100434303284
v 0 -0.0816650018095971 0.3642579913139343
v 0.02807600051164627 -0.07986500114202508 0.35961899161338806
v 0 -0.11175499856472024 0.35522499680519104
v 0.02905300073325634 -0.1098939999938012 0.3471679985523224
v 0.023314999416470528 -0.13644400238990792 0.34423801302909846
v 0 -0.13433800637722024 0.343993991613388
v 0.051513999700546265 -0.13485699892044076 0.3405759930610656
v 0.07959000021219254 -0.13256800174713143 0.32861301302909846
v 0.10644499957561493 -0.13244600594043737 0.2993159890174865
v 0.12793000042438507 -0.12753300368785864 0.26831099390983576
v 0.054687999188899994 -0.17041000723838814 0.33154299855232233
v 0.07665999978780746 -0.168944999575615 0.32080098986625666
v 0.16568000614643097 -0.12466400116682058 0.23998999595642087
v 0.216949000954628 -0.11718799918890004 0.2141110002994537
v 0.10620100051164627 -0.16451300680637365 0.292724996805191
v 0.12902800738811493 -0.1617050021886826 0.26611301302909846
v 0.1692499965429306 -0.16085800528526312 0.2397460043430328
v 0.048461999744176865 -0.19360400736331945 0.30297899246215815
v 0.07232700288295746 -0.188964992761612 0.29516598582267756
v 0.04980500042438507 -0.21875000000000006 0.2905269861221313
v 0.07128900289535522 -0.21106000244617468 0.27563500404357905
v 0.09423799812793732 -0.18920899927616125 0.27685499191284174
v 0.0877079963684082 -0.21923799812793737 0.2619630098342895
v 0.12524400651454926 -0.19122299551963812 0.25830098986625666
v 0.16610699892044067 -0.1993709951639176 0.23608399927616114
v 0.11560100317001343 -0.2314759939908982 0.24658200144767756
v 0.15685999393463135 -0.24948099255561834 0.2250979989767074
v 0 -0.2528080046176911 0.2653810083866119
v 0.030288999900221825 -0.2480469942092896 0.264160007238388
v 0.060913000255823135 -0.24032600224018102 0.259766012430191
v 0.2209469974040985 -0.15811200439929968 0.21313500404357907
v 0.21606400609016418 -0.20517000555992132 0.20703099668025965
v 0 0.08422899991273874 0.22973600029945376
v 0.16438299417495728 0.2551270127296448 -0.09277299791574473
v 0.15960299968719482 0.3178710043430329 -0.13818399608135215
v 0.10693400353193283 0.2680659890174866 -0.11300700157880778
v 0.21130800247192383 0.35412600636482244 -0.1396480053663253
v 0.28979501128196716 0.31191998720169073 -0.1469729989767074
v 0 -0.2818599939346314 0.24047900736331934
v 0.04345700144767761 -0.28030401468276983 0.23950199782848353
v 0.08606000244617462 -0.2597959935665131 0.24340799450874323
v 0 -0.32507300376892095 0.21240200102329246
v 0.05981399863958359 -0.3140870034694672 0.2165530025959014
v 0.11190800368785858 -0.28894001245498663 0.22265599668025965
v 0.07861299812793732 -0.3518069982528687 0.179198995232582
v 0 -0.35766598582267767 0.1809079945087432
v 0.27270498871803284 -0.15496799349784854 0.17773400247097013
v 0.2657780051231384 -0.21176099777221682 0.16870099306106562
v 0.085207998752594 -0.38211598992347723 0.12997800111770622
v 0 -0.3891600072383881 0.13256800174713126
v 0 0.13415500521659846 0.2043460011482239
v 0.31703999638557434 -0.14991800487041476 0.12652599811553952
v 0.3076559901237488 -0.20893700420856479 0.11843200027942653
v 0.3476020097732544 -0.07740700244903566 0.062417000532150255
v 0.33210599422454834 -0.011672999709844605 0.06697800010442734
v 0.3507409989833832 -0.1421249955892563 0.05646700039505955
v 0.34012600779533386 -0.2039410024881363 0.04936200007796283
v 0.32006800174713135 -0.26196300983428955 0.039551001042127554
v 0.31279098987579346 0.04275399819016455 0.0662750005722046
v 0.2857300043106079 0.0914189964532852 0.06992399692535402
v 0.23988699913024902 0.13087500631809232 0.09229700267314914
v 0.18243399262428284 0.15588399767875669 0.11767599731683734
v 0.11480700224637985 0.17102099955081937 0.14086900651454928
v 0.06005899980664253 0.17431600391864774 0.15820300579071048
v 0 0.17321799695491788 0.16796900331974032
v 0.061034999787807465 0.21569800376892087 0.08984400331974034
v 0 0.2219240069389343 0.0895999968051911
v 0.10974100232124329 0.21093800663948056 0.07250999659299855
v 0.1749269962310791 0.1940920054912567 0.0588379986584187
v 0.25708600878715515 0.15738600492477417 0.023939000442624127
v 0.30308398604393005 0.10752099752426147 0.008272999897599245
v 0.3339419960975647 0.054763998836278915 -0.00027399999089537837
v 0.3567050099372864 -0.005278999917209147 -0.007414999883621932
v 0.3693920075893402 -0.07140500098466873 -0.015424000099301354
v 0 -0.40649399161338806 0.08056599646806707
v 0 -0.4157710075378418 0.02661100029945364
v 0.06665000319480896 -0.4113770127296448 0.027588000521063714
v 0.08056599646806717 -0.40087899565696716 0.08178699761629096
v 0.0668950006365776 -0.4350590109825134 -0.00048799999058256273
v 0 -0.44555699825286865 0.0014649999793617929
v 0.16438299417495728 0.2551270127296448 -0.09277299791574473
v 0.10693400353193283 0.2680659890174866 -0.11300700157880778
v 0.10400400310754776 0.2590329945087433 -0.07495100051164622
v 0.15515099465847015 0.24365200102329254 -0.055176001042127554
v 0.20593300461769104 0.22168000042438507 -0.06152300164103503
v 0.21081499755382538 0.22876000404357913 -0.11645500361919398
v 0.2678219974040985 0.19445799291133883 -0.09472700208425518
v 0.26643699407577515 0.18366299569606784 -0.07380300015211101
v 0.2800289988517761 0.30761700868606573 -0.18066400289535517
v 0.2598875164985657 0.36738544702529913 -0.1686101108789443
v 0.2707117795944214 0.34465605020523077 -0.17518052458763114
v 0.24898478388786316 0.37574192881584173 -0.16645702719688407
v 0.2800289988517761 0.30761700868606573 -0.18066400289535517
v 0.2551270127296448 0.24829100072383886 -0.2167969942092895
v 0.2504880130290985 0.3071289956569672 -0.20214800536632532
v 0.20031699538230896 0.20947299897670746 -0.011230000294744922
v 0.26493701338768005 0.17316000163555145 -0.03358099982142444
v 0.30982398986816406 0.12227299809455873 -0.0500879995524883
v 0.12359599769115448 0.23120099306106567 0.004639000166207603
v 0.06732200086116791 0.25 -0.009033000096678678
v 0.06445299834012985 0.2661130130290985 -0.11566200107336039
v 0 0.27099600434303284 -0.11547899991273874
v 0 0.26733401417732244 -0.16674800217151636
v 0.06616199761629105 0.25952100753784185 -0.17031900584697718
v 0.0968020036816597 0.2604979872703553 -0.1665039956569671
v 0.34016600251197815 0.06988900154829027 -0.06673800200223921
v 0.36378198862075806 0.003758999984711427 -0.08185400068759918
v 0.37389299273490906 -0.0681279972195625 -0.09460800141096117
v 0.3519189953804016 0.01446899957954887 -0.1552249938249588
v 0.3193550109863281 0.10398200154304509 -0.19528999924659726
v 0.31116101145744324 0.17099599540233615 -0.17376199364662168
v 0.32530099153518677 0.02213899977505212 -0.22412799298763275
v 0.2033890038728714 -0.3943740129470825 -0.0479150004684926
v 0.2152090072631836 -0.3744730055332184 -0.016927000135183418
v 0.14550800621509552 -0.39599600434303284 0.011474999599158675
v 0.13793900609016418 -0.4189450144767761 -0.0158690009266139
v 0.2527430057525635 -0.3629760146141052 -0.09439899772405633
v 0.2721579968929291 -0.3427079916000366 -0.06087100133299835
v 0.27972298860549927 -0.322715014219284 -0.1522189974784852
v 0.30737900733947754 -0.2985140085220337 -0.12192499637603767
v 0.28604599833488464 -0.2814249992370605 -0.20731399953365331
v 0.315775990486145 -0.25402298569679255 -0.1821700036525727
v 0.3032810091972351 -0.20645600557327265 -0.24264100193977362
v 0.27261999249458313 -0.24066700041294092 -0.26403498649597174
v 0.24231700599193573 -0.20016999542713157 -0.31750199198722845
v 0.26944199204444885 -0.16303400695323939 -0.30154201388359075
v 0.3354479968547821 -0.1686719954013824 -0.20769700407981875
v 0.2993069887161255 -0.11922399699687952 -0.279231995344162
v 0.22226400673389435 -0.12795700132846824 -0.34999498724937445
v 0.20327599346637726 -0.1654150038957595 -0.3624950051307679
v 0 -0.09301800280809393 -0.42382800579071045
v 0.08313000202178955 -0.09570299834012976 -0.4157710075378418
v 0.0742190033197403 -0.12890599668025962 -0.42236301302909857
v 0 -0.12805199623107902 -0.4294430017471314
v 0.2452079951763153 -0.08039999753236764 -0.337660014629364
v 0.08459500223398209 -0.04272500053048125 -0.4128420054912567
v 0 -0.04028299823403349 -0.4223630130290985
v 0.26756200194358826 -0.019133999943733146 -0.3129099905490875
v 0.24823400378227234 0.20138500630855566 -0.24349999427795405
v 0.283282995223999 0.05127900093793875 -0.2777920067310333
v 0.17230699956417084 -0.053392998874187386 -0.3818579912185669
v 0.16215600073337555 -0.10474500060081474 -0.3878050148487091
v 0.1506509929895401 -0.13816399872303 -0.39572000503540045
v 0.09326200187206268 0.012268000282347293 -0.4028320014476776
v 0 0.015746999531984423 -0.4152829945087433
v 0 0.09375000000000008 -0.3881840109825134
v 0.0998539999127388 0.08782999962568291 -0.3771969974040985
v 0.0954589992761612 0.15637199580669411 -0.3366700112819671
v 0 0.1636960059404374 -0.34155300259590143
v 0 0.21728500723838812 -0.28173801302909846
v 0 0.25000000000000006 -0.2250979989767074
v 0.24898478388786316 0.37574192881584173 -0.16645702719688407
v 0.10278300195932388 0.24291999638080602 -0.22094699740409846
v 0.16552700102329254 -0.3837890028953552 0.060547001659870064
v 0.20756900310516357 -0.95557701587677 -0.04399799928069136
v 0.2083120048046112 -0.9836450219154358 -0.05615400150418303
v 0.23656700551509857 -0.9840610027313232 -0.047045998275280214
v 0.23683300614356995 -0.9585850238800049 -0.03568499907851241
v 0.26357901096343994 -0.9815099835395813 -0.055975999683141923
v 0.26901599764823914 -0.9521690011024475 -0.04282499849796316
v 0.296299010515213 -0.9514480233192444 -0.05059099942445776
v 0.31781700253486633 -0.9479910135269165 -0.07272300124168417
v 0.179966002702713 -0.9580850005149841 -0.055502001196146226
v 0.1838189959526062 -0.9862210154533386 -0.06663200259208701
v 0.3183610141277313 -0.97843998670578 -0.1099129989743235
v 0.3297959864139557 -0.9468500018119812 -0.10381300002336523
v 0.24038900434970856 -1.000072956085205 -0.07884000241756461
v 0.2644039988517761 -0.9941369891166687 -0.08733200281858466
v 0.21415899693965912 -0.9955220222473145 -0.08382900059223197
v 0.18489700555801392 -0.9999290108680725 -0.09619399905204795
v 0.18034400045871735 -0.9299169778823853 -0.06706400215625784
v 0.20849500596523285 -0.9270430207252502 -0.05356499925255796
v 0.23683400452136993 -0.9263160228729248 -0.044789999723434656
v 0.2637780010700226 -0.927532970905304 -0.049972999840975016
v 0.2946789860725403 -0.9233850240707397 -0.06024400144815466
v 0.31216299533843994 -0.9257339835166931 -0.07757499814033529
v 0.32509198784828186 -0.9264670014381409 -0.10432299971580526
v 0.28523099422454834 -0.9060289859771729 -0.07739999890327473
v 0.21096299588680267 -0.9070789813995361 -0.07443100214004537
v 0.3338629901409149 -0.9267740249633789 -0.13746100664138813
v 0.3270309865474701 -0.904600977897644 -0.13606299459934254
v 0.3337399959564209 -0.9490969777107239 -0.13861100375652335
v 0.31387999653816223 -0.9838290214538574 -0.13797999918460868
v 0.3364259898662567 -0.9516909718513489 -0.17839099466800712
v 0.32295501232147217 -0.9784629940986633 -0.17791399359703086
v 0.20949600636959076 -0.8829349875450134 -0.0998999997973444
v 0.15967899560928345 -0.9873830080032349 -0.11698800325393699
v 0.15807600319385529 -0.9826340079307556 -0.1528420001268389
v 0.18336600065231323 -0.9931449890136719 -0.14181600511074088
v 0.18489700555801392 -0.9999290108680725 -0.09619399905204795
v 0.21556900441646576 -0.9971910119056702 -0.13537199795246146
v 0.21415899693965912 -0.9955220222473145 -0.08382900059223197
v 0.2424820065498352 -0.9991210103034973 -0.12966300547122978
v 0.24038900434970856 -1.000072956085205 -0.07884000241756461
v 0.2644039988517761 -0.9941369891166687 -0.08733200281858466
v 0.2807689905166626 -0.9937260150909424 -0.12806500494480155
v 0.3241020143032074 -0.49051201343536366 -0.5612559914588929
v 0.322284996509552 -0.5503169894218444 -0.519436001777649
v 0.3648039996623993 -0.5576509833335875 -0.5419880151748658
v 0.3615260124206543 -0.5172700285911559 -0.5936290025711061
v 0.3136259913444519 -0.5981429815292357 -0.49560999870300304
v 0.300025999546051 -0.6498900055885314 -0.47948300838470476
v 0.3539629876613617 -0.6511440277099608 -0.4766440093517305
v 0.3640100061893463 -0.6003389954566954 -0.5031970143318177
v 0.3340950012207031 -0.7059080004692077 -0.4703570008277895
v 0.28186100721359253 -0.7009649872779845 -0.4741280078887941
v 0.32656899094581604 -0.4601950049400328 -0.6415709853172303
v 0.3537850081920624 -0.48750299215316756 -0.6556869745254518
v 0.3073810040950775 -0.4346370100975035 -0.7296450138092042
v 0.3420409858226776 -0.47537198662757857 -0.7448729872703553
v 0.28434500098228455 -0.38899800181388844 -0.5890730023384095
v 0.2830039858818054 -0.36913299560546864 -0.5225989818572999
v 0.4009290039539337 -0.6115559935569762 -0.5282570123672486
v 0.39917001128196716 -0.5719820261001586 -0.5714640021324159
v 0.39552199840545654 -0.6587190032005309 -0.502771019935608
v 0.38058099150657654 -0.7134199738502501 -0.49115699529647844
v 0.2608889937400818 -0.7441149950027465 -0.4813379943370821
v 0.30956798791885376 -0.7612779736518859 -0.4793150126934053
v 0.3591189980506897 -0.7705870270729064 -0.49709799885749834
v 0.3928459882736206 -0.5383070111274718 -0.6223790049552919
v 0.38098400831222534 -0.5158960223197936 -0.6829540133476258
v 0.32175499200820923 -0.5866680145263671 -0.45876100659370433
v 0.3136259913444519 -0.5981429815292357 -0.49560999870300304
v 0.322284996509552 -0.5503169894218444 -0.519436001777649
v 0.33107998967170715 -0.5313400030136107 -0.4672209918498994
v 0.3533959984779358 -0.5234479904174804 -0.42155399918556224
v 0.3459889888763428 -0.582852005958557 -0.42331799864768993
v 0.23856499791145325 -0.7775200009346007 -0.4998039901256563
v 0.3064369857311249 -0.6393219828605651 -0.4509260058403017
v 0.300025999546051 -0.6498900055885314 -0.47948300838470476
v 0.33141499757766724 -0.6337789893150328 -0.4212819933891298
v 0.2841640114784241 -0.6918230056762694 -0.44786798954010026
v 0.28186100721359253 -0.7009649872779845 -0.4741280078887941
v 0.31162700057029724 -0.6834459900856017 -0.41673400998115556
v 0.2608889937400818 -0.7441149950027465 -0.4813379943370821
v 0.27619099617004395 -0.7347779870033263 -0.4085229933261873
v 0.37036100029945374 -0.5105590224266051 -0.7497559785842897
v 0.416577011346817 -0.7269110083580016 -0.5321189761161805
v 0.4001460075378418 -0.7846069931983947 -0.5395510196685793
v 0.23489700257778168 -0.776890993118286 -0.3928819894790651
v 0.19482900202274323 -0.8034980297088622 -0.3681879937648775
v 0.17015600204467773 -0.8165760040283202 -0.40945100784301774
v 0.13044500350952148 -0.8254839777946471 -0.3522039949893953
v 0.16300900280475616 -0.814745008945465 -0.33295500278472917
v 0.1390790045261383 -0.8100150227546691 -0.2930670082569124
v 0.10549300163984299 -0.8148970007896422 -0.29894998669624345
v 0.1259869933128357 -0.7833729982376099 -0.2429540008306505
v 0.08750200271606445 -0.7944340109825134 -0.2487789988517763
v 0.08758000284433365 -0.7606940269470215 -0.19339500367641466
v 0.12272399663925171 -0.7515559792518616 -0.20181199908256547
v 0.13951100409030914 -0.7320529818534851 -0.1688600033521654
v 0.09713699668645859 -0.7250980138778687 -0.14868199825286882
v 0.15747100114822388 -0.6950680017471313 -0.13793900609016435
v 0.11830899864435196 -0.6833500266075134 -0.11767599731683746
v 0.17830699682235718 -0.6458050012588501 -0.11897099763154997
v 0.1428219974040985 -0.6323239803314209 -0.09375000000000014
v 0.20861700177192688 -0.587369978427887 -0.11039700359106076
v 0.1636440008878708 -0.5697770118713379 -0.07986299693584455
v 0.1870020031929016 -0.511771023273468 -0.08265399932861339
v 0.23851999640464783 -0.5346410274505615 -0.11404900252819074
v 0.2694149911403656 -0.4837630093097686 -0.12673899531364452
v 0.29362401366233826 -0.432354986667633 -0.14903800189495095
v 0.28060299158096313 -0.3574540019035339 -0.1720609962940217
v 0.30924099683761597 -0.3901329934597015 -0.18543599545955666
v 0.27972298860549927 -0.322715014219284 -0.1522189974784852
v 0.2527430057525635 -0.3629760146141052 -0.09439899772405633
v 0.3210200071334839 -0.3707259893417358 -0.2254669964313508
v 0.28604599833488464 -0.2814249992370605 -0.20731399953365331
v 0.24231700599193573 -0.20016999542713157 -0.31750199198722845
v 0.27261999249458313 -0.24066700041294092 -0.26403498649597174
v 0.24967800080776215 -0.23408299684524528 -0.36218500137329107
v 0.20327599346637726 -0.1654150038957595 -0.3624950051307679
v 0.19970999658107758 -0.2005629986524581 -0.40031701326370245
v 0.1506509929895401 -0.13816399872303 -0.39572000503540045
v 0.1410219967365265 -0.17705500125885001 -0.4281069934368134
v 0.0742190033197403 -0.12890599668025962 -0.42236301302909857
v 0.07104499638080597 -0.16162100434303273 -0.44787600636482244
v 0 -0.15881299972534169 -0.45825201272964483
v 0 -0.12805199623107902 -0.4294430017471314
v 0.3367590010166168 -0.3768680095672607 -0.28225699067115795
v 0.32517701387405396 -0.3558200001716613 -0.3664630055427552
v 0.34623000025749207 -0.39842200279235834 -0.3416999876499177
v 0.3487809896469116 -0.42960599064826954 -0.39291998744010936
v 0.3503119945526123 -0.46770301461219776 -0.41551899909973156
v 0.2898949980735779 -0.3422589898109435 -0.4592429995536805
v 0.2952609956264496 -0.30792000889778126 -0.39035400748252874
v 0.35302799940109253 -0.424015998840332 -0.26687398552894603
v 0.3367590010166168 -0.3768680095672607 -0.28225699067115795
v 0.34623000025749207 -0.39842200279235834 -0.3416999876499177
v 0.36299800872802734 -0.4435589909553527 -0.32575300335884105
v 0.3714210093021393 -0.5129799842834472 -0.3762519955635072
v 0.3533959984779358 -0.5234479904174804 -0.42155399918556224
v 0.29362401366233826 -0.432354986667633 -0.14903800189495095
v 0.33395498991012573 -0.45336699485778803 -0.18767799437046062
v 0.36416101455688477 -0.4735980033874511 -0.2492250055074693
v 0.3763520121574402 -0.49473398923873896 -0.3159259855747224
v 0.37359899282455444 -0.5717390179634093 -0.378798007965088
v 0.3459889888763428 -0.582852005958557 -0.42331799864768993
v 0.2694149911403656 -0.4837630093097686 -0.12673899531364452
v 0.37018999457359314 -0.5264310240745544 -0.23551200330257427
v 0.3846459984779358 -0.5498300194740294 -0.3094959855079652
v 0.36754798889160156 -0.6262750029563903 -0.37953698635101335
v 0.33141499757766724 -0.6337789893150328 -0.4212819933891298
v 0.387050986289978 -0.6046940088272094 -0.3040120005607606
v 0.3728170096874237 -0.5814740061759949 -0.23046700656414046
v 0.23851999640464783 -0.5346410274505615 -0.11404900252819074
v 0.26934701204299927 -0.5956019759178162 -0.125662997364998
v 0.20861700177192688 -0.587369978427887 -0.11039700359106076
v 0.24216599762439728 -0.649986982345581 -0.12198799848556532
v 0.17830699682235718 -0.6458050012588501 -0.11897099763154997
v 0.32732900977134705 -0.6132590174674988 -0.1639499962329866
v 0.31282100081443787 -0.6641560196876526 -0.1552270054817201
v 0.3689129948616028 -0.6340680122375488 -0.22188499569892897
v 0.35943400859832764 -0.6836749911308289 -0.21159499883651747
v 0.38382700085639954 -0.6576740145683287 -0.29555699229240434
v 0.37530699372291565 -0.7050259709358214 -0.2799679934978487
v 0.31162700057029724 -0.6834459900856017 -0.41673400998115556
v 0.27619099617004395 -0.7347779870033263 -0.4085229933261873
v 0.285180002450943 -0.44660198688507063 -0.8316760063171388
v 0.23856499791145325 -0.7775200009346007 -0.4998039901256563
v 0.18529300391674042 -0.8142799735069274 -0.4779959917068483
v 0.2122579962015152 -0.8028290271759032 -0.5252119898796084
v 0.2122579962015152 -0.8028290271759032 -0.5252119898796084
v 0.2277510017156601 -0.7022879719734192 -0.12457499653100983
v 0.15747100114822388 -0.6950680017471313 -0.13793900609016435
v 0.30019500851631165 -0.7110990285873413 -0.14961199462413804
v 0.1790419965982437 -0.7546240091323853 -0.13290099799633043
v 0.22961799800395966 -0.7496330142021179 -0.12410999834537523
v 0.3486439883708954 -0.7300639748573303 -0.20293499529361742
v 0.29237401485443115 -0.7559829950332642 -0.14454799890518205
v 0.341033011674881 -0.7743710279464722 -0.19429700076580064
v 0.36478498578071594 -0.7509880065917968 -0.26672101020813005
v 0.23489700257778168 -0.776890993118286 -0.3928819894790651
v 0.19482900202274323 -0.8034980297088622 -0.3681879937648775
v 0.18367899954319 -0.8433340191841124 -0.3188360035419466
v 0.16300900280475616 -0.814745008945465 -0.33295500278472917
v 0.35606199502944946 -0.794260025024414 -0.25444999337196367
v 0.15418300032615662 -0.8434990048408507 -0.279758006334305
v 0.1390790045261383 -0.8100150227546691 -0.2930670082569124
v 0.1354680061340332 -0.827489972114563 -0.2308720052242281
v 0.1259869933128357 -0.7833729982376099 -0.2429540008306505
v 0.1259869933128357 -0.7833729982376099 -0.2429540008306505
v 0.1354680061340332 -0.827489972114563 -0.2308720052242281
v 0.13602100312709808 -0.795756995677948 -0.19285300374031084
v 0.12272399663925171 -0.7515559792518616 -0.20181199908256547
v 0.14784400165081024 -0.7736129760742188 -0.16126899421215074
v 0.13951100409030914 -0.7320529818534851 -0.1688600033521654
v 0.1877010017633438 -0.8021180033683777 -0.12592500448226945
v 0.15679700672626495 -0.8180959820747375 -0.14949199557304402
v 0.23252899944782257 -0.7959290146827698 -0.11971499770879764
v 0.2875019907951355 -0.7990229725837708 -0.13722300529479997
v 0.3359439969062805 -0.8148030042648315 -0.18380500376224537
v 0.34957098960876465 -0.8355950117111206 -0.24089999496936818
v 0.3518489897251129 -0.7740280032157897 -0.325280010700226
v 0.34431201219558716 -0.8148509860038756 -0.3094860017299654
v 0.33895599842071533 -0.8549559712409972 -0.290567994117737
v 0.3031980097293854 -0.8403480052947997 -0.3451679944992067
v 0.2978219985961914 -0.876995027065277 -0.3252060115337374
v 0.15846799314022064 -0.8763290047645568 -0.2678020000457766
v 0.13944099843502045 -0.8652799725532532 -0.2210710048675539
v 0.13944099843502045 -0.8652799725532532 -0.2210710048675539
v 0.1423420011997223 -0.8410369753837585 -0.18003000319004078
v 0.2033890038728714 -0.3943740129470825 -0.0479150004684926
v 0.06591799855232239 -0.4853520095348358 -0.011474999599158871
v 0.0668950006365776 -0.4350590109825134 -0.00048799999058256273
v 0 -0.44555699825286865 0.0014649999793617929
v 0 -0.4974370002746582 -0.006835999898612609
v 0.15122100710868835 -0.46665701270103455 -0.041719999164342984
v 0.13793900609016418 -0.4189450144767761 -0.0158690009266139
v 0.12725800275802612 -0.5374760031700134 -0.04760700091719639
v 0 -0.5529789924621582 -0.02099600061774266
v 0.0686039999127388 -0.5467529892921448 -0.028076000511646392
v 0 -0.6092529892921448 -0.042479999363422526
v 0 -0.6610109806060791 -0.07226599752903
v 0 -0.7213129997253418 -0.12133800238370912
v 0.052094001322984695 -0.7255859971046448 -0.13305699825286882
v 0 -0.7683110237121582 -0.18212899565696733
v 0.04501299932599068 -0.7675780057907104 -0.1867679953575136
v 0 -0.8046879768371582 -0.2436520010232927
v 0.04785199835896492 -0.8015140295028687 -0.24438500404357927
v 0 -0.8330079913139342 -0.2949219942092897
v 0.06046599894762039 -0.8277789950370787 -0.2977179884910585
v 0 -0.8623049855232238 -0.35925298929214494
v 0.13958700001239777 -0.8623049855232238 -0.504471004009247
v 0 -0.8798829913139342 -0.41110199689865135
v 0.06915300339460373 -0.8974609971046447 -0.5062869787216189
v 0 -0.9035639762878417 -0.49310299754142783
v 0.18744200468063354 -0.828769028186798 -0.5625780224800112
v 0.1254269927740097 -0.886718988418579 -0.5803830027580263
v 0.176146999001503 -0.8449710011482238 -0.603271007537842
v 0 -0.9211429953575133 -0.5747680068016054
v 0.06372100114822388 -0.9118649959564208 -0.5709379911422732
v 0 -0.9311519861221312 -0.6392819881439211
v 0.058410998433828354 -0.9250490069389342 -0.6429899930953982
v 0.12103299796581268 -0.8999019861221312 -0.65176397562027
v 0.17370599508285522 -0.8610839843749999 -0.6622310280799868
v 0.38916000723838806 -0.5769039988517759 -0.8419190049171449
v 0.29350700974464417 -0.9542530179023742 -0.4869169890880587
v 0.2901589870452881 -0.9778590202331542 -0.49013501405715965
v 0.3161650002002716 -0.9741659760475158 -0.48486998677253745
v 0.31717801094055176 -0.958180010318756 -0.4801439940929415
v 0.3419730067253113 -0.9761610031127929 -0.48959299921989463
v 0.3424690067768097 -0.9534810185432433 -0.48452898859977744
v 0.3669840097427368 -0.950182020664215 -0.4994339942932131
v 0.3887979984283447 -0.9473099708557128 -0.5067470073699953
v 0.262935996055603 -0.958150029182434 -0.48665699362754844
v 0.2645399868488312 -0.9858549833297728 -0.495014011859894
v 0.238986998796463 -0.9586549997329711 -0.502924978733063
v 0.24228399991989136 -0.9851239919662474 -0.5117170214653017
v 0.22363300621509552 -0.963135004043579 -0.5366209745407107
v 0.23796799778938293 -0.9892380237579345 -0.5468860268592837
v 0.23629799485206604 -0.988237977027893 -0.5824080109596255
v 0.40299099683761597 -0.9791139960289 -0.5399860143661501
v 0.4086860120296478 -0.9467110037803649 -0.5324429869651797
v 0.3203659951686859 -0.997618019580841 -0.507534980773926
v 0.3442850112915039 -0.9934250116348265 -0.5158320069313052
v 0.2943260073661804 -0.9968000054359435 -0.5110239982604983
v 0.26493000984191895 -1.0018409490585325 -0.5238379836082461
v 0.26090899109840393 -0.9301490187644957 -0.497408986091614
v 0.23922400176525116 -0.9342049956321715 -0.5125600099563601
v 0.2938370108604431 -0.9333829879760741 -0.4922370016574862
v 0.3177120089530945 -0.9326230287551879 -0.48327699303627036
v 0.3418389856815338 -0.9343960285186766 -0.488400995731354
v 0.3681800067424774 -0.9319949746131896 -0.5012739896774294
v 0.386231005191803 -0.9295830130577086 -0.5096719861030581
v 0.4035559892654419 -0.9270439743995665 -0.533118009567261
v 0.3610439896583557 -0.9143260121345519 -0.5106239914894106
v 0.2937760055065155 -0.9137110114097594 -0.5048360228538515
v 0.26535698771476746 -0.9131469726562499 -0.5127149820327761
v 0.24566100537776947 -0.9178010225296019 -0.5265870094299319
v 0.41061899065971375 -0.9272210001945494 -0.5664830207824709
v 0.3984319865703583 -0.9074100255966185 -0.5669929981231692
v 0.41366299986839294 -0.949060022830963 -0.5669590234756472
v 0.3981109857559204 -0.9815790057182311 -0.5678759813308718
v 0.41532498598098755 -0.9512749910354613 -0.6068639755249026
v 0.3972879946231842 -0.9790700078010558 -0.6056849956512453
v 0.23796799778938293 -0.9892380237579345 -0.5468860268592837
v 0.23629799485206604 -0.988237977027893 -0.5824080109596255
v 0.26297101378440857 -0.9938039779663085 -0.5697649717330935
v 0.26493000984191895 -1.0018409490585325 -0.5238379836082461
v 0.2967430055141449 -0.9962859749794005 -0.5598369836807253
v 0.2943260073661804 -0.9968000054359435 -0.5110239982604983
v 0.3203659951686859 -0.997618019580841 -0.507534980773926
v 0.3251410126686096 -0.9959189891815184 -0.5598890185356142
v 0.3442850112915039 -0.9934250116348265 -0.5158320069313052
v 0.3608570098876953 -0.9937540292739867 -0.556383013725281
v 0.37028101086616516 -0.9880260229110717 -0.5189840197563174
v 0.2529760003089905 -0.2640559971332549 -0.4243260025978089
v 0 -0.1840820014476775 -0.49218800663948065
v 0.0768980011343956 -0.19240899384021748 -0.49050301313400274
v 0.14275899529457092 -0.20639699697494496 -0.47689598798751837
v 0.2019599974155426 -0.2299250066280364 -0.4538510143756867
v 0.07684600353240967 -0.22535599768161763 -0.5403929948806763
v 0 -0.22021499276161183 -0.5450440049171448
v 0.14189699292182922 -0.2402999997138976 -0.5287449955940247
v 0.19876399636268616 -0.2643490135669707 -0.509517014026642
v 0.24809099733829498 -0.2983970046043395 -0.48500299453735357
v 0.24507999420166016 -0.32749998569488514 -0.5469260215759278
v 0.19867399334907532 -0.29326599836349476 -0.5695660114288331
v 0.14585399627685547 -0.2680779993534087 -0.5879560112953187
v 0.0893549993634224 -0.2526859939098357 -0.6018450260162355
v 0 -0.2458499968051909 -0.6103519797325134
v 0.08740200102329254 -0.27392598986625655 -0.6689450144767762
v 0 -0.26611301302909834 -0.6765140295028688
v 0.14838899672031403 -0.2903150022029875 -0.6516330242156984
v 0.2019049972295761 -0.31595399975776656 -0.6334199905395509
v 0.24793100357055664 -0.35006800293922413 -0.6120619773864747
v 0.08276399970054626 -0.2919920086860655 -0.7250980138778688
v 0 -0.28515601158142073 -0.733887016773224
v 0.14924000203609467 -0.3104749917984007 -0.7150890231132508
v 0.2047639936208725 -0.336562007665634 -0.6998119950294496
v 0.253152996301651 -0.3702020049095152 -0.6801739931106568
v 0.0798339992761612 -0.3188480138778685 -0.7943120002746583
v 0 -0.3110350072383879 -0.7960820198059083
v 0.15190400183200836 -0.3360489904880522 -0.7798269987106324
v 0.2051219940185547 -0.35956099629402144 -0.7683029770851136
v 0.25916099548339844 -0.3936559855937956 -0.7543579936027528
v 0.18774400651454926 -0.3804929852485655 -0.8393859863281251
v 0.1323239952325821 -0.3610840141773222 -0.8501279950141908
v 0.058104999363422394 -0.5058590173721311 -1.032104015350342
v 0.0686039999127388 -0.4849849939346311 -1.0474849939346313
v 0 -0.48730498552322365 -1.0369869470596313
v 0 -0.5006099939346311 -1.0237729549407961
v 0.10620100051164627 -0.5281980037689207 -1.0385129451751711
v 0.11523400247097015 -0.5098879933357237 -1.0620119571685793
v 0.15136000514030457 -0.5488380193710325 -1.0770260095596316
v 0.14135700464248657 -0.5671390295028684 -1.0471190214157107
v 0.16280800104141235 -0.5933070182800291 -1.0875799655914309
v 0.1523440033197403 -0.606812000274658 -1.0520629882812502
v 0.14941400289535522 -0.6480410099029539 -1.1036380529403689
v 0.145019993185997 -0.6575160026550291 -1.0567779541015627
v 0.11425799876451492 -0.7105410099029539 -1.0637819766998293
v 0.11132799834012985 -0.696197986602783 -1.1164549589157107
v 0.07006800174713135 -0.7468259930610655 -1.0677189826965334
v 0.0686039999127388 -0.7260739803314207 -1.1216130256652834
v 0 -0.7580569982528684 -1.0697020292282107
v 0 -0.7436519861221311 -1.1281739473342898
v 0.17746399343013763 -0.5751829743385313 -1.130692005157471
v 0.16837500035762787 -0.5283179879188535 -1.108636021614075
v 0.16122600436210632 -0.6347399950027464 -1.15449595451355
v 0.1211400032043457 -0.6844859719276426 -1.1706190109252932
v 0.0737299993634224 -0.7175289988517759 -1.1760250329971316
v 0 -0.7333980202674864 -1.1829830408096316
v 0.13867199420928955 -0.4823000133037565 -1.0823969841003418
v 0 -0.45519998669624306 -1.0428470373153687
v 0 -0.42559799551963784 -1.0338129997253418
v 0.16393999755382538 -0.45608600974082925 -1.1017040014266968
v 0.1866379976272583 -0.5063949823379514 -1.1418880224227907
v 0.1905820071697235 -0.5576030015945432 -1.1788339614868166
v 0.169296994805336 -0.6120030283927915 -1.2148970365524294
v 0.1300320029258728 -0.6538630127906797 -1.241790056228638
v 0.0727510005235672 -0.692025005817413 -1.2530939579010012
v 0 -0.7061769962310788 -1.2576290369033816
v 0 -0.6635739803314206 -1.3215939998626711
v 0.06127899885177612 -0.6489260196685788 -1.3227540254592898
v 0.1313920021057129 -0.6161720156669613 -1.30037796497345
v 0.1717820018529892 -0.5777890086174008 -1.2671179771423342
v 0.1988389939069748 -0.5296499729156492 -1.226441025733948
v 0.1299149990081787 -0.5722380280494687 -1.3390040397644045
v 0.06372100114822388 -0.6022949814796444 -1.3615720272064211
v 0 -0.6145020127296444 -1.3657230138778689
v 0 -0.40655499696731545 -1.0183110237121582
v 0 -0.5515140295028683 -1.3996579647064211
v 0.06373800337314606 -0.5499250292778012 -1.3897670507431032
v 0 -0.47537499666213956 -1.4105160236358643
v 0.07269000262022018 -0.476785987615585 -1.4016549587249756
v 0 -0.4091660082340237 -1.4014899730682373
v 0.06744199991226196 -0.40766599774360623 -1.3942979574203491
v 0.06182499974966049 -0.34887400269508334 -1.3743849992752075
v 0 -0.3484309911727902 -1.379173994064331
v 0.12644299864768982 -0.5319499969482419 -1.3629820346832278
v 0.12592600286006927 -0.47233000397682157 -1.375910997390747
v 0.17333999276161194 -0.46578899025917025 -1.3309329748153687
v 0.12777799367904663 -0.4087620079517362 -1.3707330226898193
v 0.1738159954547882 -0.4055849909782407 -1.3289309740066528
v 0.12337499856948853 -0.3487539887428281 -1.3537720441818237
v 0.1697780042886734 -0.35095399618148776 -1.3139970302581787
v 0.2028529942035675 -0.4069649875164029 -1.2698780298233032
v 0.197285994887352 -0.3588150143623349 -1.2566909790039062
v 0.20435099303722382 -0.3697299957275388 -1.192633032798767
v 0 -0.28541100025176974 -1.3422969579696655
v 0.06199900060892105 -0.28748598694801303 -1.3387700319290161
v 0.11480800062417984 -0.2929640114307401 -1.3232849836349487
v 0.15936799347400665 -0.3013649880886075 -1.2869969606399536
v 0.18588300049304962 -0.3140079975128171 -1.2354329824447632
v 0.19519299268722534 -0.32713800668716403 -1.1774530410766602
v 0.1869650036096573 -0.3409830033779142 -1.1158599853515625
v 0 -0.23767100274562808 -1.3000489473342896
v 0.061406999826431274 -0.23916399478912326 -1.2948499917984009
v 0 -0.19799800217151614 -1.24481201171875
v 0.05444300174713135 -0.2021480053663251 -1.2415770292282104
v 0.1812009960412979 -0.2905560135841367 -1.1596699953079224
v 0.17700700461864471 -0.3041949868202207 -1.101699948310852
v 0.16162100434303284 -0.2554929852485654 -1.1396479606628418
v 0.15918000042438507 -0.2710570096969602 -1.0839539766311646
v 0 -0.17309600114822363 -1.1782840490341187
v 0.0524899996817112 -0.1799319982528684 -1.1693730354309082
v 0 -0.16796900331974005 -1.107146978378296
v 0.04980500042438507 -0.17651399970054601 -1.1074219942092896
v 0.09423799812793732 -0.19628900289535497 -1.1135859489440918
v 0.04809600114822388 -0.18774400651454903 -1.054137945175171
v 0.0920410007238388 -0.20654299855232217 -1.061156988143921
v 0 -0.1784670054912565 -1.0555729866027832
v 0.13427700102329254 -0.2241210043430326 -1.123626947402954
v 0.13549800217151642 -0.23919700086116766 -1.0727540254592896
v 0 -0.20825199782848336 -0.9997559785842896
v 0.05004899948835373 -0.21826200187206246 -0.9990230202674866
v 0.14739200472831726 -0.2881070077419279 -1.0387279987335205
v 0.16004499793052673 -0.323651999235153 -1.0517359972000122
v 0 -0.3051759898662565 -0.924072027206421
v 0.05407699942588806 -0.2595210075378416 -0.960448980331421
v 0 -0.25512701272964455 -0.9516599774360658
v 0.13134799897670746 -0.33660900592803933 -1.011841058731079
v 0.45117199420928955 -0.745299994945526 -0.6124110221862794
v 0.41821300983428955 -0.651184022426605 -0.843262016773224
v 0.4538570046424866 -0.7066040039062499 -0.7489619851112367
v 0.42333999276161194 -0.7220460176467893 -0.8393549919128419
v 0.3503420054912567 -0.599915027618408 -0.9228519797325135
v 0.3654789924621582 -0.6820679903030393 -0.9196779727935792
v 0.0720210000872612 -0.34765601158142073 -0.8559719920158387
v 0 -0.336670011281967 -0.8493040204048158
v 0.11816400289535522 -0.40564000606536843 -0.9302669763565065
v 0.06005899980664253 -0.3867189884185789 -0.9231770038604737
v 0.17504900693893433 -0.42773398756980874 -0.9306640028953553
v 0.24472300708293915 -0.46101701259613015 -0.9163560271263124
v 0.058104999363422394 -0.5058590173721311 -1.032104015350342
v 0 -0.5006099939346311 -1.0237729549407961
v 0.09497100114822388 -0.4645999968051908 -0.9972990155220033
v 0.1496579945087433 -0.4949339926242826 -1.005126953125
v 0.10620100051164627 -0.5281980037689207 -1.0385129451751711
v 0.14135700464248657 -0.5671390295028684 -1.0471190214157107
v 0.1940920054912567 -0.5416870117187498 -1.0141600370407107
v 0.21386699378490448 -0.5899050235748289 -1.0183110237121584
v 0.1523440033197403 -0.606812000274658 -1.0520629882812502
v 0.20190399885177612 -0.6628569960594175 -1.0275419950485232
v 0.145019993185997 -0.6575160026550291 -1.0567779541015627
v 0.15161100029945374 -0.7313230037689207 -1.0383299589157107
v 0.11425799876451492 -0.7105410099029539 -1.0637819766998293
v 0.07006800174713135 -0.7468259930610655 -1.0677189826965334
v 0 -0.799561023712158 -1.0461430549621584
v 0 -0.7580569982528684 -1.0697020292282107
v 0.10473600029945374 -0.4328610002994535 -0.9663090109825135
v 0.16870099306106567 -0.457520008087158 -0.9685059785842897
v 0.23144499957561493 -0.5023189783096311 -0.9707030057907106
v 0.2695310115814209 -0.567809998989105 -0.9831539988517762
v 0.23144499957561493 -0.5023189783096311 -0.9707030057907106
v 0.2695310115814209 -0.567809998989105 -0.9831539988517762
v 0.28759801387786865 -0.6547240018844602 -0.9851070046424867
v 0.3620609939098358 -0.7533569931983946 -0.9068599939346316
v 0.4392090141773224 -0.7923579812049865 -0.6217799782752993
v 0.4189450144767761 -0.8350070118904113 -0.6281740069389345
v 0 -0.8598629832267759 -0.9992679953575136
v 0.05627400055527687 -0.8885499835014341 -0.9506840109825136
v 0 -0.8958740234374998 -0.9484859704971316
v 0.05480999872088432 -0.9174799919128416 -0.8920900225639345
v 0 -0.9255369901657102 -0.8828129768371584
v 0.11279299855232239 -0.9072269797325132 -0.8774409890174868
v 0.1631470024585724 -0.8867189884185789 -0.8478999733924868
v 0.050415001809597015 -0.9374999999999998 -0.8056030273437502
v 0 -0.9433590173721311 -0.803710997104645
v 0.10839799791574478 -0.9191889762878416 -0.8062739968299868
v 0.052184998989105225 -0.9348139762878417 -0.7194979786872866
v 0 -0.9409180283546447 -0.716919004917145
v 0.16247600317001343 -0.8845210075378416 -0.7988889813423159
v 0.22987000644207 -0.8552740216255187 -0.5682160258293154
v 0.18744200468063354 -0.828769028186798 -0.5625780224800112
v 0.176146999001503 -0.8449710011482238 -0.603271007537842
v 0.17370599508285522 -0.8610839843749999 -0.6622310280799868
v 0.1809079945087433 -0.8995360136032103 -0.7167969942092898
v 0.16667599976062775 -0.871093988418579 -0.727294981479645
v 0.16247600317001343 -0.8845210075378416 -0.7988889813423159
v 0.1752929985523224 -0.9045410156249998 -0.7851560115814211
v 0.1631470024585724 -0.8867189884185789 -0.8478999733924868
v 0.17651399970054626 -0.9056400060653684 -0.8325200080871584
v 0.2821660041809082 -0.8393549919128416 -0.9221190214157107
v 0.34570300579071045 -0.819289982318878 -0.899169981479645
v 0.2830809950828552 -0.8833010196685789 -0.9064940214157107
v 0.4470210075378418 -0.7643970251083372 -0.7530750036239626
v 0.4113770127296448 -0.7805179953575132 -0.8369140028953554
v 0.2902829945087433 -0.7886959910392759 -0.9550780057907107
v 0.2135010063648224 -0.8137210011482237 -0.978271007537842
v 0.23193399608135223 -0.8893589973449705 -0.8989260196685793
v 0.21429400146007538 -0.8544920086860655 -0.9184569716453554
v 0.27470600605010986 -0.848294973373413 -0.5441600084304812
v 0.2631840109825134 -0.8798829913139342 -0.5778809785842898
v 0.18164099752902985 -0.8752440214157102 -0.8791499733924868
v 0.19165000319480896 -0.8990550041198728 -0.8757320046424868
v 0.18603500723838806 -0.9406740069389341 -0.8283690214157107
v 0.1875 -0.9383540153503417 -0.7090449929237368
v 0.4560549855232239 -0.7511289715766906 -0.6862490177154543
v 0.4013670086860657 -0.8738250136375426 -0.7177889943122866
v 0.4287109971046448 -0.8382949829101561 -0.7070080041885378
v 0.44457998871803284 -0.7995759844779967 -0.696044981479645
v 0.4055179953575134 -0.8706359863281248 -0.7705079913139345
v 0.39868199825286865 -0.9149630069732664 -0.7719730138778689
v 0.4057619869709015 -0.9164280295372008 -0.7172849774360659
v 0.2377929985523224 -0.9243320226669309 -0.8945310115814211
v 0.28320300579071045 -0.9155269861221311 -0.9008790254592898
v 0.2847749888896942 -0.9610829949378965 -0.868605971336365
v 0.23638899624347687 -0.9643549919128416 -0.8603519797325136
v 0.3364259898662567 -0.9070209860801695 -0.8782960176467898
v 0.3347780108451843 -0.9459229707717893 -0.8557130098342898
v 0.3725590109825134 -0.9099730253219602 -0.8356930017471316
v 0.36315199732780457 -0.9434930086135862 -0.8247330188751223
v 0.3874509930610657 -0.943603992462158 -0.7775880098342898
v 0.18334999680519104 -0.9433590173721311 -0.7784420251846316
v 0.20689600706100464 -0.9672470092773435 -0.8207269906997683
v 0.11558499932289124 -0.9099119901657103 -0.7241209745407107
v 0.4035640060901642 -0.9431149959564208 -0.7248539924621584
v 0 -0.37353500723838784 -0.9113770127296449
v 0.21824400126934052 -0.9763489961624144 -0.6122220158576968
v 0.2109380066394806 -0.9719240069389342 -0.6522219777107241
v 0.2053219974040985 -0.9681400060653685 -0.7125239968299868
v 0.20174899697303772 -0.9668160080909727 -0.7718499898910525
v 0.21824400126934052 -0.9763489961624144 -0.6122220158576968
v 0.25301501154899597 -0.9941639900207518 -0.6111509799957278
v 0.24543699622154236 -0.9910219907760619 -0.6562719941139223
v 0.2109380066394806 -0.9719240069389342 -0.6522219777107241
v 0.2053219974040985 -0.9681400060653685 -0.7125239968299868
v 0.2416660040616989 -0.9873989820480346 -0.7125269770622256
v 0.2360289990901947 -0.9853810071945188 -0.7644270062446596
v 0.20174899697303772 -0.9668160080909727 -0.7718499898910525
v 0.20689600706100464 -0.9672470092773435 -0.8207269906997683
v 0.2350270003080368 -0.9834660291671751 -0.7966399788856509
v 0.25989899039268494 -0.9836660027503965 -0.817394018173218
v 0.2896200120449066 -0.9812570214271543 -0.8221430182456972
v 0.2739979922771454 -0.9899979829788206 -0.762534022331238
v 0.2800860106945038 -0.9940540194511412 -0.7119219899177553
v 0.282927006483078 -0.9997879862785338 -0.6631489992141726
v 0.29085299372673035 -1.0050009489059446 -0.6083030104637148
v 0.23193399608135223 -0.8893589973449705 -0.8989260196685793
v 0.21429400146007538 -0.8544920086860655 -0.9184569716453554
v 0.16667599976062775 -0.871093988418579 -0.727294981479645
v 0.41271498799324036 -0.9486089944839476 -0.6635820269584658
v 0.3915340006351471 -0.9797940254211425 -0.6559839844703677
v 0.38164299726486206 -0.9739689826965331 -0.7253000140190127
v 0.3585059940814972 -0.998425006866455 -0.6086339950561526
v 0.3545899987220764 -0.9946770071983336 -0.6590719819068911
v 0.31459900736808777 -1.0016609430313108 -0.6621159911155703
v 0.32291901111602783 -1.005300998687744 -0.6063929796218874
v 0.30582600831985474 -0.9942950010299682 -0.7157289981842043
v 0.2984510064125061 -0.9895679950714109 -0.7657660245895388
v 0.3496359884738922 -0.9879739880561828 -0.7217980027198794
v 0.23879200220108032 -0.8395730257034302 -0.11341100186109561
v 0.3458920121192932 -0.86564701795578 -0.22606800496578236
v 0.33573898673057556 -0.8859609961509703 -0.2732459902763369
v 0.2944909930229187 -0.9064940214157103 -0.30786100029945396
v 0.25010499358177185 -0.9124479889869689 -0.31528601050376914
v 0.20381399989128113 -0.9099299907684325 -0.30086401104927085
v 0.16406799852848053 -0.9082970023155211 -0.25826099514961265
v 0.1427460014820099 -0.9016299843788147 -0.21113300323486348
v 0.16605299711227417 -0.8588520288467407 -0.13501599431037922
v 0.1985200047492981 -0.8445299863815308 -0.11725399643182774
v 0.33158400654792786 -0.915781021118164 -0.25769498944282554
v 0.2951659858226776 -0.9331049919128417 -0.2890630066394808
v 0.24862700700759888 -0.9396970272064208 -0.2985840141773226
v 0.20898400247097015 -0.9393309950828551 -0.28613299131393455
v 0.1681160032749176 -0.937982976436615 -0.24527800083160423
v 0.14295099675655365 -0.93156898021698 -0.19279199838638325
v 0.15130099654197693 -0.9575440287590027 -0.19391100108623527
v 0.16543099284172058 -0.9774889945983887 -0.19397400319576286
v 0.28445199131965637 -0.9980300068855286 -0.18331299722194694
v 0.24542200565338135 -1.002377986907959 -0.18731699883937858
v 0.21166500449180603 -1.000417947769165 -0.19078299403190635
v -0.09863299876451492 -0.006072999909520196 0.2126459926366806
v -0.09838899970054626 -0.0301820002496243 0.21801799535751343
v -0.07543899863958359 -0.008910999633371885 0.2504880130290985
v -0.08447299897670746 0.01843300089240069 0.23583999276161194
v -0.11749300360679626 0.016326999291777566 0.20678700506687164
v -0.1068120002746582 0.04513499885797496 0.22021499276161194
v -0.14553099870681763 0.04594400152564044 0.20507800579071045
v -0.14461499452590942 0.014282000251114325 0.1970209926366806
v -0.17468300461769104 0.03588899970054622 0.1953130066394806
v -0.16601599752902985 -0.0035399999469519082 0.18994100391864777
v -0.20324699580669403 -0.006287000142037909 0.1853030025959015
v -0.19824199378490448 -0.037230998277664226 0.1909179985523224
v -0.1670909970998764 -0.03291299939155583 0.18945300579071045
v -0.18219800293445587 -0.06481900066137318 0.2062990069389343
v -0.15940900146961212 -0.04899600148200993 0.1958010047674179
v -0.14856000244617462 -0.07318100333213812 0.22729499638080594
v -0.13049300014972687 -0.0562129989266396 0.20214800536632538
v -0.11303699761629105 -0.048691000789403964 0.21850599348545074
v -0.1102290004491806 -0.06597899645566946 0.2531740069389343
v -0.09179700165987015 -0.04460100084543234 0.2578130066394806
v -0.0742190033197403 -0.030410999432206213 0.2687990069389343
v -0.2027589976787567 0.0229490008205175 0.18432599306106567
v -0.05761700123548508 0.03210400044918055 0.2438959926366806
v -0.238769993185997 -0.01086399983614687 0.17041000723838806
v -0.22900399565696716 -0.05604600161314015 0.19043000042438507
v -0.2000730037689209 -0.08815000206232075 0.21386699378490445
v -0.1571040004491806 -0.09692399948835378 0.23730500042438504
v -0.11267100274562836 -0.08880600333213812 0.2685549855232239
v -0.08642599731683731 -0.05847200006246573 0.2851560115814209
v -0.05322299897670746 -0.0288089998066426 0.29223600029945374
v -0.04719499871134758 -5.816747302362691e-17 0.26196300983428955
v -0.02365100011229515 -0.00042699999175971803 0.27099600434303284
v -0.024337999522686005 -0.023192999884486268 0.30712899565696716
v -0.031227000057697296 0.033447001129388754 0.24853500723838806
v -0.027710000053048134 -0.034667998552322464 0.3308109939098358
v -0.03112800046801567 -0.05078100040555008 0.34912100434303284
v -0.02807600051164627 -0.07986500114202508 0.35961899161338806
v -0.02905300073325634 -0.1098939999938012 0.3471679985523224
v -0.023314999416470528 -0.13644400238990792 0.34423801302909846
v -0.051513999700546265 -0.13485699892044076 0.3405759930610656
v -0.07959000021219254 -0.13256800174713143 0.32861301302909846
v -0.10644499957561493 -0.13244600594043737 0.2993159890174865
v -0.12793000042438507 -0.12753300368785864 0.26831099390983576
v -0.054687999188899994 -0.17041000723838814 0.33154299855232233
v -0.07665999978780746 -0.168944999575615 0.32080098986625666
v -0.16568000614643097 -0.12466400116682058 0.23998999595642087
v -0.216949000954628 -0.11718799918890004 0.2141110002994537
v -0.10620100051164627 -0.16451300680637365 0.292724996805191
v -0.12902800738811493 -0.1617050021886826 0.26611301302909846
v -0.1692499965429306 -0.16085800528526312 0.2397460043430328
v -0.048461999744176865 -0.19360400736331945 0.30297899246215815
v -0.07232700288295746 -0.188964992761612 0.29516598582267756
v -0.04980500042438507 -0.21875000000000006 0.2905269861221313
v -0.07128900289535522 -0.21106000244617468 0.27563500404357905
v -0.09423799812793732 -0.18920899927616125 0.27685499191284174
v -0.0877079963684082 -0.21923799812793737 0.2619630098342895
v -0.12524400651454926 -0.19122299551963812 0.25830098986625666
v -0.16610699892044067 -0.1993709951639176 0.23608399927616114
v -0.11560100317001343 -0.2314759939908982 0.24658200144767756
v -0.15685999393463135 -0.24948099255561834 0.2250979989767074
v -0.030288999900221825 -0.2480469942092896 0.264160007238388
v -0.060913000255823135 -0.24032600224018102 0.259766012430191
v -0.2209469974040985 -0.15811200439929968 0.21313500404357907
v -0.21606400609016418 -0.20517000555992132 0.20703099668025965
v -0.15960299968719482 0.3178710043430329 -0.13818399608135215
v -0.16438299417495728 0.2551270127296448 -0.09277299791574473
v -0.10693400353193283 0.2680659890174866 -0.11300700157880778
v -0.21130800247192383 0.35412600636482244 -0.1396480053663253
v -0.28979501128196716 0.31191998720169073 -0.1469729989767074
v -0.04345700144767761 -0.28030401468276983 0.23950199782848353
v -0.08606000244617462 -0.2597959935665131 0.24340799450874323
v -0.05981399863958359 -0.3140870034694672 0.2165530025959014
v 0 -0.32507300376892095 0.21240200102329246
v -0.11190800368785858 -0.28894001245498663 0.22265599668025965
v -0.07861299812793732 -0.3518069982528687 0.179198995232582
v 0 -0.35766598582267767 0.1809079945087432
v -0.27270498871803284 -0.15496799349784854 0.17773400247097013
v -0.2657780051231384 -0.21176099777221682 0.16870099306106562
v -0.085207998752594 -0.38211598992347723 0.12997800111770622
v 0 -0.3891600072383881 0.13256800174713126
v -0.31703999638557434 -0.14991800487041476 0.12652599811553952
v -0.3076559901237488 -0.20893700420856479 0.11843200027942653
v -0.33210599422454834 -0.011672999709844605 0.06697800010442734
v -0.3476020097732544 -0.07740700244903566 0.062417000532150255
v -0.3507409989833832 -0.1421249955892563 0.05646700039505955
v -0.34012600779533386 -0.2039410024881363 0.04936200007796283
v -0.32006800174713135 -0.26196300983428955 0.039551001042127554
v -0.31279098987579346 0.04275399819016455 0.0662750005722046
v -0.2857300043106079 0.0914189964532852 0.06992399692535402
v -0.23988699913024902 0.13087500631809232 0.09229700267314914
v -0.18243399262428284 0.15588399767875669 0.11767599731683734
v -0.11480700224637985 0.17102099955081937 0.14086900651454928
v -0.06005899980664253 0.17431600391864774 0.15820300579071048
v -0.061034999787807465 0.21569800376892087 0.08984400331974034
v -0.10974100232124329 0.21093800663948056 0.07250999659299855
v -0.1749269962310791 0.1940920054912567 0.0588379986584187
v -0.25708600878715515 0.15738600492477417 0.023939000442624127
v -0.30308398604393005 0.10752099752426147 0.008272999897599245
v -0.3339419960975647 0.054763998836278915 -0.00027399999089537837
v -0.3567050099372864 -0.005278999917209147 -0.007414999883621932
v -0.3693920075893402 -0.07140500098466873 -0.015424000099301354
v -0.06665000319480896 -0.4113770127296448 0.027588000521063714
v 0 -0.4157710075378418 0.02661100029945364
v 0 -0.40649399161338806 0.08056599646806707
v -0.08056599646806717 -0.40087899565696716 0.08178699761629096
v -0.0668950006365776 -0.4350590109825134 -0.00048799999058256273
v 0 -0.44555699825286865 0.0014649999793617929
v -0.16438299417495728 0.2551270127296448 -0.09277299791574473
v -0.15515099465847015 0.24365200102329254 -0.055176001042127554
v -0.10400400310754776 0.2590329945087433 -0.07495100051164622
v -0.10693400353193283 0.2680659890174866 -0.11300700157880778
v -0.20593300461769104 0.22168000042438507 -0.06152300164103503
v -0.21081499755382538 0.22876000404357913 -0.11645500361919398
v -0.2678219974040985 0.19445799291133883 -0.09472700208425518
v -0.26643699407577515 0.18366299569606784 -0.07380300015211101
v -0.2800289988517761 0.30761700868606573 -0.18066400289535517
v -0.2726725935935974 0.3452498018741608 -0.17493946850299827
v -0.2496682107448578 0.37498694658279424 -0.1650466173887252
v -0.2624509930610657 0.36820527911186224 -0.1673283725976943
v -0.2800289988517761 0.30761700868606573 -0.18066400289535517
v -0.2504880130290985 0.3071289956569672 -0.20214800536632532
v -0.2551270127296448 0.24829100072383886 -0.2167969942092895
v -0.20031699538230896 0.20947299897670746 -0.011230000294744922
v -0.26493701338768005 0.17316000163555145 -0.03358099982142444
v -0.30982398986816406 0.12227299809455873 -0.0500879995524883
v -0.12359599769115448 0.23120099306106567 0.004639000166207603
v -0.06732200086116791 0.25 -0.009033000096678678
v -0.06445299834012985 0.2661130130290985 -0.11566200107336039
v 0 0.27099600434303284 -0.11547899991273874
v 0 0.26733401417732244 -0.16674800217151636
v -0.06616199761629105 0.25952100753784185 -0.17031900584697718
v -0.0968020036816597 0.2604979872703553 -0.1665039956569671
v -0.34016600251197815 0.06988900154829027 -0.06673800200223921
v -0.36378198862075806 0.003758999984711427 -0.08185400068759918
v -0.37389299273490906 -0.0681279972195625 -0.09460800141096117
v -0.3519189953804016 0.01446899957954887 -0.1552249938249588
v -0.3193550109863281 0.10398200154304509 -0.19528999924659726
v -0.31116101145744324 0.17099599540233615 -0.17376199364662168
v -0.32530099153518677 0.02213899977505212 -0.22412799298763275
v -0.14550800621509552 -0.39599600434303284 0.011474999599158675
v -0.2152090072631836 -0.3744730055332184 -0.016927000135183418
v -0.2033890038728714 -0.3943740129470825 -0.0479150004684926
v -0.13793900609016418 -0.4189450144767761 -0.0158690009266139
v -0.2721579968929291 -0.3427079916000366 -0.06087100133299835
v -0.2527430057525635 -0.3629760146141052 -0.09439899772405633
v -0.30737900733947754 -0.2985140085220337 -0.12192499637603767
v -0.27972298860549927 -0.322715014219284 -0.1522189974784852
v -0.315775990486145 -0.25402298569679255 -0.1821700036525727
v -0.28604599833488464 -0.2814249992370605 -0.20731399953365331
v -0.3032810091972351 -0.20645600557327265 -0.24264100193977362
v -0.27261999249458313 -0.24066700041294092 -0.26403498649597174
v -0.26944199204444885 -0.16303400695323939 -0.30154201388359075
v -0.24231700599193573 -0.20016999542713157 -0.31750199198722845
v -0.3354479968547821 -0.1686719954013824 -0.20769700407981875
v -0.2993069887161255 -0.11922399699687952 -0.279231995344162
v -0.22226400673389435 -0.12795700132846824 -0.34999498724937445
v -0.20327599346637726 -0.1654150038957595 -0.3624950051307679
v -0.0742190033197403 -0.12890599668025962 -0.42236301302909857
v -0.08313000202178955 -0.09570299834012976 -0.4157710075378418
v 0 -0.09301800280809393 -0.42382800579071045
v 0 -0.12805199623107902 -0.4294430017471314
v -0.2452079951763153 -0.08039999753236764 -0.337660014629364
v -0.08459500223398209 -0.04272500053048125 -0.4128420054912567
v 0 -0.04028299823403349 -0.4223630130290985
v -0.26756200194358826 -0.019133999943733146 -0.3129099905490875
v -0.24823400378227234 0.20138500630855566 -0.24349999427795405
v -0.283282995223999 0.05127900093793875 -0.2777920067310333
v -0.17230699956417084 -0.053392998874187386 -0.3818579912185669
v -0.16215600073337555 -0.10474500060081474 -0.3878050148487091
v -0.1506509929895401 -0.13816399872303 -0.39572000503540045
v -0.09326200187206268 0.012268000282347293 -0.4028320014476776
v 0 0.015746999531984423 -0.4152829945087433
v -0.0998539999127388 0.08782999962568291 -0.3771969974040985
v 0 0.09375000000000008 -0.3881840109825134
v -0.0954589992761612 0.15637199580669411 -0.3366700112819671
v 0 0.1636960059404374 -0.34155300259590143
v 0 0.21728500723838812 -0.28173801302909846
v 0 0.25000000000000006 -0.2250979989767074
v -0.10278300195932388 0.24291999638080602 -0.22094699740409846
v -0.16552700102329254 -0.3837890028953552 0.060547001659870064
v -0.20756900310516357 -0.95557701587677 -0.04399799928069136
v -0.23683300614356995 -0.9585850238800049 -0.03568499907851241
v -0.23656700551509857 -0.9840610027313232 -0.047045998275280214
v -0.2083120048046112 -0.9836450219154358 -0.05615400150418303
v -0.26357901096343994 -0.9815099835395813 -0.055975999683141923
v -0.26901599764823914 -0.9521690011024475 -0.04282499849796316
v -0.296299010515213 -0.9514480233192444 -0.05059099942445776
v -0.31781700253486633 -0.9479910135269165 -0.07272300124168417
v -0.1838189959526062 -0.9862210154533386 -0.06663200259208701
v -0.179966002702713 -0.9580850005149841 -0.055502001196146226
v -0.3297959864139557 -0.9468500018119812 -0.10381300002336523
v -0.3183610141277313 -0.97843998670578 -0.1099129989743235
v -0.2644039988517761 -0.9941369891166687 -0.08733200281858466
v -0.24038900434970856 -1.000072956085205 -0.07884000241756461
v -0.21415899693965912 -0.9955220222473145 -0.08382900059223197
v -0.18489700555801392 -0.9999290108680725 -0.09619399905204795
v -0.18034400045871735 -0.9299169778823853 -0.06706400215625784
v -0.20849500596523285 -0.9270430207252502 -0.05356499925255796
v -0.23683400452136993 -0.9263160228729248 -0.044789999723434656
v -0.2637780010700226 -0.927532970905304 -0.049972999840975016
v -0.2946789860725403 -0.9233850240707397 -0.06024400144815466
v -0.31216299533843994 -0.9257339835166931 -0.07757499814033529
v -0.32509198784828186 -0.9264670014381409 -0.10432299971580526
v -0.28523099422454834 -0.9060289859771729 -0.07739999890327473
v -0.21096299588680267 -0.9070789813995361 -0.07443100214004537
v -0.3338629901409149 -0.9267740249633789 -0.13746100664138813
v -0.3270309865474701 -0.904600977897644 -0.13606299459934254
v -0.3337399959564209 -0.9490969777107239 -0.13861100375652335
v -0.31387999653816223 -0.9838290214538574 -0.13797999918460868
v -0.3364259898662567 -0.9516909718513489 -0.17839099466800712
v -0.32295501232147217 -0.9784629940986633 -0.17791399359703086
v -0.20949600636959076 -0.8829349875450134 -0.0998999997973444
v -0.15967899560928345 -0.9873830080032349 -0.11698800325393699
v -0.18489700555801392 -0.9999290108680725 -0.09619399905204795
v -0.18336600065231323 -0.9931449890136719 -0.14181600511074088
v -0.15807600319385529 -0.9826340079307556 -0.1528420001268389
v -0.21556900441646576 -0.9971910119056702 -0.13537199795246146
v -0.21415899693965912 -0.9955220222473145 -0.08382900059223197
v -0.2424820065498352 -0.9991210103034973 -0.12966300547122978
v -0.24038900434970856 -1.000072956085205 -0.07884000241756461
v -0.2644039988517761 -0.9941369891166687 -0.08733200281858466
v -0.2807689905166626 -0.9937260150909424 -0.12806500494480155
v -0.3648039996623993 -0.5576509833335875 -0.5419880151748658
v -0.322284996509552 -0.5503169894218444 -0.519436001777649
v -0.3241020143032074 -0.49051201343536366 -0.5612559914588929
v -0.3615260124206543 -0.5172700285911559 -0.5936290025711061
v -0.3136259913444519 -0.5981429815292357 -0.49560999870300304
v -0.3640100061893463 -0.6003389954566954 -0.5031970143318177
v -0.3539629876613617 -0.6511440277099608 -0.4766440093517305
v -0.300025999546051 -0.6498900055885314 -0.47948300838470476
v -0.3340950012207031 -0.7059080004692077 -0.4703570008277895
v -0.28186100721359253 -0.7009649872779845 -0.4741280078887941
v -0.32656899094581604 -0.4601950049400328 -0.6415709853172303
v -0.3537850081920624 -0.48750299215316756 -0.6556869745254518
v -0.3073810040950775 -0.4346370100975035 -0.7296450138092042
v -0.3420409858226776 -0.47537198662757857 -0.7448729872703553
v -0.28434500098228455 -0.38899800181388844 -0.5890730023384095
v -0.2830039858818054 -0.36913299560546864 -0.5225989818572999
v -0.39917001128196716 -0.5719820261001586 -0.5714640021324159
v -0.4009290039539337 -0.6115559935569762 -0.5282570123672486
v -0.39552199840545654 -0.6587190032005309 -0.502771019935608
v -0.38058099150657654 -0.7134199738502501 -0.49115699529647844
v -0.30956798791885376 -0.7612779736518859 -0.4793150126934053
v -0.2608889937400818 -0.7441149950027465 -0.4813379943370821
v -0.3591189980506897 -0.7705870270729064 -0.49709799885749834
v -0.3928459882736206 -0.5383070111274718 -0.6223790049552919
v -0.38098400831222534 -0.5158960223197936 -0.6829540133476258
v -0.32175499200820923 -0.5866680145263671 -0.45876100659370433
v -0.33107998967170715 -0.5313400030136107 -0.4672209918498994
v -0.322284996509552 -0.5503169894218444 -0.519436001777649
v -0.3136259913444519 -0.5981429815292357 -0.49560999870300304
v -0.3459889888763428 -0.582852005958557 -0.42331799864768993
v -0.3533959984779358 -0.5234479904174804 -0.42155399918556224
v -0.23856499791145325 -0.7775200009346007 -0.4998039901256563
v -0.300025999546051 -0.6498900055885314 -0.47948300838470476
v -0.3064369857311249 -0.6393219828605651 -0.4509260058403017
v -0.33141499757766724 -0.6337789893150328 -0.4212819933891298
v -0.28186100721359253 -0.7009649872779845 -0.4741280078887941
v -0.2841640114784241 -0.6918230056762694 -0.44786798954010026
v -0.31162700057029724 -0.6834459900856017 -0.41673400998115556
v -0.2608889937400818 -0.7441149950027465 -0.4813379943370821
v -0.27619099617004395 -0.7347779870033263 -0.4085229933261873
v -0.37036100029945374 -0.5105590224266051 -0.7497559785842897
v -0.416577011346817 -0.7269110083580016 -0.5321189761161805
v -0.4001460075378418 -0.7846069931983947 -0.5395510196685793
v -0.23489700257778168 -0.776890993118286 -0.3928819894790651
v -0.17015600204467773 -0.8165760040283202 -0.40945100784301774
v -0.19482900202274323 -0.8034980297088622 -0.3681879937648775
v -0.13044500350952148 -0.8254839777946471 -0.3522039949893953
v -0.16300900280475616 -0.814745008945465 -0.33295500278472917
v -0.1390790045261383 -0.8100150227546691 -0.2930670082569124
v -0.10549300163984299 -0.8148970007896422 -0.29894998669624345
v -0.08750200271606445 -0.7944340109825134 -0.2487789988517763
v -0.1259869933128357 -0.7833729982376099 -0.2429540008306505
v -0.08758000284433365 -0.7606940269470215 -0.19339500367641466
v -0.12272399663925171 -0.7515559792518616 -0.20181199908256547
v -0.09713699668645859 -0.7250980138778687 -0.14868199825286882
v -0.13951100409030914 -0.7320529818534851 -0.1688600033521654
v -0.11830899864435196 -0.6833500266075134 -0.11767599731683746
v -0.15747100114822388 -0.6950680017471313 -0.13793900609016435
v -0.17830699682235718 -0.6458050012588501 -0.11897099763154997
v -0.1428219974040985 -0.6323239803314209 -0.09375000000000014
v -0.1636440008878708 -0.5697770118713379 -0.07986299693584455
v -0.20861700177192688 -0.587369978427887 -0.11039700359106076
v -0.1870020031929016 -0.511771023273468 -0.08265399932861339
v -0.23851999640464783 -0.5346410274505615 -0.11404900252819074
v -0.2694149911403656 -0.4837630093097686 -0.12673899531364452
v -0.29362401366233826 -0.432354986667633 -0.14903800189495095
v -0.28060299158096313 -0.3574540019035339 -0.1720609962940217
v -0.30924099683761597 -0.3901329934597015 -0.18543599545955666
v -0.2527430057525635 -0.3629760146141052 -0.09439899772405633
v -0.27972298860549927 -0.322715014219284 -0.1522189974784852
v -0.3210200071334839 -0.3707259893417358 -0.2254669964313508
v -0.28604599833488464 -0.2814249992370605 -0.20731399953365331
v -0.27261999249458313 -0.24066700041294092 -0.26403498649597174
v -0.24231700599193573 -0.20016999542713157 -0.31750199198722845
v -0.24967800080776215 -0.23408299684524528 -0.36218500137329107
v -0.20327599346637726 -0.1654150038957595 -0.3624950051307679
v -0.19970999658107758 -0.2005629986524581 -0.40031701326370245
v -0.1506509929895401 -0.13816399872303 -0.39572000503540045
v -0.1410219967365265 -0.17705500125885001 -0.4281069934368134
v -0.0742190033197403 -0.12890599668025962 -0.42236301302909857
v -0.07104499638080597 -0.16162100434303273 -0.44787600636482244
v -0.3367590010166168 -0.3768680095672607 -0.28225699067115795
v -0.32517701387405396 -0.3558200001716613 -0.3664630055427552
v -0.34623000025749207 -0.39842200279235834 -0.3416999876499177
v -0.3487809896469116 -0.42960599064826954 -0.39291998744010936
v -0.3503119945526123 -0.46770301461219776 -0.41551899909973156
v -0.2898949980735779 -0.3422589898109435 -0.4592429995536805
v -0.2952609956264496 -0.30792000889778126 -0.39035400748252874
v -0.35302799940109253 -0.424015998840332 -0.26687398552894603
v -0.3367590010166168 -0.3768680095672607 -0.28225699067115795
v -0.34623000025749207 -0.39842200279235834 -0.3416999876499177
v -0.36299800872802734 -0.4435589909553527 -0.32575300335884105
v -0.3714210093021393 -0.5129799842834472 -0.3762519955635072
v -0.3533959984779358 -0.5234479904174804 -0.42155399918556224
v -0.33395498991012573 -0.45336699485778803 -0.18767799437046062
v -0.29362401366233826 -0.432354986667633 -0.14903800189495095
v -0.36416101455688477 -0.4735980033874511 -0.2492250055074693
v -0.3763520121574402 -0.49473398923873896 -0.3159259855747224
v -0.37359899282455444 -0.5717390179634093 -0.378798007965088
v -0.3459889888763428 -0.582852005958557 -0.42331799864768993
v -0.2694149911403656 -0.4837630093097686 -0.12673899531364452
v -0.37018999457359314 -0.5264310240745544 -0.23551200330257427
v -0.3846459984779358 -0.5498300194740294 -0.3094959855079652
v -0.36754798889160156 -0.6262750029563903 -0.37953698635101335
v -0.33141499757766724 -0.6337789893150328 -0.4212819933891298
v -0.387050986289978 -0.6046940088272094 -0.3040120005607606
v -0.3728170096874237 -0.5814740061759949 -0.23046700656414046
v -0.23851999640464783 -0.5346410274505615 -0.11404900252819074
v -0.26934701204299927 -0.5956019759178162 -0.125662997364998
v -0.20861700177192688 -0.587369978427887 -0.11039700359106076
v -0.24216599762439728 -0.649986982345581 -0.12198799848556532
v -0.17830699682235718 -0.6458050012588501 -0.11897099763154997
v -0.32732900977134705 -0.6132590174674988 -0.1639499962329866
v -0.31282100081443787 -0.6641560196876526 -0.1552270054817201
v -0.3689129948616028 -0.6340680122375488 -0.22188499569892897
v -0.35943400859832764 -0.6836749911308289 -0.21159499883651747
v -0.38382700085639954 -0.6576740145683287 -0.29555699229240434
v -0.37530699372291565 -0.7050259709358214 -0.2799679934978487
v -0.31162700057029724 -0.6834459900856017 -0.41673400998115556
v -0.27619099617004395 -0.7347779870033263 -0.4085229933261873
v -0.285180002450943 -0.44660198688507063 -0.8316760063171388
v -0.23856499791145325 -0.7775200009346007 -0.4998039901256563
v -0.2122579962015152 -0.8028290271759032 -0.5252119898796084
v -0.18529300391674042 -0.8142799735069274 -0.4779959917068483
v -0.2122579962015152 -0.8028290271759032 -0.5252119898796084
v -0.2277510017156601 -0.7022879719734192 -0.12457499653100983
v -0.15747100114822388 -0.6950680017471313 -0.13793900609016435
v -0.30019500851631165 -0.7110990285873413 -0.14961199462413804
v -0.1790419965982437 -0.7546240091323853 -0.13290099799633043
v -0.22961799800395966 -0.7496330142021179 -0.12410999834537523
v -0.3486439883708954 -0.7300639748573303 -0.20293499529361742
v -0.341033011674881 -0.7743710279464722 -0.19429700076580064
v -0.29237401485443115 -0.7559829950332642 -0.14454799890518205
v -0.36478498578071594 -0.7509880065917968 -0.26672101020813005
v -0.23489700257778168 -0.776890993118286 -0.3928819894790651
v -0.19482900202274323 -0.8034980297088622 -0.3681879937648775
v -0.18367899954319 -0.8433340191841124 -0.3188360035419466
v -0.16300900280475616 -0.814745008945465 -0.33295500278472917
v -0.35606199502944946 -0.794260025024414 -0.25444999337196367
v -0.1390790045261383 -0.8100150227546691 -0.2930670082569124
v -0.15418300032615662 -0.8434990048408507 -0.279758006334305
v -0.1354680061340332 -0.827489972114563 -0.2308720052242281
v -0.1259869933128357 -0.7833729982376099 -0.2429540008306505
v -0.1259869933128357 -0.7833729982376099 -0.2429540008306505
v -0.12272399663925171 -0.7515559792518616 -0.20181199908256547
v -0.13602100312709808 -0.795756995677948 -0.19285300374031084
v -0.1354680061340332 -0.827489972114563 -0.2308720052242281
v -0.14784400165081024 -0.7736129760742188 -0.16126899421215074
v -0.13951100409030914 -0.7320529818534851 -0.1688600033521654
v -0.1877010017633438 -0.8021180033683777 -0.12592500448226945
v -0.15679700672626495 -0.8180959820747375 -0.14949199557304402
v -0.23252899944782257 -0.7959290146827698 -0.11971499770879764
v -0.2875019907951355 -0.7990229725837708 -0.13722300529479997
v -0.3359439969062805 -0.8148030042648315 -0.18380500376224537
v -0.34957098960876465 -0.8355950117111206 -0.24089999496936818
v -0.3518489897251129 -0.7740280032157897 -0.325280010700226
v -0.34431201219558716 -0.8148509860038756 -0.3094860017299654
v -0.33895599842071533 -0.8549559712409972 -0.290567994117737
v -0.3031980097293854 -0.8403480052947997 -0.3451679944992067
v -0.2978219985961914 -0.876995027065277 -0.3252060115337374
v -0.15846799314022064 -0.8763290047645568 -0.2678020000457766
v -0.13944099843502045 -0.8652799725532532 -0.2210710048675539
v -0.1423420011997223 -0.8410369753837585 -0.18003000319004078
v -0.13944099843502045 -0.8652799725532532 -0.2210710048675539
v -0.2033890038728714 -0.3943740129470825 -0.0479150004684926
v -0.06591799855232239 -0.4853520095348358 -0.011474999599158871
v 0 -0.4974370002746582 -0.006835999898612609
v 0 -0.44555699825286865 0.0014649999793617929
v -0.0668950006365776 -0.4350590109825134 -0.00048799999058256273
v -0.13793900609016418 -0.4189450144767761 -0.0158690009266139
v -0.15122100710868835 -0.46665701270103455 -0.041719999164342984
v -0.12725800275802612 -0.5374760031700134 -0.04760700091719639
v -0.0686039999127388 -0.5467529892921448 -0.028076000511646392
v 0 -0.5529789924621582 -0.02099600061774266
v 0 -0.6092529892921448 -0.042479999363422526
v 0 -0.6610109806060791 -0.07226599752903
v -0.052094001322984695 -0.7255859971046448 -0.13305699825286882
v 0 -0.7213129997253418 -0.12133800238370912
v 0 -0.7683110237121582 -0.18212899565696733
v -0.04501299932599068 -0.7675780057907104 -0.1867679953575136
v 0 -0.8046879768371582 -0.2436520010232927
v -0.04785199835896492 -0.8015140295028687 -0.24438500404357927
v -0.06046599894762039 -0.8277789950370787 -0.2977179884910585
v 0 -0.8330079913139342 -0.2949219942092897
v 0 -0.8623049855232238 -0.35925298929214494
v -0.13958700001239777 -0.8623049855232238 -0.504471004009247
v 0 -0.8798829913139342 -0.41110199689865135
v -0.06915300339460373 -0.8974609971046447 -0.5062869787216189
v 0 -0.9035639762878417 -0.49310299754142783
v -0.18744200468063354 -0.828769028186798 -0.5625780224800112
v -0.176146999001503 -0.8449710011482238 -0.603271007537842
v -0.1254269927740097 -0.886718988418579 -0.5803830027580263
v 0 -0.9211429953575133 -0.5747680068016054
v -0.06372100114822388 -0.9118649959564208 -0.5709379911422732
v -0.058410998433828354 -0.9250490069389342 -0.6429899930953982
v 0 -0.9311519861221312 -0.6392819881439211
v -0.12103299796581268 -0.8999019861221312 -0.65176397562027
v -0.17370599508285522 -0.8610839843749999 -0.6622310280799868
v -0.38916000723838806 -0.5769039988517759 -0.8419190049171449
v -0.29350700974464417 -0.9542530179023742 -0.4869169890880587
v -0.31717801094055176 -0.958180010318756 -0.4801439940929415
v -0.3161650002002716 -0.9741659760475158 -0.48486998677253745
v -0.2901589870452881 -0.9778590202331542 -0.49013501405715965
v -0.3419730067253113 -0.9761610031127929 -0.48959299921989463
v -0.3424690067768097 -0.9534810185432433 -0.48452898859977744
v -0.3669840097427368 -0.950182020664215 -0.4994339942932131
v -0.3887979984283447 -0.9473099708557128 -0.5067470073699953
v -0.2645399868488312 -0.9858549833297728 -0.495014011859894
v -0.262935996055603 -0.958150029182434 -0.48665699362754844
v -0.24228399991989136 -0.9851239919662474 -0.5117170214653017
v -0.238986998796463 -0.9586549997329711 -0.502924978733063
v -0.22363300621509552 -0.963135004043579 -0.5366209745407107
v -0.23796799778938293 -0.9892380237579345 -0.5468860268592837
v -0.23629799485206604 -0.988237977027893 -0.5824080109596255
v -0.4086860120296478 -0.9467110037803649 -0.5324429869651797
v -0.40299099683761597 -0.9791139960289 -0.5399860143661501
v -0.3442850112915039 -0.9934250116348265 -0.5158320069313052
v -0.3203659951686859 -0.997618019580841 -0.507534980773926
v -0.2943260073661804 -0.9968000054359435 -0.5110239982604983
v -0.26493000984191895 -1.0018409490585325 -0.5238379836082461
v -0.23922400176525116 -0.9342049956321715 -0.5125600099563601
v -0.26090899109840393 -0.9301490187644957 -0.497408986091614
v -0.2938370108604431 -0.9333829879760741 -0.4922370016574862
v -0.3177120089530945 -0.9326230287551879 -0.48327699303627036
v -0.3418389856815338 -0.9343960285186766 -0.488400995731354
v -0.3681800067424774 -0.9319949746131896 -0.5012739896774294
v -0.386231005191803 -0.9295830130577086 -0.5096719861030581
v -0.4035559892654419 -0.9270439743995665 -0.533118009567261
v -0.3610439896583557 -0.9143260121345519 -0.5106239914894106
v -0.2937760055065155 -0.9137110114097594 -0.5048360228538515
v -0.26535698771476746 -0.9131469726562499 -0.5127149820327761
v -0.24566100537776947 -0.9178010225296019 -0.5265870094299319
v -0.41061899065971375 -0.9272210001945494 -0.5664830207824709
v -0.3984319865703583 -0.9074100255966185 -0.5669929981231692
v -0.41366299986839294 -0.949060022830963 -0.5669590234756472
v -0.3981109857559204 -0.9815790057182311 -0.5678759813308718
v -0.41532498598098755 -0.9512749910354613 -0.6068639755249026
v -0.3972879946231842 -0.9790700078010558 -0.6056849956512453
v -0.23796799778938293 -0.9892380237579345 -0.5468860268592837
v -0.26493000984191895 -1.0018409490585325 -0.5238379836082461
v -0.26297101378440857 -0.9938039779663085 -0.5697649717330935
v -0.23629799485206604 -0.988237977027893 -0.5824080109596255
v -0.2967430055141449 -0.9962859749794005 -0.5598369836807253
v -0.2943260073661804 -0.9968000054359435 -0.5110239982604983
v -0.3203659951686859 -0.997618019580841 -0.507534980773926
v -0.3251410126686096 -0.9959189891815184 -0.5598890185356142
v -0.3442850112915039 -0.9934250116348265 -0.5158320069313052
v -0.3608570098876953 -0.9937540292739867 -0.556383013725281
v -0.37028101086616516 -0.9880260229110717 -0.5189840197563174
v -0.2529760003089905 -0.2640559971332549 -0.4243260025978089
v -0.0768980011343956 -0.19240899384021748 -0.49050301313400274
v -0.14275899529457092 -0.20639699697494496 -0.47689598798751837
v -0.2019599974155426 -0.2299250066280364 -0.4538510143756867
v -0.07684600353240967 -0.22535599768161763 -0.5403929948806763
v -0.14189699292182922 -0.2402999997138976 -0.5287449955940247
v -0.19876399636268616 -0.2643490135669707 -0.509517014026642
v -0.24809099733829498 -0.2983970046043395 -0.48500299453735357
v -0.24507999420166016 -0.32749998569488514 -0.5469260215759278
v -0.19867399334907532 -0.29326599836349476 -0.5695660114288331
v -0.14585399627685547 -0.2680779993534087 -0.5879560112953187
v -0.0893549993634224 -0.2526859939098357 -0.6018450260162355
v -0.08740200102329254 -0.27392598986625655 -0.6689450144767762
v -0.14838899672031403 -0.2903150022029875 -0.6516330242156984
v -0.2019049972295761 -0.31595399975776656 -0.6334199905395509
v -0.24793100357055664 -0.35006800293922413 -0.6120619773864747
v -0.08276399970054626 -0.2919920086860655 -0.7250980138778688
v -0.14924000203609467 -0.3104749917984007 -0.7150890231132508
v -0.2047639936208725 -0.336562007665634 -0.6998119950294496
v -0.253152996301651 -0.3702020049095152 -0.6801739931106568
v -0.0798339992761612 -0.3188480138778685 -0.7943120002746583
v -0.15190400183200836 -0.3360489904880522 -0.7798269987106324
v -0.2051219940185547 -0.35956099629402144 -0.7683029770851136
v -0.25916099548339844 -0.3936559855937956 -0.7543579936027528
v -0.1323239952325821 -0.3610840141773222 -0.8501279950141908
v -0.18774400651454926 -0.3804929852485655 -0.8393859863281251
v -0.058104999363422394 -0.5058590173721311 -1.032104015350342
v -0.0686039999127388 -0.4849849939346311 -1.0474849939346313
v -0.10620100051164627 -0.5281980037689207 -1.0385129451751711
v -0.11523400247097015 -0.5098879933357237 -1.0620119571685793
v -0.15136000514030457 -0.5488380193710325 -1.0770260095596316
v -0.14135700464248657 -0.5671390295028684 -1.0471190214157107
v -0.16280800104141235 -0.5933070182800291 -1.0875799655914309
v -0.1523440033197403 -0.606812000274658 -1.0520629882812502
v -0.14941400289535522 -0.6480410099029539 -1.1036380529403689
v -0.145019993185997 -0.6575160026550291 -1.0567779541015627
v -0.11132799834012985 -0.696197986602783 -1.1164549589157107
v -0.11425799876451492 -0.7105410099029539 -1.0637819766998293
v -0.0686039999127388 -0.7260739803314207 -1.1216130256652834
v -0.07006800174713135 -0.7468259930610655 -1.0677189826965334
v 0 -0.7436519861221311 -1.1281739473342898
v 0 -0.7580569982528684 -1.0697020292282107
v -0.17746399343013763 -0.5751829743385313 -1.130692005157471
v -0.16837500035762787 -0.5283179879188535 -1.108636021614075
v -0.16122600436210632 -0.6347399950027464 -1.15449595451355
v -0.1211400032043457 -0.6844859719276426 -1.1706190109252932
v -0.0737299993634224 -0.7175289988517759 -1.1760250329971316
v 0 -0.7333980202674864 -1.1829830408096316
v -0.13867199420928955 -0.4823000133037565 -1.0823969841003418
v -0.16393999755382538 -0.45608600974082925 -1.1017040014266968
v -0.1866379976272583 -0.5063949823379514 -1.1418880224227907
v -0.1905820071697235 -0.5576030015945432 -1.1788339614868166
v -0.169296994805336 -0.6120030283927915 -1.2148970365524294
v -0.1300320029258728 -0.6538630127906797 -1.241790056228638
v -0.0727510005235672 -0.692025005817413 -1.2530939579010012
v 0 -0.7061769962310788 -1.2576290369033816
v -0.06127899885177612 -0.6489260196685788 -1.3227540254592898
v 0 -0.6635739803314206 -1.3215939998626711
v -0.1313920021057129 -0.6161720156669613 -1.30037796497345
v -0.1717820018529892 -0.5777890086174008 -1.2671179771423342
v -0.1988389939069748 -0.5296499729156492 -1.226441025733948
v -0.1299149990081787 -0.5722380280494687 -1.3390040397644045
v -0.06372100114822388 -0.6022949814796444 -1.3615720272064211
v 0 -0.6145020127296444 -1.3657230138778689
v -0.06373800337314606 -0.5499250292778012 -1.3897670507431032
v 0 -0.5515140295028683 -1.3996579647064211
v 0 -0.47537499666213956 -1.4105160236358643
v -0.07269000262022018 -0.476785987615585 -1.4016549587249756
v -0.06744199991226196 -0.40766599774360623 -1.3942979574203491
v 0 -0.4091660082340237 -1.4014899730682373
v -0.06182499974966049 -0.34887400269508334 -1.3743849992752075
v 0 -0.3484309911727902 -1.379173994064331
v -0.12644299864768982 -0.5319499969482419 -1.3629820346832278
v -0.12592600286006927 -0.47233000397682157 -1.375910997390747
v -0.17333999276161194 -0.46578899025917025 -1.3309329748153687
v -0.12777799367904663 -0.4087620079517362 -1.3707330226898193
v -0.1738159954547882 -0.4055849909782407 -1.3289309740066528
v -0.12337499856948853 -0.3487539887428281 -1.3537720441818237
v -0.1697780042886734 -0.35095399618148776 -1.3139970302581787
v -0.2028529942035675 -0.4069649875164029 -1.2698780298233032
v -0.197285994887352 -0.3588150143623349 -1.2566909790039062
v -0.20435099303722382 -0.3697299957275388 -1.192633032798767
v 0 -0.28541100025176974 -1.3422969579696655
v -0.06199900060892105 -0.28748598694801303 -1.3387700319290161
v -0.11480800062417984 -0.2929640114307401 -1.3232849836349487
v -0.15936799347400665 -0.3013649880886075 -1.2869969606399536
v -0.18588300049304962 -0.3140079975128171 -1.2354329824447632
v -0.19519299268722534 -0.32713800668716403 -1.1774530410766602
v -0.1869650036096573 -0.3409830033779142 -1.1158599853515625
v 0 -0.23767100274562808 -1.3000489473342896
v -0.061406999826431274 -0.23916399478912326 -1.2948499917984009
v -0.05444300174713135 -0.2021480053663251 -1.2415770292282104
v 0 -0.19799800217151614 -1.24481201171875
v -0.1812009960412979 -0.2905560135841367 -1.1596699953079224
v -0.17700700461864471 -0.3041949868202207 -1.101699948310852
v -0.16162100434303284 -0.2554929852485654 -1.1396479606628418
v -0.15918000042438507 -0.2710570096969602 -1.0839539766311646
v -0.0524899996817112 -0.1799319982528684 -1.1693730354309082
v 0 -0.17309600114822363 -1.1782840490341187
v 0 -0.16796900331974005 -1.107146978378296
v -0.04980500042438507 -0.17651399970054601 -1.1074219942092896
v -0.09423799812793732 -0.19628900289535497 -1.1135859489440918
v -0.0920410007238388 -0.20654299855232217 -1.061156988143921
v -0.04809600114822388 -0.18774400651454903 -1.054137945175171
v 0 -0.1784670054912565 -1.0555729866027832
v -0.13427700102329254 -0.2241210043430326 -1.123626947402954
v -0.13549800217151642 -0.23919700086116766 -1.0727540254592896
v 0 -0.20825199782848336 -0.9997559785842896
v -0.05004899948835373 -0.21826200187206246 -0.9990230202674866
v -0.14739200472831726 -0.2881070077419279 -1.0387279987335205
v -0.16004499793052673 -0.323651999235153 -1.0517359972000122
v 0 -0.3051759898662565 -0.924072027206421
v 0 -0.25512701272964455 -0.9516599774360658
v -0.05407699942588806 -0.2595210075378416 -0.960448980331421
v -0.13134799897670746 -0.33660900592803933 -1.011841058731079
v -0.45117199420928955 -0.745299994945526 -0.6124110221862794
v -0.41821300983428955 -0.651184022426605 -0.843262016773224
v -0.42333999276161194 -0.7220460176467893 -0.8393549919128419
v -0.4538570046424866 -0.7066040039062499 -0.7489619851112367
v -0.3503420054912567 -0.599915027618408 -0.9228519797325135
v -0.3654789924621582 -0.6820679903030393 -0.9196779727935792
v -0.0720210000872612 -0.34765601158142073 -0.8559719920158387
v -0.11816400289535522 -0.40564000606536843 -0.9302669763565065
v -0.06005899980664253 -0.3867189884185789 -0.9231770038604737
v -0.17504900693893433 -0.42773398756980874 -0.9306640028953553
v -0.24472300708293915 -0.46101701259613015 -0.9163560271263124
v -0.058104999363422394 -0.5058590173721311 -1.032104015350342
v -0.09497100114822388 -0.4645999968051908 -0.9972990155220033
v -0.10620100051164627 -0.5281980037689207 -1.0385129451751711
v -0.1496579945087433 -0.4949339926242826 -1.005126953125
v -0.14135700464248657 -0.5671390295028684 -1.0471190214157107
v -0.1940920054912567 -0.5416870117187498 -1.0141600370407107
v -0.21386699378490448 -0.5899050235748289 -1.0183110237121584
v -0.1523440033197403 -0.606812000274658 -1.0520629882812502
v -0.145019993185997 -0.6575160026550291 -1.0567779541015627
v -0.20190399885177612 -0.6628569960594175 -1.0275419950485232
v -0.11425799876451492 -0.7105410099029539 -1.0637819766998293
v -0.15161100029945374 -0.7313230037689207 -1.0383299589157107
v -0.07006800174713135 -0.7468259930610655 -1.0677189826965334
v 0 -0.7580569982528684 -1.0697020292282107
v 0 -0.799561023712158 -1.0461430549621584
v -0.10473600029945374 -0.4328610002994535 -0.9663090109825135
v -0.16870099306106567 -0.457520008087158 -0.9685059785842897
v -0.23144499957561493 -0.5023189783096311 -0.9707030057907106
v -0.2695310115814209 -0.567809998989105 -0.9831539988517762
v -0.23144499957561493 -0.5023189783096311 -0.9707030057907106
v -0.2695310115814209 -0.567809998989105 -0.9831539988517762
v -0.28759801387786865 -0.6547240018844602 -0.9851070046424867
v -0.3620609939098358 -0.7533569931983946 -0.9068599939346316
v -0.4392090141773224 -0.7923579812049865 -0.6217799782752993
v -0.4189450144767761 -0.8350070118904113 -0.6281740069389345
v 0 -0.8598629832267759 -0.9992679953575136
v 0 -0.8958740234374998 -0.9484859704971316
v -0.05627400055527687 -0.8885499835014341 -0.9506840109825136
v 0 -0.9255369901657102 -0.8828129768371584
v -0.05480999872088432 -0.9174799919128416 -0.8920900225639345
v -0.11279299855232239 -0.9072269797325132 -0.8774409890174868
v -0.1631470024585724 -0.8867189884185789 -0.8478999733924868
v 0 -0.9433590173721311 -0.803710997104645
v -0.050415001809597015 -0.9374999999999998 -0.8056030273437502
v -0.10839799791574478 -0.9191889762878416 -0.8062739968299868
v -0.052184998989105225 -0.9348139762878417 -0.7194979786872866
v 0 -0.9409180283546447 -0.716919004917145
v -0.16247600317001343 -0.8845210075378416 -0.7988889813423159
v -0.22987000644207 -0.8552740216255187 -0.5682160258293154
v -0.18744200468063354 -0.828769028186798 -0.5625780224800112
v -0.176146999001503 -0.8449710011482238 -0.603271007537842
v -0.17370599508285522 -0.8610839843749999 -0.6622310280799868
v -0.1809079945087433 -0.8995360136032103 -0.7167969942092898
v -0.16667599976062775 -0.871093988418579 -0.727294981479645
v -0.1752929985523224 -0.9045410156249998 -0.7851560115814211
v -0.16247600317001343 -0.8845210075378416 -0.7988889813423159
v -0.17651399970054626 -0.9056400060653684 -0.8325200080871584
v -0.1631470024585724 -0.8867189884185789 -0.8478999733924868
v -0.2821660041809082 -0.8393549919128416 -0.9221190214157107
v -0.2830809950828552 -0.8833010196685789 -0.9064940214157107
v -0.34570300579071045 -0.819289982318878 -0.899169981479645
v -0.4470210075378418 -0.7643970251083372 -0.7530750036239626
v -0.4113770127296448 -0.7805179953575132 -0.8369140028953554
v -0.2135010063648224 -0.8137210011482237 -0.978271007537842
v -0.2902829945087433 -0.7886959910392759 -0.9550780057907107
v -0.21429400146007538 -0.8544920086860655 -0.9184569716453554
v -0.23193399608135223 -0.8893589973449705 -0.8989260196685793
v -0.27470600605010986 -0.848294973373413 -0.5441600084304812
v -0.2631840109825134 -0.8798829913139342 -0.5778809785842898
v -0.19165000319480896 -0.8990550041198728 -0.8757320046424868
v -0.18164099752902985 -0.8752440214157102 -0.8791499733924868
v -0.18603500723838806 -0.9406740069389341 -0.8283690214157107
v -0.1875 -0.9383540153503417 -0.7090449929237368
v -0.4560549855232239 -0.7511289715766906 -0.6862490177154543
v -0.4287109971046448 -0.8382949829101561 -0.7070080041885378
v -0.4013670086860657 -0.8738250136375426 -0.7177889943122866
v -0.44457998871803284 -0.7995759844779967 -0.696044981479645
v -0.4055179953575134 -0.8706359863281248 -0.7705079913139345
v -0.39868199825286865 -0.9149630069732664 -0.7719730138778689
v -0.4057619869709015 -0.9164280295372008 -0.7172849774360659
v -0.2377929985523224 -0.9243320226669309 -0.8945310115814211
v -0.23638899624347687 -0.9643549919128416 -0.8603519797325136
v -0.2847749888896942 -0.9610829949378965 -0.868605971336365
v -0.28320300579071045 -0.9155269861221311 -0.9008790254592898
v -0.3347780108451843 -0.9459229707717893 -0.8557130098342898
v -0.3364259898662567 -0.9070209860801695 -0.8782960176467898
v -0.3725590109825134 -0.9099730253219602 -0.8356930017471316
v -0.36315199732780457 -0.9434930086135862 -0.8247330188751223
v -0.3874509930610657 -0.943603992462158 -0.7775880098342898
v -0.18334999680519104 -0.9433590173721311 -0.7784420251846316
v -0.20689600706100464 -0.9672470092773435 -0.8207269906997683
v -0.11558499932289124 -0.9099119901657103 -0.7241209745407107
v -0.4035640060901642 -0.9431149959564208 -0.7248539924621584
v -0.21824400126934052 -0.9763489961624144 -0.6122220158576968
v -0.2109380066394806 -0.9719240069389342 -0.6522219777107241
v -0.2053219974040985 -0.9681400060653685 -0.7125239968299868
v -0.20174899697303772 -0.9668160080909727 -0.7718499898910525
v -0.25301501154899597 -0.9941639900207518 -0.6111509799957278
v -0.21824400126934052 -0.9763489961624144 -0.6122220158576968
v -0.24543699622154236 -0.9910219907760619 -0.6562719941139223
v -0.2109380066394806 -0.9719240069389342 -0.6522219777107241
v -0.2416660040616989 -0.9873989820480346 -0.7125269770622256
v -0.2053219974040985 -0.9681400060653685 -0.7125239968299868
v -0.2360289990901947 -0.9853810071945188 -0.7644270062446596
v -0.20174899697303772 -0.9668160080909727 -0.7718499898910525
v -0.2350270003080368 -0.9834660291671751 -0.7966399788856509
v -0.20689600706100464 -0.9672470092773435 -0.8207269906997683
v -0.25989899039268494 -0.9836660027503965 -0.817394018173218
v -0.2896200120449066 -0.9812570214271543 -0.8221430182456972
v -0.2739979922771454 -0.9899979829788206 -0.762534022331238
v -0.2800860106945038 -0.9940540194511412 -0.7119219899177553
v -0.282927006483078 -0.9997879862785338 -0.6631489992141726
v -0.29085299372673035 -1.0050009489059446 -0.6083030104637148
v -0.23193399608135223 -0.8893589973449705 -0.8989260196685793
v -0.21429400146007538 -0.8544920086860655 -0.9184569716453554
v -0.16667599976062775 -0.871093988418579 -0.727294981479645
v -0.41271498799324036 -0.9486089944839476 -0.6635820269584658
v -0.3915340006351471 -0.9797940254211425 -0.6559839844703677
v -0.38164299726486206 -0.9739689826965331 -0.7253000140190127
v -0.3585059940814972 -0.998425006866455 -0.6086339950561526
v -0.3545899987220764 -0.9946770071983336 -0.6590719819068911
v -0.31459900736808777 -1.0016609430313108 -0.6621159911155703
v -0.32291901111602783 -1.005300998687744 -0.6063929796218874
v -0.30582600831985474 -0.9942950010299682 -0.7157289981842043
v -0.2984510064125061 -0.9895679950714109 -0.7657660245895388
v -0.3496359884738922 -0.9879739880561828 -0.7217980027198794
v -0.23879200220108032 -0.8395730257034302 -0.11341100186109561
v -0.3458920121192932 -0.86564701795578 -0.22606800496578236
v -0.33573898673057556 -0.8859609961509703 -0.2732459902763369
v -0.2944909930229187 -0.9064940214157103 -0.30786100029945396
v -0.25010499358177185 -0.9124479889869689 -0.31528601050376914
v -0.20381399989128113 -0.9099299907684325 -0.30086401104927085
v -0.16406799852848053 -0.9082970023155211 -0.25826099514961265
v -0.1427460014820099 -0.9016299843788147 -0.21113300323486348
v -0.16605299711227417 -0.8588520288467407 -0.13501599431037922
v -0.1985200047492981 -0.8445299863815308 -0.11725399643182774
v -0.33158400654792786 -0.915781021118164 -0.25769498944282554
v -0.2951659858226776 -0.9331049919128417 -0.2890630066394808
v -0.24862700700759888 -0.9396970272064208 -0.2985840141773226
v -0.20898400247097015 -0.9393309950828551 -0.28613299131393455
v -0.1681160032749176 -0.937982976436615 -0.24527800083160423
v -0.14295099675655365 -0.93156898021698 -0.19279199838638325
v -0.15130099654197693 -0.9575440287590027 -0.19391100108623527
v -0.16543099284172058 -0.9774889945983887 -0.19397400319576286
v -0.28445199131965637 -0.9980300068855286 -0.18331299722194694
v -0.24542200565338135 -1.002377986907959 -0.18731699883937858
v -0.21166500449180603 -1.000417947769165 -0.19078299403190635
vt 0.34183868765830994 0.2559436559677124
vt 0.3396429717540741 0.2652387022972107
vt 0.34462112188339233 0.268004834651947
vt 0.3473893404006958 0.2767001986503601
vt 0.3588969111442566 0.273234486579895
vt 0.3501717746257782 0.2628418803215027
vt 0.3390674293041229 0.27134984731674194
vt 0.3401063084602356 0.27781784534454346
vt 0.326151043176651 0.30840611457824707
vt 0.33457571268081665 0.3113173842430115
vt 0.33428966999053955 0.29996275901794434
vt 0.326151043176651 0.32035595178604126
vt 0.33524665236473083 0.3215532898902893
vt 0.5068305730819702 0.8890121728181839
vt 0.492323100566864 0.8794533014297485
vt 0.503635585308075 0.8917718753218651
vt 0.5006465911865234 0.8943536207079887
vt 0.4920593202114105 0.8925908952951431
vt 0.4592949450016022 0.883655458688736
vt 0.4667988717556 0.8667950630187988
vt 0.45254120230674744 0.8551590740680695
vt 0.49613386392593384 0.8721531927585602
vt 0.4973398447036743 0.8579408824443817
vt 0.4859442412853241 0.8651753067970276
vt 0.47617658972740173 0.8489183187484741
vt 0.35315918922424316 0.20116055011749268
vt 0.34499600529670715 0.18053841590881348
vt 0.33853742480278015 0.19902431964874268
vt 0.3816384971141815 0.17964208126068115
vt 0.36891910433769226 0.19342488050460815
vt 0.38605189323425293 0.19590407609939575
vt 0.4352610409259796 0.3304978609085083
vt 0.435943603515625 0.3123517632484436
vt 0.41152703762054443 0.31636524200439453
vt 0.41833481192588806 0.253997802734375
vt 0.43704622983932495 0.2443062663078308
vt 0.4237158000469208 0.22000592947006226
vt 0.3972424268722534 0.1827768087387085
vt 0.40048113465309143 0.20597076416015625
vt 0.4107045829296112 0.1871585249900818
vt 0.43187472224235535 0.8836171925067902
vt 0.45478931069374084 0.8963824287056923
vt 0.5190920829772949 0.9030588865280151
vt 0.5282084345817566 0.9047804027795792
vt 0.5224447250366211 0.8999784141778946
vt 0.326151043176651 0.08125323057174683
vt 0.3766392469406128 0.06688028573989868
vt 0.3617907762527466 0.05325800180435181
vt 0.5043277144432068 0.2553253769874573
vt 0.5182850956916809 0.22773116827011108
vt 0.49322912096977234 0.238339364528656
vt 0.540285050868988 0.2465420365333557
vt 0.5454237461090088 0.17430251836776733
vt 0.5250522494316101 0.19132333993911743
vt 0.5364418625831604 0.20732605457305908
vt 0.5626049637794495 0.9107866585254669
vt 0.5862199068069458 0.9213484451174736
vt 0.581390380859375 0.9057187959551811
vt 0.5007611513137817 0.12045985460281372
vt 0.480314165353775 0.09963756799697876
vt 0.4756830632686615 0.1127275824546814
vt 0.4850991666316986 0.08014422655105591
vt 0.501419186592102 0.09717410802841187
vt 0.5440080761909485 0.8546331822872162
vt 0.5337240695953369 0.8346276581287384
vt 0.5234991908073425 0.8588826656341553
vt 0.5629717111587524 0.8498696386814117
vt 0.5590482950210571 0.8682900667190552
vt 0.579465389251709 0.8612785637378693
vt 0.4780544936656952 0.047578632831573486
vt 0.44857314229011536 0.047532498836517334
vt 0.4514375329017639 0.05964177846908569
vt 0.36886292695999146 0.2339308261871338
vt 0.37589314579963684 0.2312200665473938
vt 0.3669877350330353 0.22853410243988037
vt 0.36895278096199036 0.22130733728408813
vt 0.3762819170951843 0.22019034624099731
vt 0.38251832127571106 0.22493994235992432
vt 0.3841940760612488 0.23284602165222168
vt 0.38277506828308105 0.23852747678756714
vt 0.3765694499015808 0.23939543962478638
vt 0.37138158082962036 0.23812556266784668
vt 0.45302635431289673 0.3311302065849304
vt 0.45940878987312317 0.3147956132888794
vt 0.5031063556671143 0.31066566705703735
vt 0.48501458764076233 0.31090909242630005
vt 0.4862566888332367 0.3353973627090454
vt 0.805335521697998 0.38107800483703613
vt 0.8154526352882385 0.3762606978416443
vt 0.8076279759407043 0.37112104892730713
vt 0.8211892247200012 0.3670462369918823
vt 0.7939006090164185 0.4294031262397766
vt 0.793080747127533 0.41957879066467285
vt 0.7866190671920776 0.42520713806152344
vt 0.8119681477546692 0.3844854235649109
vt 0.8194919228553772 0.3861834406852722
vt 0.8216353058815002 0.3790527582168579
vt 0.8201938271522522 0.4147236943244934
vt 0.8304629921913147 0.41347992420196533
vt 0.8215416669845581 0.4091123938560486
vt 0.8341270685195923 0.39100325107574463
vt 0.8263558149337769 0.3877047896385193
vt 0.8254852294921875 0.3937194347381592
vt 0.8267595171928406 0.37993115186691284
vt 0.8269897699356079 0.3723161220550537
vt 0.8320593237876892 0.37506383657455444
vt 0.8347163200378418 0.3804137706756592
vt 0.8192351460456848 0.43336087465286255
vt 0.8262749314308167 0.43208348751068115
vt 0.8192025423049927 0.4279443621635437
vt 0.19613559544086456 0.5902344286441803
vt 0.21258865296840668 0.6085762083530426
vt 0.21984374523162842 0.5986221432685852
vt 0.23071691393852234 0.6300893127918243
vt 0.18917375802993774 0.4757908582687378
vt 0.19773976504802704 0.49407780170440674
vt 0.21387141942977905 0.4875692129135132
vt 0.19053243100643158 0.5624778568744659
vt 0.20824028551578522 0.5622035264968872
vt 0.20212718844413757 0.5428338944911957
vt 0.9413737654685974 0.5332273244857788
vt 0.938262939453125 0.5447948575019836
vt 0.9508808851242065 0.5394277572631836
vt 0.9740037322044373 0.4765065312385559
vt 0.9661679863929749 0.48563408851623535
vt 0.9772908091545105 0.49042510986328125
vt 0.9392744302749634 0.46571964025497437
vt 0.9305493235588074 0.4511333107948303
vt 0.9231401085853577 0.4654713273048401
vt 0.11155282706022263 0.6141301691532135
vt 0.09662002325057983 0.6188479363918304
vt 0.10388109087944031 0.6276355981826782
vt 0.8530239462852478 0.5216289758682251
vt 0.875252366065979 0.5215556621551514
vt 0.8652649521827698 0.5094101428985596
vt 0.8395979404449463 0.5138012170791626
vt 0.829059898853302 0.5237360596656799
vt 0.8152247667312622 0.5155143737792969
vt 0.8107725977897644 0.5258557796478271
vt 0.8079667687416077 0.5076770782470703
vt 0.7949202060699463 0.5151050686836243
vt 0.14026866853237152 0.4682302474975586
vt 0.11784058809280396 0.46512603759765625
vt 0.11874701082706451 0.47737789154052734
vt 0.042514197528362274 0.6260277330875397
vt 0.04685303568840027 0.6461208164691925
vt 0.06236916780471802 0.6386245787143707
vt 0.770659327507019 0.2325977087020874
vt 0.779952347278595 0.23506438732147217
vt 0.7768937945365906 0.2286342978477478
vt 0.7819079160690308 0.25483328104019165
vt 0.7817365527153015 0.2662251591682434
vt 0.7874795794487 0.2571403980255127
vt 0.8139519095420837 0.2618888020515442
vt 0.8125089406967163 0.2662582993507385
vt 0.8207237720489502 0.26728546619415283
vt 0.7659339308738708 0.25529783964157104
vt 0.7668107748031616 0.26361411809921265
vt 0.7710279226303101 0.2546420097351074
vt 0.7739127278327942 0.8778336271643639
vt 0.7593705058097839 0.8855011910200119
vt 0.7781431078910828 0.8905118852853775
vt 0.7080746293067932 0.8738260418176651
vt 0.7298328876495361 0.881667248904705
vt 0.718262791633606 0.8670971840620041
vt 0.7096262574195862 0.8848709464073181
vt 0.6906741857528687 0.8727934509515762
vt 0.6929627656936646 0.8610827475786209
vt 0.7303910255432129 0.8959648534655571
vt 0.7540243268013 0.8941876739263535
vt 0.6889496445655823 0.9479444101452827
vt 0.7007154226303101 0.9339108765125275
vt 0.6870551705360413 0.927727073431015
vt 0.6990888714790344 0.9235978573560715
vt 0.7038283348083496 0.9441826939582825
vt 0.7901083827018738 0.9348829537630081
vt 0.7904360294342041 0.928395614027977
vt 0.7746906280517578 0.9327003881335258
vt 0.8016568422317505 0.9392048791050911
vt 0.8016568422317505 0.9319901391863823
vt 0.7594093680381775 0.9433660805225372
vt 0.759393036365509 0.9288174733519554
vt 0.7747087478637695 0.920821949839592
vt 0.764137864112854 0.9093526899814606
vt 0.7760205268859863 0.9000184759497643
vt 0.7789472341537476 0.9111548066139221
vt 0.8016568422317505 0.9081175550818443
vt 0.7913457155227661 0.9190720766782761
vt 0.8016568422317505 0.9251809120178223
vt 0.748643696308136 0.9073759093880653
vt 0.727507472038269 0.3546772599220276
vt 0.7373248338699341 0.34477245807647705
vt 0.7199493050575256 0.3343862295150757
vt 0.7015278935432434 0.34827524423599243
vt 0.71620774269104 0.3624137043952942
vt 0.6861546635627747 0.36599916219711304
vt 0.6999652981758118 0.3671005368232727
vt 0.6412751078605652 0.3627314567565918
vt 0.6161982417106628 0.3565657138824463
vt 0.6359300017356873 0.3760443329811096
vt 0.24344070255756378 0.6607548892498016
vt 0.26050931215286255 0.6856101453304291
vt 0.2587684094905853 0.6564413011074066
vt 0.6032183766365051 0.3106728196144104
vt 0.614834189414978 0.28973859548568726
vt 0.5951066017150879 0.2714430093765259
vt 0.1936028152704239 0.7455016672611237
vt 0.1877385824918747 0.7656716406345367
vt 0.21043433248996735 0.7487041056156158
vt 0.6805679202079773 0.3387971520423889
vt 0.20417433977127075 0.7892690598964691
vt 0.17996016144752502 0.7891457825899124
vt 0.7763568162918091 0.29986780881881714
vt 0.7581859230995178 0.29986780881881714
vt 0.7750533223152161 0.3117886185646057
vt 0.8395935893058777 0.29015445709228516
vt 0.8181881308555603 0.28482794761657715
vt 0.8221443891525269 0.2942178249359131
vt 0.7723561525344849 0.2756507396697998
vt 0.7735502123832703 0.26354920864105225
vt 0.7859397530555725 0.2787643074989319
vt 0.7891690731048584 0.270480751991272
vt 0.7052949070930481 0.3267068862915039
vt 0.6747687458992004 0.271969199180603
vt 0.6764969229698181 0.2653341293334961
vt 0.6549517512321472 0.25774312019348145
vt 0.48461344838142395 0.1531410813331604
vt 0.47088101506233215 0.13157612085342407
vt 0.4641696512699127 0.14004617929458618
vt 0.5362790822982788 0.08808654546737671
vt 0.5323807001113892 0.10548657178878784
vt 0.560275137424469 0.10298413038253784
vt 0.46646901965141296 0.0691947340965271
vt 0.04363435506820679 0.5171721279621124
vt 0.06261075288057327 0.4999680519104004
vt 0.04787755012512207 0.49299848079681396
vt 0.6709524989128113 0.3605375289916992
vt 0.6749785542488098 0.8584490120410919
vt 0.6802634000778198 0.8506432920694351
vt 0.7494841814041138 0.9417378753423691
vt 0.7522163391113281 0.9507516622543335
vt 0.5406064391136169 0.8775385320186615
vt 0.5346429944038391 0.8669919669628143
vt 0.5250184535980225 0.8852985128760338
vt 0.7950325012207031 0.3080098032951355
vt 0.7886959910392761 0.3191658854484558
vt 0.6963800191879272 0.2791697382926941
vt 0.698574423789978 0.2904473543167114
vt 0.3318333923816681 0.6965896189212799
vt 0.34111788868904114 0.7128917872905731
vt 0.34052807092666626 0.6934334337711334
vt 0.8256537914276123 0.2613377571105957
vt 0.831253170967102 0.2707815170288086
vt 0.8262062668800354 0.2773374319076538
vt 0.840854823589325 0.2774324417114258
vt 0.7789087295532227 0.28451621532440186
vt 0.7603943943977356 0.2806078791618347
vt 0.7594704031944275 0.2683858275413513
vt 0.8017908334732056 0.28137654066085815
vt 0.7961832284927368 0.27331602573394775
vt 0.812816321849823 0.2816728353500366
vt 0.8178152441978455 0.2747660279273987
vt 0.8105723261833191 0.2746819257736206
vt 0.8028704524040222 0.27445417642593384
vt 0.750491201877594 0.27077484130859375
vt 0.7378050684928894 0.2753008008003235
vt 0.17415061593055725 0.7364682257175446
vt 0.15794841945171356 0.739019900560379
vt 0.1649218052625656 0.762208417057991
vt 0.9186708927154541 0.2873232960700989
vt 0.9076604843139648 0.27549999952316284
vt 0.9058422446250916 0.2884902358055115
vt 0.6870464086532593 0.23767882585525513
vt 0.6968700885772705 0.23932212591171265
vt 0.6957407593727112 0.23176473379135132
vt 0.6810330152511597 0.23497414588928223
vt 0.733417272567749 0.2616040110588074
vt 0.7481235861778259 0.2614628076553345
vt 0.7466655373573303 0.254840612411499
vt 0.8423715829849243 0.43185174465179443
vt 0.8293232917785645 0.4243106245994568
vt 0.8394842743873596 0.45052623748779297
vt 0.8295089602470398 0.44064706563949585
vt 0.8296471238136292 0.4504830837249756
vt 0.8463481664657593 0.3609433174133301
vt 0.8362769484519958 0.36083531379699707
vt 0.8377511501312256 0.3705369234085083
vt 0.7683194279670715 0.4896883964538574
vt 0.7576678395271301 0.4774680733680725
vt 0.7542145848274231 0.4861387014389038
vt 0.7809672951698303 0.48775291442871094
vt 0.7700894474983215 0.4828476309776306
vt 0.81773442029953 0.461095929145813
vt 0.8253366947174072 0.4617641568183899
vt 0.8220170736312866 0.45200085639953613
vt 0.8118130564689636 0.4691505432128906
vt 0.809471070766449 0.4641152620315552
vt 0.8025047779083252 0.4775807857513428
vt 0.8017735481262207 0.4662474989891052
vt 0.7948578596115112 0.4730433225631714
vt 0.7769586443901062 0.4808165431022644
vt 0.7913514971733093 0.4846544861793518
vt 0.7862497568130493 0.47677081823349
vt 0.7629952430725098 0.47228097915649414
vt 0.8447440266609192 0.3761278986930847
vt 0.8155139684677124 0.452892005443573
vt 0.4563782513141632 0.3002459406852722
vt 0.8158371448516846 0.36188602447509766
vt 0.326151043176651 0.2978672981262207
vt 0.4185037314891815 0.20176661014556885
vt 0.3614819049835205 0.17725300788879395
vt 0.516221284866333 0.8813520073890686
vt 0.5123588442802429 0.8937189877033234
vt 0.5171732306480408 0.8904497027397156
vt 0.47992292046546936 0.8745908439159393
vt 0.4320727288722992 0.8680732548236847
vt 0.5089731216430664 0.07671374082565308
vt 0.21376343071460724 0.583334356546402
vt 0.23300673067569733 0.6042956709861755
vt 0.7803393602371216 0.9450581222772598
vt 0.8016568422317505 0.917434923350811
vt 0.7047324180603027 0.9548845291137695
vt 0.6748747825622559 0.9348049610853195
vt 0.437331885099411 0.35127443075180054
vt 0.40632328391075134 0.3436822295188904
vt 0.5174374580383301 0.2794188857078552
vt 0.31265905499458313 0.2652387022972107
vt 0.31046321988105774 0.2559436559677124
vt 0.30768105387687683 0.268004834651947
vt 0.2934052050113678 0.273234486579895
vt 0.3049127757549286 0.2767001986503601
vt 0.30213043093681335 0.2628418803215027
vt 0.3132345974445343 0.27134984731674194
vt 0.31219586730003357 0.27781784534454346
vt 0.3177262842655182 0.3113173842430115
vt 0.3180122971534729 0.29996275901794434
vt 0.3170555531978607 0.3215532898902893
vt 0.3800770938396454 0.9309644773602486
vt 0.39487069845199585 0.9231671839952469
vt 0.3929741084575653 0.9197854474186897
vt 0.35176882147789 0.9341817945241928
vt 0.350449800491333 0.915773905813694
vt 0.33440226316452026 0.9402717016637325
vt 0.377474308013916 0.9529000259935856
vt 0.3811761140823364 0.9391253255307674
vt 0.36922043561935425 0.942219864577055
vt 0.3545037508010864 0.954182829707861
vt 0.3073059618473053 0.18053841590881348
vt 0.2991430163383484 0.20116055011749268
vt 0.313764750957489 0.19902431964874268
vt 0.28338295221328735 0.19342488050460815
vt 0.27066367864608765 0.17964208126068115
vt 0.2662503123283386 0.19590407609939575
vt 0.216358482837677 0.3123517632484436
vt 0.21704095602035522 0.3304978609085083
vt 0.24077516794204712 0.31636524200439453
vt 0.2152557075023651 0.2443062663078308
vt 0.2339671552181244 0.253997802734375
vt 0.22858640551567078 0.22000592947006226
vt 0.25505974888801575 0.1827768087387085
vt 0.2518208622932434 0.20597076416015625
vt 0.24159753322601318 0.1871585249900818
vt 0.3505435585975647 0.9022732302546501
vt 0.3246532082557678 0.9064793512225151
vt 0.2756628096103668 0.06688028573989868
vt 0.2905113995075226 0.05325800180435181
vt 0.1340169608592987 0.22773116827011108
vt 0.14797443151474 0.2553253769874573
vt 0.15907281637191772 0.238339364528656
vt 0.11201698333024979 0.2465420365333557
vt 0.12724986672401428 0.19132333993911743
vt 0.106878362596035 0.17430251836776733
vt 0.11586015671491623 0.20732605457305908
vt 0.48262616991996765 0.9235206544399261
vt 0.45682623982429504 0.925416387617588
vt 0.47276660799980164 0.9365741312503815
vt 0.17198815941810608 0.09963756799697876
vt 0.15154072642326355 0.12045985460281372
vt 0.1766187846660614 0.1127275824546814
vt 0.1672029197216034 0.08014422655105591
vt 0.15088286995887756 0.09717410802841187
vt 0.4037538170814514 0.987202919088304
vt 0.4202316403388977 0.9718910194933414
vt 0.40239277482032776 0.9609161652624607
vt 0.43902137875556946 0.9641664065420628
vt 0.4364425837993622 0.9828227832913399
vt 0.45583388209342957 0.9777073338627815
vt 0.20372894406318665 0.047532498836517334
vt 0.17424756288528442 0.047578632831573486
vt 0.20086461305618286 0.05964177846908569
vt 0.27640897035598755 0.2312200665473938
vt 0.28343909978866577 0.2339308261871338
vt 0.2853146195411682 0.22853410243988037
vt 0.2833493947982788 0.22130733728408813
vt 0.27602022886276245 0.22019034624099731
vt 0.26978373527526855 0.22493994235992432
vt 0.26810798048973083 0.23284602165222168
vt 0.26952701807022095 0.23852747678756714
vt 0.27573269605636597 0.23939543962478638
vt 0.28092047572135925 0.23812556266784668
vt 0.19289329648017883 0.3147956132888794
vt 0.19927573204040527 0.3311302065849304
vt 0.16728734970092773 0.31090909242630005
vt 0.1491958200931549 0.31066566705703735
vt 0.16604548692703247 0.3353973627090454
vt 0.7747416496276855 0.7431581616401672
vt 0.7646244764328003 0.7383413314819336
vt 0.7669168710708618 0.7482981085777283
vt 0.7804782390594482 0.7523729056119919
vt 0.7523699998855591 0.699840247631073
vt 0.7531898617744446 0.6900160312652588
vt 0.7459082007408142 0.694212019443512
vt 0.7787808775901794 0.7332358956336975
vt 0.7712574005126953 0.7349337935447693
vt 0.7809244394302368 0.7403662800788879
vt 0.7897521257400513 0.7059395909309387
vt 0.7794827222824097 0.704695463180542
vt 0.780830979347229 0.7103067636489868
vt 0.7856447100639343 0.7317145466804504
vt 0.7934163212776184 0.7284160256385803
vt 0.7847744822502136 0.7256995439529419
vt 0.7860484719276428 0.739487886428833
vt 0.7862788438796997 0.7471029162406921
vt 0.791348397731781 0.7443551421165466
vt 0.7940055727958679 0.7390053272247314
vt 0.7855643033981323 0.6873357892036438
vt 0.7785242199897766 0.6860581636428833
vt 0.7784914970397949 0.6914747357368469
vt 0.4630930423736572 0.6009829938411713
vt 0.4784049391746521 0.5816784501075745
vt 0.4552484452724457 0.5914866626262665
vt 0.44630110263824463 0.6235546469688416
vt 0.4709797203540802 0.48579561710357666
vt 0.4784224331378937 0.46702325344085693
vt 0.4544835090637207 0.4802759885787964
vt 0.46462464332580566 0.5544321238994598
vt 0.4823167026042938 0.553633451461792
vt 0.46955347061157227 0.5347278118133545
vt 0.897551953792572 0.5746245980262756
vt 0.900662899017334 0.5861918330192566
vt 0.9101700186729431 0.5799911618232727
vt 0.9254570007324219 0.6337853074073792
vt 0.9332929849624634 0.6429128050804138
vt 0.9365801811218262 0.6289941668510437
vt 0.8898385167121887 0.6682857871055603
vt 0.8985632658004761 0.653699517250061
vt 0.8824294209480286 0.6539480686187744
vt 0.5794706344604492 0.6042120456695557
vt 0.5642797946929932 0.6004073619842529
vt 0.5727553367614746 0.6134233772754669
vt 0.8345416784286499 0.597863495349884
vt 0.8123130798339844 0.5977900624275208
vt 0.8245542049407959 0.6100090742111206
vt 0.7988870143890381 0.605617880821228
vt 0.7883487939834595 0.5956831574440002
vt 0.7745140790939331 0.6039050817489624
vt 0.7700617909431458 0.5935633182525635
vt 0.7672563195228577 0.6117422580718994
vt 0.7542092800140381 0.6043141484260559
vt 0.5489788055419922 0.45205771923065186
vt 0.5267797708511353 0.45651447772979736
vt 0.5488160848617554 0.4643418788909912
vt 0.6307981014251709 0.6284206211566925
vt 0.6339119672775269 0.6081016659736633
vt 0.6148567199707031 0.6218779385089874
vt 0.7950640320777893 0.06448817253112793
vt 0.804352343082428 0.06200456619262695
vt 0.7981107831001282 0.05805253982543945
vt 0.7933374047279358 0.09565210342407227
vt 0.7931451201438904 0.08426046371459961
vt 0.7875776886940002 0.0865781307220459
vt 0.7625653147697449 0.09574198722839355
vt 0.7611141800880432 0.09137535095214844
vt 0.7543525099754333 0.09678483009338379
vt 0.8082583546638489 0.09301352500915527
vt 0.8091195225715637 0.08469581604003906
vt 0.804024875164032 0.08404946327209473
vt 0.8439433574676514 0.8855011910200119
vt 0.829400897026062 0.8778336271643639
vt 0.825170636177063 0.8905118852853775
vt 0.8734809160232544 0.881667248904705
vt 0.8952390551567078 0.8738260418176651
vt 0.8850509524345398 0.8670971840620041
vt 0.8936874270439148 0.8848709464073181
vt 0.9126394391059875 0.8727934509515762
vt 0.9103509187698364 0.8610827475786209
vt 0.8492892980575562 0.8941876739263535
vt 0.8729227185249329 0.8959648534655571
vt 0.9025983810424805 0.9339108765125275
vt 0.9143642783164978 0.9479444101452827
vt 0.9162585735321045 0.927727073431015
vt 0.9042247533798218 0.9235978573560715
vt 0.8994852304458618 0.9441826939582825
vt 0.8128776550292969 0.928395614027977
vt 0.8132056593894958 0.9348829537630081
vt 0.8286232352256775 0.9327003881335258
vt 0.8439041972160339 0.9433660805225372
vt 0.8439204692840576 0.9288174733519554
vt 0.8286049962043762 0.920821949839592
vt 0.8272932171821594 0.9000184759497643
vt 0.839175820350647 0.9093526899814606
vt 0.8243662714958191 0.9111548066139221
vt 0.8119680285453796 0.9190720766782761
vt 0.8546699285507202 0.9073759093880653
vt 0.8378943800926208 0.1741175651550293
vt 0.8477299809455872 0.18400359153747559
vt 0.8552506566047668 0.16369867324829102
vt 0.8590438961982727 0.19171905517578125
vt 0.8736976981163025 0.17755365371704102
vt 0.8891037106513977 0.19524931907653809
vt 0.8752952218055725 0.19637584686279297
vt 0.9590427875518799 0.18568658828735352
vt 0.9339772462844849 0.19189834594726562
vt 0.9393470287322998 0.20520150661468506
vt 0.419926255941391 0.6807779967784882
vt 0.4354580044746399 0.6549345850944519
vt 0.4198971390724182 0.6515572667121887
vt 0.9602831602096558 0.11885714530944824
vt 0.9719375967979431 0.1397697925567627
vt 0.9799767136573792 0.10052490234375
vt 0.49741223454475403 0.7562849670648575
vt 0.4903370440006256 0.7365072071552277
vt 0.4737306833267212 0.7407232224941254
vt 0.8946400880813599 0.16803717613220215
vt 0.4824361801147461 0.7808345705270767
vt 0.506598174571991 0.7792448997497559
vt 0.816950261592865 0.12925148010253906
vt 0.7987796664237976 0.12928485870361328
vt 0.8001050353050232 0.1412031650543213
vt 0.7569202780723572 0.11432266235351562
vt 0.7355248332023621 0.11968851089477539
vt 0.7529817223548889 0.12371969223022461
vt 0.8027352690696716 0.10506033897399902
vt 0.8015188574790955 0.09296131134033203
vt 0.7859131693840027 0.09992146492004395
vt 0.7891578078269958 0.1081991195678711
vt 0.8698908686637878 0.1559925079345703
vt 0.8985750675201416 0.09456682205200195
vt 0.9003156423568726 0.10119843482971191
vt 0.9201065301895142 0.08693575859069824
vt 0.18142107129096985 0.13157612085342407
vt 0.1676887571811676 0.1531410813331604
vt 0.18813228607177734 0.14004617929458618
vt 0.41684073209762573 0.9291665628552437
vt 0.4154733121395111 0.9207213521003723
vt 0.4107513427734375 0.9255220592021942
vt 0.11992117017507553 0.10548657178878784
vt 0.11602283269166946 0.08808654546737671
vt 0.09202702343463898 0.10298413038253784
vt 0.18583300709724426 0.0691947340965271
vt 0.6062173843383789 0.48349058628082275
vt 0.626200795173645 0.49951374530792236
vt 0.6205012798309326 0.47564148902893066
vt 0.904295802116394 0.1897597312927246
vt 0.9283351302146912 0.8584490120410919
vt 0.9230499863624573 0.8506432920694351
vt 0.853829562664032 0.9417378753423691
vt 0.8510972857475281 0.9507516622543335
vt 0.41563093662261963 0.9570826403796673
vt 0.4248273968696594 0.9491946324706078
vt 0.4136446416378021 0.9379942826926708
vt 0.7801188826560974 0.13746142387390137
vt 0.7864759564399719 0.1486055850982666
vt 0.8787179589271545 0.10843896865844727
vt 0.8765440583229065 0.1197206974029541
vt 0.34939801692962646 0.6960572004318237
vt 0.7494112849235535 0.09084582328796387
vt 0.7438293099403381 0.10029983520507812
vt 0.7342401146888733 0.10696864128112793
vt 0.7488885521888733 0.10684633255004883
vt 0.7961991429328918 0.1139378547668457
vt 0.8147061467170715 0.10999536514282227
vt 0.8156073689460754 0.09777188301086426
vt 0.778904139995575 0.10276961326599121
vt 0.7733113169670105 0.1108405590057373
vt 0.7572748064994812 0.10425972938537598
vt 0.7622864842414856 0.11115694046020508
vt 0.7645174860954285 0.10416221618652344
vt 0.7722188830375671 0.10392022132873535
vt 0.8245912194252014 0.1001441478729248
vt 0.8372858166694641 0.10464668273925781
vt 0.52553391456604 0.7278778851032257
vt 0.5092066526412964 0.7263122200965881
vt 0.5199776887893677 0.7514461427927017
vt 0.6674308180809021 0.10515975952148438
vt 0.6564422249794006 0.11700320243835449
vt 0.6692729592323303 0.11814665794372559
vt 0.8781540989875793 0.06859254837036133
vt 0.8879746794700623 0.06693124771118164
vt 0.8792693018913269 0.061033010482788086
vt 0.8939831256866455 0.06421494483947754
vt 0.8269416689872742 0.09082770347595215
vt 0.8416481614112854 0.0909416675567627
vt 0.8283873200416565 0.08420300483703613
vt 0.8016606569290161 0.687567412853241
vt 0.7886123657226562 0.6951084136962891
vt 0.7887980341911316 0.6787720918655396
vt 0.7987732887268066 0.668893039226532
vt 0.788936197757721 0.6689362525939941
vt 0.7955660223960876 0.7585837692022324
vt 0.8056371808052063 0.7584759443998337
vt 0.7970401048660278 0.7488824129104614
vt 0.7169568538665771 0.6419513821601868
vt 0.7276089787483215 0.629730761051178
vt 0.7135035395622253 0.6332806348800659
vt 0.7402565479278564 0.6316666603088379
vt 0.729378342628479 0.6365715265274048
vt 0.784625768661499 0.6576550006866455
vt 0.7770236134529114 0.6583234667778015
vt 0.781306266784668 0.6674183011054993
vt 0.7711020112037659 0.6502688527107239
vt 0.7687599062919617 0.6553042531013489
vt 0.7610626220703125 0.6531717777252197
vt 0.7617940902709961 0.6418386101722717
vt 0.7541471719741821 0.6463760137557983
vt 0.7362474203109741 0.6386027336120605
vt 0.7506406903266907 0.6347646117210388
vt 0.7455387711524963 0.6426481604576111
vt 0.7222843170166016 0.6471382975578308
vt 0.8040332794189453 0.7432911396026611
vt 0.7748029828071594 0.6665271520614624
vt 0.1959238350391388 0.3002459406852722
vt 0.7751262187957764 0.7575332373380661
vt 0.23379835486412048 0.20176661014556885
vt 0.2908201813697815 0.17725300788879395
vt 0.40319496393203735 0.937311053276062
vt 0.40710532665252686 0.928968995809555
vt 0.36676225066185 0.9313169047236443
vt 0.3195500075817108 0.9211631864309311
vt 0.14332899451255798 0.07671374082565308
vt 0.4603915214538574 0.5758586823940277
vt 0.4424530863761902 0.5979470312595367
vt 0.8229741454124451 0.9450581222772598
vt 0.8985812664031982 0.9548845291137695
vt 0.9284389615058899 0.9348049610853195
vt 0.21497032046318054 0.35127443075180054
vt 0.24597874283790588 0.3436822295188904
vt 0.13486433029174805 0.2794188857078552
vt 0.38441765308380127 0.9185381978750229
vt 0.4219181537628174 0.919299453496933
vt 0.3969710171222687 0.9269122555851936
vt 0.4134502410888672 0.918324202299118
vt 0.4088115990161896 0.9212206453084946
vt 0.4037714898586273 0.9243677780032158
vt 0.5263339281082153 0.8954140543937683
vt 0.5199452042579651 0.8945368975400925
vt 0.3511410653591156 0.2326764464378357
vt 0.3632652759552002 0.2368612289428711
vt 0.36219945549964905 0.22752529382705688
vt 0.3532852828502655 0.22077834606170654
vt 0.3665010929107666 0.21790003776550293
vt 0.3599005341529846 0.2091025710105896
vt 0.3758534789085388 0.2169644832611084
vt 0.37268733978271484 0.2063605785369873
vt 0.38415488600730896 0.222944974899292
vt 0.3827877640724182 0.20876634120941162
vt 0.39480558037757874 0.22335058450698853
vt 0.38634970784187317 0.23400342464447021
vt 0.3947589099407196 0.23541676998138428
vt 0.390352725982666 0.24784338474273682
vt 0.384465754032135 0.24090737104415894
vt 0.37919357419013977 0.2548551559448242
vt 0.3761025369167328 0.24376451969146729
vt 0.3684799075126648 0.24401336908340454
vt 0.36495429277420044 0.25513219833374023
vt 0.35767045617103577 0.24735397100448608
vt 0.3507647216320038 0.2429962158203125
vt 0.3925977051258087 0.21262764930725098
vt 0.34423136711120605 0.21712249517440796
vt 0.40612345933914185 0.22314953804016113
vt 0.4041177034378052 0.24139440059661865
vt 0.3955425024032593 0.25665730237960815
vt 0.3814992904663086 0.26442742347717285
vt 0.3652294874191284 0.265209436416626
vt 0.3542173206806183 0.2558504343032837
vt 0.3428528308868408 0.24554550647735596
vt 0.3415541350841522 0.23055726289749146
vt 0.33385002613067627 0.23154103755950928
vt 0.3334822952747345 0.24573278427124023
vt 0.3359505236148834 0.21718955039978027
vt 0.326151043176651 0.21855467557907104
vt 0.326151043176651 0.23157095909118652
vt 0.326151043176651 0.24385738372802734
vt 0.326151043176651 0.25212758779525757
vt 0.3335244357585907 0.2541521191596985
vt 0.326151043176651 0.26107943058013916
vt 0.33378344774246216 0.2617681622505188
vt 0.326151043176651 0.27208268642425537
vt 0.33309176564216614 0.2712973952293396
vt 0.326151043176651 0.2818288207054138
vt 0.33454108238220215 0.2809631824493408
vt 0.3329143524169922 0.2895968556404114
vt 0.326151043176651 0.28952300548553467
vt 0.3410269021987915 0.2879202961921692
vt 0.3494819402694702 0.2858782410621643
vt 0.36044567823410034 0.283979594707489
vt 0.371086448431015 0.27954208850860596
vt 0.3428204357624054 0.29948532581329346
vt 0.3499791622161865 0.29836606979370117
vt 0.3848893642425537 0.27440112829208374
vt 0.40181270241737366 0.2659286856651306
vt 0.36191022396087646 0.29562973976135254
vt 0.37263360619544983 0.29260241985321045
vt 0.3877395689487457 0.2873886823654175
vt 0.3435641825199127 0.31160402297973633
vt 0.35228025913238525 0.30856090784072876
vt 0.3450266718864441 0.32113105058670044
vt 0.3547815680503845 0.31808221340179443
vt 0.36172762513160706 0.30725163221359253
vt 0.3621900677680969 0.3197813034057617
vt 0.3737856447696686 0.3041095733642578
vt 0.3898581266403198 0.30110663175582886
vt 0.37429600954055786 0.3201044201850891
vt 0.3929835557937622 0.31909406185150146
vt 0.326151043176651 0.3406897187232971
vt 0.33978310227394104 0.3374926447868347
vt 0.3529171049594879 0.3312603831291199
vt 0.4059427082538605 0.27949458360671997
vt 0.40959250926971436 0.2956717610359192
vt 0.326151043176651 0.19725370407104492
vt 0.4942762851715088 0.8394961655139923
vt 0.5135586857795715 0.8583382666110992
vt 0.5146564245223999 0.8317987024784088
vt 0.5078238844871521 0.8788857758045197
vt 0.4810076653957367 0.8903223127126694
vt 0.326151043176651 0.35797667503356934
vt 0.35031065344810486 0.34981054067611694
vt 0.3660305142402649 0.3348312973976135
vt 0.3552555441856384 0.37652331590652466
vt 0.37005913257598877 0.35798847675323486
vt 0.3830776512622833 0.3394307494163513
vt 0.3942860960960388 0.36638349294662476
vt 0.37510234117507935 0.3892498016357422
vt 0.4251980781555176 0.2715049386024475
vt 0.43101635575294495 0.2896770238876343
vt 0.4169292151927948 0.37613505125045776
vt 0.39848652482032776 0.4024839401245117
vt 0.326151043176651 0.17638933658599854
vt 0.44555675983428955 0.2619785666465759
vt 0.45215630531311035 0.280923068523407
vt 0.45859113335609436 0.23062431812286377
vt 0.44696328043937683 0.2103864550590515
vt 0.4686032235622406 0.25051164627075195
vt 0.4765755236148834 0.2704817056655884
vt 0.4836251437664032 0.29057472944259644
vt 0.4371505081653595 0.19253593683242798
vt 0.4256322979927063 0.1765385866165161
vt 0.4072672128677368 0.16504836082458496
vt 0.3862014710903168 0.15807849168777466
vt 0.3628794252872467 0.15386945009231567
vt 0.34493178129196167 0.15441375970840454
vt 0.326151043176651 0.15646475553512573
vt 0.34772107005119324 0.12417548894882202
vt 0.326151043176651 0.12004870176315308
vt 0.3665871322154999 0.12556427717208862
vt 0.3901894688606262 0.13392037153244019
vt 0.4221547245979309 0.14616292715072632
vt 0.4404812455177307 0.1630280613899231
vt 0.45458078384399414 0.18038076162338257
vt 0.46818315982818604 0.19907110929489136
vt 0.4815135896205902 0.21885597705841064
vt 0.4197801351547241 0.412403404712677
vt 0.439088374376297 0.4216626286506653
vt 0.4521182179450989 0.3996444344520569
vt 0.4350264072418213 0.3864588737487793
vt 0.463620126247406 0.40728288888931274
vt 0.4511966109275818 0.429665207862854
vt 0.41431891918182373 0.08432894945144653
vt 0.40397921204566956 0.07030123472213745
vt 0.39143890142440796 0.0773192048072815
vt 0.40369805693626404 0.09385806322097778
vt 0.4225347936153412 0.10463911294937134
vt 0.43647658824920654 0.09002000093460083
vt 0.45057740807533264 0.11444002389907837
vt 0.4452795088291168 0.12115448713302612
vt 0.4779592454433441 0.9019695371389389
vt 0.5000870823860168 0.9007611498236656
vt 0.49055635929107666 0.9016750603914261
vt 0.5054932236671448 0.8972224593162537
vt 0.5398157238960266 0.9075293987989426
vt 0.5618138313293457 0.8937157839536667
vt 0.5407679677009583 0.8948672637343407
vt 0.4099784791469574 0.11782628297805786
vt 0.4355586767196655 0.1316627860069275
vt 0.4535858929157257 0.15031057596206665
vt 0.38028085231781006 0.10458391904830933
vt 0.3611225485801697 0.08749932050704956
vt 0.3983156681060791 0.057733356952667236
vt 0.3872438669204712 0.037988126277923584
vt 0.41300421953201294 0.028993666172027588
vt 0.42308878898620605 0.05150681734085083
vt 0.4244977831840515 0.06250125169754028
vt 0.4698180854320526 0.16699820756912231
vt 0.48727211356163025 0.18628638982772827
vt 0.5038834810256958 0.20654135942459106
vt 0.5049687027931213 0.17127466201782227
vt 0.49648740887641907 0.13812369108200073
vt 0.4755362570285797 0.12409693002700806
vt 0.5216487050056458 0.15460389852523804
vt 0.5106856226921082 0.35632050037384033
vt 0.49951067566871643 0.3471815586090088
vt 0.4752523601055145 0.37387919425964355
vt 0.48441562056541443 0.3835912346839905
vt 0.5372345447540283 0.3260524272918701
vt 0.52362060546875 0.3178292512893677
vt 0.5616341233253479 0.29261112213134766
vt 0.5462116003036499 0.2849348187446594
vt 0.580244243144989 0.2590375542640686
vt 0.5639266967773438 0.25362300872802734
vt 0.5780429244041443 0.21943795680999756
vt 0.5958762764930725 0.22348737716674805
vt 0.6071409583091736 0.18643724918365479
vt 0.5897453427314758 0.18384665250778198
vt 0.556901216506958 0.21656185388565063
vt 0.5697968006134033 0.18028414249420166
vt 0.5977016091346741 0.1500510573387146
vt 0.6134719252586365 0.15193718671798706
vt 0.624100387096405 0.0547444224357605
vt 0.613429605960846 0.0848117470741272
vt 0.6263110041618347 0.08625644445419312
vt 0.6363617777824402 0.05970209836959839
vt 0.5788730382919312 0.1454949975013733
vt 0.5952224135398865 0.07590943574905396
vt 0.6055552959442139 0.045965492725372314
vt 0.5552495718002319 0.1390741467475891
vt 0.5795872211456299 0.8874766826629639
vt 0.5282313227653503 0.1307963728904724
vt 0.5860068798065186 0.11066478490829468
vt 0.6042625308036804 0.1179690957069397
vt 0.6173911094665527 0.11946147680282593
vt 0.574528694152832 0.06913608312606812
vt 0.584571123123169 0.03624469041824341
vt 0.5508995652198792 0.02393406629562378
vt 0.544098973274231 0.060128748416900635
vt 0.5123972296714783 0.05185288190841675
vt 0.5127525925636292 0.017653286457061768
vt 0.4745607078075409 0.018085896968841553
vt 0.44297271966934204 0.022444546222686768
vt 0.515644371509552 0.898697167634964
vt 0.5531154274940491 0.8388423025608063
vt 0.460498571395874 0.3609052896499634
vt 0.8067606091499329 0.3983919620513916
vt 0.798388659954071 0.3953753709793091
vt 0.7965654730796814 0.40392911434173584
vt 0.8038392663002014 0.4055261015892029
vt 0.7939753532409668 0.4121983051300049
vt 0.8037130236625671 0.41346728801727295
vt 0.803598940372467 0.4198445677757263
vt 0.8051560521125793 0.42680656909942627
vt 0.8089054822921753 0.3914415240287781
vt 0.8010525703430176 0.3879297971725464
vt 0.7967145442962646 0.43518495559692383
vt 0.8068622350692749 0.4343932867050171
vt 0.7862363457679749 0.40289247035980225
vt 0.7840743064880371 0.41403597593307495
vt 0.7902631759643555 0.3921589255332947
vt 0.796144962310791 0.37995487451553345
vt 0.8176781535148621 0.3929811716079712
vt 0.8154683709144592 0.4003695249557495
vt 0.8130297064781189 0.40709590911865234
vt 0.811743974685669 0.4133690595626831
vt 0.8120596408843994 0.4209504723548889
vt 0.8120505213737488 0.4266700744628906
vt 0.8131405115127563 0.43360286951065063
vt 0.8194971084594727 0.4214298129081726
vt 0.8239409327507019 0.40181678533554077
vt 0.8145725131034851 0.4420640468597412
vt 0.821566641330719 0.4405776262283325
vt 0.807645857334137 0.4427908658981323
vt 0.7951532006263733 0.44283175468444824
vt 0.8085685968399048 0.4529693126678467
vt 0.7999696135520935 0.4530019164085388
vt 0.8343536853790283 0.402632474899292
vt 0.7478243112564087 0.45221179723739624
vt 0.7509642243385315 0.463515043258667
vt 0.75728440284729 0.4564478397369385
vt 0.7533472776412964 0.4425126910209656
vt 0.7657774686813354 0.44996654987335205
vt 0.7608752846717834 0.4351429343223572
vt 0.773187518119812 0.44481128454208374
vt 0.7686745524406433 0.4304097294807434
vt 0.7775319814682007 0.42959797382354736
vt 0.7846434116363525 0.4405671954154968
vt 0.7214783430099487 0.4065706729888916
vt 0.7440800070762634 0.3946576714515686
vt 0.7336606383323669 0.38430875539779663
vt 0.7136646509170532 0.3916304111480713
vt 0.7610847353935242 0.383727490901947
vt 0.7763845324516296 0.3692386746406555
vt 0.762501060962677 0.3623086214065552
vt 0.7491998076438904 0.3745085597038269
vt 0.7735802531242371 0.34838759899139404
vt 0.7879396080970764 0.35276859998703003
vt 0.6918840408325195 0.4068240523338318
vt 0.6913514733314514 0.394655704498291
vt 0.6603565216064453 0.4054710268974304
vt 0.6626349687576294 0.3891146779060364
vt 0.2308170348405838 0.5827269852161407
vt 0.22744080424308777 0.5609450936317444
vt 0.7395287752151489 0.3656620383262634
vt 0.724449098110199 0.37376564741134644
vt 0.7508060932159424 0.35503876209259033
vt 0.7608734965324402 0.34186404943466187
vt 0.7957253456115723 0.3380390405654907
vt 0.782295823097229 0.3321436643600464
vt 0.7689213752746582 0.3258900046348572
vt 0.7069007754325867 0.3793533444404602
vt 0.6869778037071228 0.381041944026947
vt 0.15451666712760925 0.5801851153373718
vt 0.15854215621948242 0.592182070016861
vt 0.1742047518491745 0.5891439616680145
vt 0.1703634411096573 0.5718622505664825
vt 0.16388875246047974 0.5568588972091675
vt 0.14867934584617615 0.5677323937416077
vt 0.8015995621681213 0.3258926272392273
vt 0.14008526504039764 0.5895675718784332
vt 0.14335933327674866 0.5990248620510101
vt 0.13559530675411224 0.5778156220912933
vt 0.12656135857105255 0.6011958420276642
vt 0.13019850850105286 0.6094359755516052
vt 0.12298788130283356 0.588023841381073
vt 0.12086592614650726 0.6219275593757629
vt 0.10881876945495605 0.5992370843887329
vt 0.6666304469108582 0.3763890266418457
vt 0.748454749584198 0.33271706104278564
vt 0.7549564242362976 0.3161070942878723
vt 0.09335613250732422 0.6064838767051697
vt 0.0784766748547554 0.609234094619751
vt 0.07764004170894623 0.6246339082717896
vt 0.05831741541624069 0.6149560511112213
vt 0.06591185927391052 0.6047581732273102
vt 0.05656805261969566 0.5966439247131348
vt 0.046590499579906464 0.600861132144928
vt 0.051948096603155136 0.58127760887146
vt 0.039756834506988525 0.5848224461078644
vt 0.04103642329573631 0.564371645450592
vt 0.052845969796180725 0.566082090139389
vt 0.05977173149585724 0.555202066898346
vt 0.047082606703042984 0.5467259287834167
vt 0.06862799823284149 0.5415045022964478
vt 0.057678669691085815 0.5318747162818909
vt 0.08028706908226013 0.527255654335022
vt 0.07046559453010559 0.5165049433708191
vt 0.09657634049654007 0.5128955245018005
vt 0.08429475128650665 0.499395489692688
vt 0.09979376196861267 0.4859433174133301
vt 0.11281696707010269 0.5018706023693085
vt 0.12986233830451965 0.49308645725250244
vt 0.14681440591812134 0.4852414131164551
vt 0.1652604639530182 0.46745359897613525
vt 0.1634284257888794 0.48230791091918945
vt 0.16888274252414703 0.45536983013153076
vt 0.1424492597579956 0.45246362686157227
vt 0.17515632510185242 0.48564016819000244
vt 0.19381295144557953 0.46028387546539307
vt 0.24282674491405487 0.4755542278289795
vt 0.21839629113674164 0.4679439067840576
vt 0.24124775826931 0.4938927888870239
vt 0.2650353014469147 0.4818277359008789
vt 0.26450833678245544 0.4986410140991211
vt 0.2864842414855957 0.48575401306152344
vt 0.28713464736938477 0.5023818910121918
vt 0.31135258078575134 0.49178171157836914
vt 0.3114323019981384 0.5051408410072327
vt 0.33487558364868164 0.506953239440918
vt 0.3344705402851105 0.4935905933380127
vt 0.18253110349178314 0.49991559982299805
vt 0.20209036767482758 0.5170606076717377
vt 0.18494370579719543 0.5178775191307068
vt 0.18469761312007904 0.5353017747402191
vt 0.17807522416114807 0.5467293858528137
vt 0.22420412302017212 0.5392566025257111
vt 0.22125914692878723 0.5148249268531799
vt 0.9580191969871521 0.5017502903938293
vt 0.9721547365188599 0.5079079866409302
vt 0.9627159833908081 0.5252001881599426
vt 0.9492197036743164 0.5185297727584839
vt 0.9260274171829224 0.530397355556488
vt 0.9208149313926697 0.5443852543830872
vt 0.9640883207321167 0.46151620149612427
vt 0.9538810849189758 0.4760501980781555
vt 0.9438979029655457 0.49471205472946167
vt 0.9342299103736877 0.5134276747703552
vt 0.9084738492965698 0.5283448696136475
vt 0.9019864797592163 0.5429593920707703
vt 0.9512075185775757 0.44769322872161865
vt 0.9291523694992065 0.48839426040649414
vt 0.9184499979019165 0.5089753270149231
vt 0.8922238349914551 0.5259367823600769
vt 0.885265052318573 0.5410819053649902
vt 0.903031587600708 0.5045474767684937
vt 0.9136049151420593 0.4841534495353699
vt 0.9380280375480652 0.4342252016067505
vt 0.9180024862289429 0.4401516914367676
vt 0.9237760305404663 0.42255330085754395
vt 0.9031209945678711 0.42949962615966797
vt 0.9078999757766724 0.4114004373550415
vt 0.9088468551635742 0.4590265154838562
vt 0.8946576118469238 0.45136380195617676
vt 0.8990713953971863 0.4785284996032715
vt 0.8854243755340576 0.4719198942184448
vt 0.8884381055831909 0.4990953207015991
vt 0.875826358795166 0.4916640520095825
vt 0.8684223890304565 0.5388261675834656
vt 0.8483259081840515 0.5379853844642639
vt 0.6285961270332336 0.391335666179657
vt 0.11447586119174957 0.634930431842804
vt 0.09291449189186096 0.6403333842754364
vt 0.10879931598901749 0.6480251848697662
vt 0.8082565665245056 0.3170747756958008
vt 0.8880593180656433 0.42262667417526245
vt 0.894668698310852 0.40247541666030884
vt 0.8812627792358398 0.44486796855926514
vt 0.8759260773658752 0.4044089913368225
vt 0.8737001419067383 0.41995418071746826
vt 0.8724645972251892 0.46573692560195923
vt 0.8682182431221008 0.4396156668663025
vt 0.8600345849990845 0.4603536128997803
vt 0.8634005784988403 0.484891414642334
vt 0.8284299373626709 0.5377628803253174
vt 0.8103454113006592 0.5378063917160034
vt 0.7931761145591736 0.5262665152549744
vt 0.7941376566886902 0.5374630689620972
vt 0.8517505526542664 0.4787853956222534
vt 0.7775894999504089 0.5270662903785706
vt 0.7794098854064941 0.5386751294136047
vt 0.7614164352416992 0.5309000015258789
vt 0.7630103230476379 0.5447737574577332
vt 0.8808680772781372 0.36559808254241943
vt 0.8675670027732849 0.3648582696914673
vt 0.8720396757125854 0.3786945939064026
vt 0.8857680559158325 0.37958359718322754
vt 0.8743900656700134 0.3904542922973633
vt 0.8869129419326782 0.39100146293640137
vt 0.8611508011817932 0.4029945135116577
vt 0.8604434728622437 0.3898811340332031
vt 0.8595361113548279 0.4171791076660156
vt 0.8555544018745422 0.43485432863235474
vt 0.8486620783805847 0.45526963472366333
vt 0.8407600522041321 0.4727771282196045
vt 0.8527666330337524 0.5014204978942871
vt 0.842160701751709 0.49457329511642456
vt 0.8322070240974426 0.4869992136955261
vt 0.8284184336662292 0.5066863298416138
vt 0.819541871547699 0.4989655017852783
vt 0.7741575837135315 0.516803503036499
vt 0.7587711811065674 0.5191003680229187
vt 0.8567777872085571 0.3632945418357849
vt 0.8580823540687561 0.37757837772369385
vt 0.11771651357412338 0.44965147972106934
vt 0.0632370337843895 0.45754218101501465
vt 0.069254070520401 0.4421294927597046
vt 0.04790504276752472 0.43767786026000977
vt 0.04193750023841858 0.4534773826599121
vt 0.09250884503126144 0.46443283557891846
vt 0.09292522817850113 0.44645655155181885
vt 0.0761798769235611 0.48259472846984863
vt 0.03543969243764877 0.47090232372283936
vt 0.05685212463140488 0.47698283195495605
vt 0.029086852446198463 0.4896920919418335
vt 0.023426739498972893 0.508704423904419
vt 0.017263462767004967 0.5341061055660248
vt 0.03304065391421318 0.5408547520637512
vt 0.013024767860770226 0.5604062974452972
vt 0.02725917659699917 0.5628105103969574
vt 0.011742204427719116 0.5859612822532654
vt 0.026956571266055107 0.58515664935112
vt 0.013423541560769081 0.6073387563228607
vt 0.03241920471191406 0.6045638918876648
vt 0.018705090507864952 0.6323109865188599
vt 0.07969522476196289 0.6589270532131195
vt 0.024730296805500984 0.6508775949478149
vt 0.05826354771852493 0.6725879907608032
vt 0.036156728863716125 0.6787030100822449
vt 0.1053633764386177 0.6636582612991333
vt 0.08616083860397339 0.6835651397705078
vt 0.10748346894979477 0.6770382225513458
vt 0.04983366280794144 0.7046470046043396
vt 0.0668535977602005 0.6928611695766449
vt 0.06200462579727173 0.7242240309715271
vt 0.07789184153079987 0.7145982086658478
vt 0.09694260358810425 0.7036970257759094
vt 0.11561142653226852 0.6932504773139954
vt 0.6491274237632751 0.34679949283599854
vt 0.7971853613853455 0.24652373790740967
vt 0.8008989691734314 0.24009305238723755
vt 0.7936330437660217 0.2388555407524109
vt 0.7918485999107361 0.24320167303085327
vt 0.7869515419006348 0.23615515232086182
vt 0.7853373289108276 0.2425394058227539
vt 0.7782236337661743 0.24177610874176025
vt 0.7724569439888 0.24243193864822388
vt 0.8039817810058594 0.24860531091690063
vt 0.8080973625183105 0.24195581674575806
vt 0.8099905848503113 0.25214678049087524
vt 0.8143659234046936 0.24592548608779907
vt 0.818079948425293 0.2560223937034607
vt 0.8240272998809814 0.2482548952102661
vt 0.8323949575424194 0.25409770011901855
vt 0.7626679539680481 0.23546314239501953
vt 0.7647867798805237 0.24414575099945068
vt 0.7952995300292969 0.22914594411849976
vt 0.7860908508300781 0.2274569869041443
vt 0.804319441318512 0.23231881856918335
vt 0.8159562945365906 0.23688679933547974
vt 0.8018655180931091 0.25667089223861694
vt 0.8077764511108398 0.25911086797714233
vt 0.7948738932609558 0.2527613639831543
vt 0.789525032043457 0.25003165006637573
vt 0.783966600894928 0.2480805516242981
vt 0.7771333456039429 0.24757087230682373
vt 0.7724772095680237 0.24784982204437256
vt 0.7656680345535278 0.24981647729873657
vt 0.7769100069999695 0.25432127714157104
vt 0.7929781079292297 0.2596706748008728
vt 0.7997617125511169 0.2628658413887024
vt 0.8057244420051575 0.26510876417160034
vt 0.7573749423027039 0.2522832751274109
vt 0.7595604062080383 0.2591109275817871
vt 0.755961000919342 0.2457563281059265
vt 0.7548414468765259 0.2350456714630127
vt 0.7456709742546082 0.24762791395187378
vt 0.7446075677871704 0.23746883869171143
vt 0.7527416944503784 0.18564343452453613
vt 0.7420141100883484 0.18706685304641724
vt 0.7475683093070984 0.19445252418518066
vt 0.7615793347358704 0.19283080101013184
vt 0.7526391744613647 0.20406782627105713
vt 0.7669636011123657 0.2011358141899109
vt 0.7694110870361328 0.20880770683288574
vt 0.7542585134506226 0.2125987410545349
vt 0.7682705521583557 0.21662569046020508
vt 0.7570278644561768 0.22314608097076416
vt 0.7686787247657776 0.22520995140075684
vt 0.24339266121387482 0.5163604915142059
vt 0.3352889120578766 0.5205895006656647
vt 0.3098021149635315 0.522130936384201
vt 0.28724411129951477 0.5209307670593262
vt 0.26525670289993286 0.5186070799827576
vt 0.3101932406425476 0.5415066480636597
vt 0.3359174132347107 0.5413242876529694
vt 0.287678599357605 0.5411179065704346
vt 0.26641136407852173 0.5399664640426636
vt 0.2453622967004776 0.5389481782913208
vt 0.24732692539691925 0.5609546005725861
vt 0.2674582004547119 0.561623215675354
vt 0.28746211528778076 0.5624976754188538
vt 0.30713748931884766 0.5635577738285065
vt 0.33660373091697693 0.5639658272266388
vt 0.30923017859458923 0.5862704515457153
vt 0.33728495240211487 0.5864397883415222
vt 0.2884473502635956 0.5843671560287476
vt 0.2686561048030853 0.5835888683795929
vt 0.24919943511486053 0.5831067860126495
vt 0.3118436932563782 0.6052144467830658
vt 0.3378775715827942 0.6059905886650085
vt 0.2900707721710205 0.6058087348937988
vt 0.27027013897895813 0.6059566736221313
vt 0.2508077323436737 0.6059036254882812
vt 0.3139461278915405 0.6290785074234009
vt 0.33853745460510254 0.6277610957622528
vt 0.29067403078079224 0.6281827092170715
vt 0.2722812294960022 0.6289812326431274
vt 0.25193658471107483 0.6307370662689209
vt 0.2797096073627472 0.6519299149513245
vt 0.29821863770484924 0.6516765654087067
vt 0.7842434644699097 0.8635700047016144
vt 0.7793909907341003 0.8705306798219681
vt 0.8016568422317505 0.871343120932579
vt 0.8016568422317505 0.8656410872936249
vt 0.7706313729286194 0.8534823060035706
vt 0.7641379237174988 0.8601984530687332
vt 0.7519305944442749 0.8456756621599197
vt 0.7602552175521851 0.8383895009756088
vt 0.7448602914810181 0.8312008529901505
vt 0.7546864748001099 0.8247311860322952
vt 0.7364161610603333 0.8136999160051346
vt 0.7494054436683655 0.8079513311386108
vt 0.7426365613937378 0.789133295416832
vt 0.7276851534843445 0.7954806387424469
vt 0.7363124489784241 0.7726048529148102
vt 0.7208583354949951 0.7804928123950958
vt 0.7266567349433899 0.7535136789083481
vt 0.7105264067649841 0.7613795846700668
vt 0.7324953675270081 0.8387337177991867
vt 0.7416942715644836 0.8528980910778046
vt 0.7224000692367554 0.8207804560661316
vt 0.7130528688430786 0.8031708747148514
vt 0.7059228420257568 0.7875858247280121
vt 0.6945710182189941 0.7679366916418076
vt 0.75447678565979 0.8683274537324905
vt 0.8016568422317505 0.8813841566443443
vt 0.8016568422317505 0.8911099582910538
vt 0.7444164752960205 0.8758468255400658
vt 0.7306528687477112 0.8596797734498978
vt 0.718426525592804 0.8450982421636581
vt 0.7055726647377014 0.8294542878866196
vt 0.693808913230896 0.8151134997606277
vt 0.683594286441803 0.7979578077793121
vt 0.6718106269836426 0.7800259739160538
vt 0.6509629487991333 0.7956435233354568
vt 0.6614006757736206 0.8107912242412567
vt 0.6775110960006714 0.8272354155778885
vt 0.6910511255264282 0.8396034985780716
vt 0.704754114151001 0.8534118831157684
vt 0.6663872003555298 0.8396841883659363
vt 0.6498993635177612 0.8257312923669815
vt 0.6354586482048035 0.8135603219270706
vt 0.8016568422317505 0.8988248184323311
vt 0.6232432126998901 0.8365258723497391
vt 0.6410551071166992 0.8422770947217941
vt 0.6164301037788391 0.8639358580112457
vt 0.6381351351737976 0.8654152005910873
vt 0.6171345710754395 0.8887521475553513
vt 0.6366794109344482 0.8873012959957123
vt 0.639523446559906 0.9070751592516899
vt 0.6229054927825928 0.9123493731021881
vt 0.6590461730957031 0.850959524512291
vt 0.6545628309249878 0.8677357286214828
vt 0.67278653383255 0.8701082617044449
vt 0.6549295783042908 0.8857638388872147
vt 0.6723359227180481 0.8861358612775803
vt 0.6576497554779053 0.9032704755663872
vt 0.67467200756073 0.9009678363800049
vt 0.6907784938812256 0.8859262317419052
vt 0.6924781203269958 0.8989411890506744
vt 0.7107846736907959 0.8972531482577324
vt 0.6344135999679565 0.9371557086706161
vt 0.64973384141922 0.9276797920465469
vt 0.6637692451477051 0.9205489009618759
vt 0.6794095635414124 0.9154744818806648
vt 0.6957038044929504 0.9118549004197121
vt 0.7123504281044006 0.9095513969659805
vt 0.7299817800521851 0.9085927829146385
vt 0.6491253972053528 0.9561541378498077
vt 0.6629348397254944 0.944037988781929
vt 0.6694093942642212 0.9716821536421776
vt 0.6779466867446899 0.9587482735514641
vt 0.7145320177078247 0.920894168317318
vt 0.7307730913162231 0.9200226441025734
vt 0.7172205448150635 0.9327197298407555
vt 0.7329850196838379 0.9313031286001205
vt 0.6930740475654602 0.983016362413764
vt 0.7002496123313904 0.9690065756440163
vt 0.718877911567688 0.9877146240323782
vt 0.7199857831001282 0.9729666486382484
vt 0.7197445631027222 0.9589392617344856
vt 0.7373806238174438 0.9722569361329079
vt 0.735378623008728 0.9586928635835648
vt 0.738135576248169 0.9866337608546019
vt 0.7190982103347778 0.9448535144329071
vt 0.7337493300437927 0.9429405033588409
vt 0.7600862383842468 0.9802249241620302
vt 0.7561679482460022 0.9657686054706573
vt 0.746356725692749 0.9302898496389389
vt 0.7461861968040466 0.918598972260952
vt 0.7941209673881531 0.9534717202186584
vt 0.7702426314353943 0.9553420543670654
vt 0.780659019947052 0.968013659119606
vt 0.7598204016685486 0.9200166463851929
vt 0.7283104062080383 0.31922829151153564
vt 0.6576212644577026 0.3255397081375122
vt 0.6891253590583801 0.3181762099266052
vt 0.6648857593536377 0.30650973320007324
vt 0.6254227161407471 0.3332509994506836
vt 0.634361207485199 0.3100528120994568
vt 0.31721031665802 0.6509694755077362
vt 0.3391149938106537 0.646814376115799
vt 0.3034784495830536 0.6811262667179108
vt 0.32160142064094543 0.6761502921581268
vt 0.2851075530052185 0.6842827200889587
vt 0.6008694767951965 0.3792135715484619
vt 0.31941232085227966 0.7296411097049713
vt 0.3415290415287018 0.7264558970928192
vt 0.3093252182006836 0.7111480832099915
vt 0.28981685638427734 0.7175098061561584
vt 0.2993519604206085 0.735714465379715
vt 0.280043363571167 0.7454127073287964
vt 0.2704893946647644 0.7256868779659271
vt 0.25590386986732483 0.7326783537864685
vt 0.26531100273132324 0.7538783401250839
vt 0.23916134238243103 0.7483540773391724
vt 0.2484697848558426 0.7663712650537491
vt 0.22172844409942627 0.7702335119247437
vt 0.2304481565952301 0.7830679565668106
vt 0.21566689014434814 0.7982967346906662
vt 0.19086307287216187 0.8161613643169403
vt 0.2060435563325882 0.8199539482593536
vt 0.3074626624584198 0.6961033940315247
vt 0.2868812084197998 0.6995054185390472
vt 0.2653636336326599 0.7052780985832214
vt 0.24797432124614716 0.7120685577392578
vt 0.5876114368438721 0.361896276473999
vt 0.5951613187789917 0.3390076160430908
vt 0.22621993720531464 0.7209030985832214
vt 0.6428172588348389 0.290169894695282
vt 0.7318139672279358 0.30516934394836426
vt 0.7365069389343262 0.2918524742126465
vt 0.1655123084783554 0.808854952454567
vt 0.15487399697303772 0.7849655002355576
vt 0.14506937563419342 0.800247073173523
vt 0.13549095392227173 0.7748661041259766
vt 0.12248016893863678 0.787284255027771
vt 0.1428346335887909 0.7574326545000076
vt 0.14694254100322723 0.7383586764335632
vt 0.11091728508472443 0.7580162435770035
vt 0.09939374774694443 0.7693641781806946
vt 0.12427236139774323 0.7442677021026611
vt 0.09169718623161316 0.736441969871521
vt 0.07833990454673767 0.7466400563716888
vt 0.13705536723136902 0.7282411456108093
vt 0.8082732558250427 0.29689890146255493
vt 0.8167878985404968 0.3094037175178528
vt 0.8256511092185974 0.3056567311286926
vt 0.8402566909790039 0.30175626277923584
vt 0.8579866290092468 0.2939831018447876
vt 0.8594992160797119 0.30387234687805176
vt 0.8816685080528259 0.3046479821205139
vt 0.8786401748657227 0.2970169186592102
vt 0.8964434266090393 0.3063786029815674
vt 0.8930382132530212 0.2987428307533264
vt 0.633184015750885 0.2554965615272522
vt 0.6482679843902588 0.2706560492515564
vt 0.6426588892936707 0.24427759647369385
vt 0.6931431293487549 0.3019675612449646
vt 0.6693772077560425 0.2901792526245117
vt 0.6229064464569092 0.27163928747177124
vt 0.6050271391868591 0.2543056607246399
vt 0.6329306960105896 0.23185431957244873
vt 0.62086421251297 0.23839008808135986
vt 0.7927627563476562 0.29842180013656616
vt 0.8009162545204163 0.28552430868148804
vt 0.9078924059867859 0.30764561891555786
vt 0.9072133898735046 0.2999061346054077
vt 0.8928885459899902 0.2878245711326599
vt 0.8583818674087524 0.2822621464729309
vt 0.7098503708839417 0.31108999252319336
vt 0.7135753035545349 0.2715248465538025
vt 0.7131092548370361 0.28446388244628906
vt 0.7121655344963074 0.2967296838760376
vt 0.6960283517837524 0.26979416608810425
vt 0.6976717710494995 0.25737184286117554
vt 0.7145621180534363 0.25899720191955566
vt 0.6426002383232117 0.22416377067565918
vt 0.6490552425384521 0.23648762702941895
vt 0.6621808409690857 0.22604221105575562
vt 0.6574910283088684 0.21247988939285278
vt 0.6615067720413208 0.2479495406150818
vt 0.6705653071403503 0.2388783097267151
vt 0.6771268248558044 0.253426194190979
vt 0.6814619302749634 0.24428021907806396
vt 0.6964467763900757 0.2484835386276245
vt 0.8786756992340088 0.2850555181503296
vt 0.8927915692329407 0.277432918548584
vt 0.1090230643749237 0.7231943309307098
vt 0.7123475074768066 0.25092196464538574
vt 0.3398262560367584 0.6702797710895538
vt 0.8363183736801147 0.26297932863235474
vt 0.8451012969017029 0.2677408456802368
vt 0.8613619208335876 0.2722873091697693
vt 0.8782595992088318 0.27601438760757446
vt 0.7313682436943054 0.18245840072631836
vt 0.7344560623168945 0.19376587867736816
vt 0.7204053997993469 0.19440174102783203
vt 0.7185654640197754 0.18272191286087036
vt 0.6996168494224548 0.18559753894805908
vt 0.7032380700111389 0.19733476638793945
vt 0.6872339248657227 0.20037758350372314
vt 0.6809614896774292 0.190282940864563
vt 0.6664735674858093 0.1981353759765625
vt 0.6776419281959534 0.20342379808425903
vt 0.6741918921470642 0.21238845586776733
vt 0.6762940883636475 0.2208385467529297
vt 0.6916151642799377 0.2107142210006714
vt 0.7068386673927307 0.20849311351776123
vt 0.721314013004303 0.20591092109680176
vt 0.7378464341163635 0.2049831748008728
vt 0.921313464641571 0.29766279458999634
vt 0.9241909384727478 0.31035321950912476
vt 0.12514077126979828 0.7104035019874573
vt 0.7302796244621277 0.25025469064712524
vt 0.7306512594223022 0.23846757411956787
vt 0.7110484838485718 0.23972088098526
vt 0.7417930960655212 0.2247602343559265
vt 0.7274925112724304 0.2267557978630066
vt 0.7239341139793396 0.21503114700317383
vt 0.7403561472892761 0.21413224935531616
vt 0.707936704158783 0.21612727642059326
vt 0.6930811405181885 0.21779710054397583
vt 0.7097797393798828 0.22926729917526245
vt 0.8459015488624573 0.41543787717819214
vt 0.8329325318336487 0.46721774339675903
vt 0.8248290419578552 0.4805566072463989
vt 0.8127899765968323 0.4923919439315796
vt 0.8020015358924866 0.49997448921203613
vt 0.7890810966491699 0.5056999325752258
vt 0.7716730237007141 0.5066469311714172
vt 0.756083071231842 0.5068182945251465
vt 0.8470733761787415 0.3895328640937805
vt 0.8474817872047424 0.4023516774177551
vt 0.8175146579742432 0.47505319118499756
vt 0.8074538707733154 0.485409677028656
vt 0.7965040802955627 0.49296867847442627
vt 0.7854580283164978 0.49683141708374023
vt 0.768672525882721 0.49682748317718506
vt 0.7518243193626404 0.49529796838760376
vt 0.8294880390167236 0.3559197783470154
vt 0.8235322833061218 0.3516446352005005
vt 0.7882700562477112 0.45623940229415894
vt 0.7781473398208618 0.4610075354576111
vt 0.7699107527732849 0.4665820002555847
vt 0.2901027500629425 0.22752529382705688
vt 0.2890368103981018 0.2368612289428711
vt 0.3011610507965088 0.2326764464378357
vt 0.29901671409606934 0.22077834606170654
vt 0.2858009934425354 0.21790003776550293
vt 0.2924015522003174 0.2091025710105896
vt 0.27961474657058716 0.2063605785369873
vt 0.27644866704940796 0.2169644832611084
vt 0.26951438188552856 0.20876634120941162
vt 0.26814737915992737 0.222944974899292
vt 0.25749650597572327 0.22335058450698853
vt 0.2575432062149048 0.23541676998138428
vt 0.2659524083137512 0.23400342464447021
vt 0.26194944977760315 0.24784338474273682
vt 0.2678363025188446 0.24090737104415894
vt 0.27310845255851746 0.2548551559448242
vt 0.27619948983192444 0.24376451969146729
vt 0.2838222086429596 0.24401336908340454
vt 0.2873478829860687 0.25513219833374023
vt 0.294631689786911 0.24735397100448608
vt 0.3015374541282654 0.2429962158203125
vt 0.2597046196460724 0.21262764930725098
vt 0.3080707788467407 0.21712249517440796
vt 0.24617862701416016 0.22314953804016113
vt 0.24818432331085205 0.24139440059661865
vt 0.25675976276397705 0.25665730237960815
vt 0.27080267667770386 0.26442742347717285
vt 0.28707265853881836 0.265209436416626
vt 0.29808470606803894 0.2558504343032837
vt 0.30944928526878357 0.24554550647735596
vt 0.310747891664505 0.23055726289749146
vt 0.31845203042030334 0.23154103755950928
vt 0.3188198506832123 0.24573278427124023
vt 0.31635165214538574 0.21718955039978027
vt 0.31877750158309937 0.2541521191596985
vt 0.31851866841316223 0.2617681622505188
vt 0.3192102909088135 0.2712973952293396
vt 0.3177609145641327 0.2809631824493408
vt 0.31938764452934265 0.2895968556404114
vt 0.31127533316612244 0.2879202961921692
vt 0.302820086479187 0.2858782410621643
vt 0.2918563783168793 0.283979594707489
vt 0.2812157869338989 0.27954208850860596
vt 0.3094817101955414 0.29948532581329346
vt 0.30232295393943787 0.29836606979370117
vt 0.26741287112236023 0.27440112829208374
vt 0.25048941373825073 0.2659286856651306
vt 0.2903919219970703 0.29562973976135254
vt 0.2796687185764313 0.29260241985321045
vt 0.26456233859062195 0.2873886823654175
vt 0.3087379038333893 0.31160402297973633
vt 0.3000220060348511 0.30856090784072876
vt 0.3072752058506012 0.32113105058670044
vt 0.29752039909362793 0.31808221340179443
vt 0.2905745208263397 0.30725163221359253
vt 0.2901119887828827 0.3197813034057617
vt 0.27851638197898865 0.3041095733642578
vt 0.2624439597129822 0.30110663175582886
vt 0.27800607681274414 0.3201044201850891
vt 0.25931864976882935 0.31909406185150146
vt 0.3125189542770386 0.3374926447868347
vt 0.29938480257987976 0.3312603831291199
vt 0.24635934829711914 0.27949458360671997
vt 0.2427096962928772 0.2956717610359192
vt 0.39286014437675476 0.958045057952404
vt 0.36831676959991455 0.9692016281187534
vt 0.38486146926879883 0.9833747930824757
vt 0.3944598138332367 0.9367722868919373
vt 0.37313520908355713 0.9168935865163803
vt 0.30199134349823 0.34981054067611694
vt 0.2862716615200043 0.3348312973976135
vt 0.28224286437034607 0.35798847675323486
vt 0.2970465421676636 0.37652331590652466
vt 0.2692243754863739 0.3394307494163513
vt 0.2580161988735199 0.36638349294662476
vt 0.27719998359680176 0.3892498016357422
vt 0.2271040976047516 0.2715049386024475
vt 0.22128582000732422 0.2896770238876343
vt 0.23537304997444153 0.37613505125045776
vt 0.2538153827190399 0.4024839401245117
vt 0.20674532651901245 0.2619785666465759
vt 0.20014557242393494 0.280923068523407
vt 0.20533877611160278 0.2103864550590515
vt 0.1937110424041748 0.23062431812286377
vt 0.18369898200035095 0.25051164627075195
vt 0.17572632431983948 0.2704817056655884
vt 0.16867700219154358 0.29057472944259644
vt 0.2151516079902649 0.19253593683242798
vt 0.2266698181629181 0.1765385866165161
vt 0.24503496289253235 0.16504836082458496
vt 0.26610061526298523 0.15807849168777466
vt 0.28942278027534485 0.15386945009231567
vt 0.3073703348636627 0.15441375970840454
vt 0.3045811355113983 0.12417548894882202
vt 0.2857148349285126 0.12556427717208862
vt 0.26211246848106384 0.13392037153244019
vt 0.23014745116233826 0.14616292715072632
vt 0.2118207812309265 0.1630280613899231
vt 0.19772130250930786 0.18038076162338257
vt 0.18411904573440552 0.19907110929489136
vt 0.1707882583141327 0.21885597705841064
vt 0.20018377900123596 0.3996444344520569
vt 0.21321389079093933 0.4216626286506653
vt 0.23252195119857788 0.412403404712677
vt 0.2172757387161255 0.3864588737487793
vt 0.18868204951286316 0.40728288888931274
vt 0.20110541582107544 0.429665207862854
vt 0.23798301815986633 0.08432894945144653
vt 0.24860411882400513 0.09385806322097778
vt 0.26086318492889404 0.0773192048072815
vt 0.24832287430763245 0.07030123472213745
vt 0.2297670841217041 0.10463911294937134
vt 0.21582549810409546 0.09002000093460083
vt 0.20172473788261414 0.11444002389907837
vt 0.20702269673347473 0.12115448713302612
vt 0.3742319941520691 0.9049037843942642
vt 0.38649359345436096 0.9096680283546448
vt 0.39914482831954956 0.9184112250804901
vt 0.3948867619037628 0.9129291698336601
vt 0.43428900837898254 0.9207241982221603
vt 0.4308759272098541 0.9329551011323929
vt 0.450273722410202 0.9411995001137257
vt 0.24232354760169983 0.11782628297805786
vt 0.21674346923828125 0.1316627860069275
vt 0.19871610403060913 0.15031057596206665
vt 0.2720213532447815 0.10458391904830933
vt 0.2911795675754547 0.08749932050704956
vt 0.2539863586425781 0.057733356952667236
vt 0.265058308839798 0.037988126277923584
vt 0.239298015832901 0.028993666172027588
vt 0.2292133867740631 0.05150681734085083
vt 0.22780415415763855 0.06250125169754028
vt 0.18248403072357178 0.16699820756912231
vt 0.16502982378005981 0.18628638982772827
vt 0.14841830730438232 0.20654135942459106
vt 0.14733323454856873 0.17127466201782227
vt 0.1558144986629486 0.13812369108200073
vt 0.17676597833633423 0.12409693002700806
vt 0.13065314292907715 0.15460389852523804
vt 0.1770496964454651 0.37387919425964355
vt 0.15279129147529602 0.3471815586090088
vt 0.14161649346351624 0.35632050037384033
vt 0.16788670420646667 0.3835912346839905
vt 0.12868142127990723 0.3178292512893677
vt 0.1150675043463707 0.3260524272918701
vt 0.1060902550816536 0.2849348187446594
vt 0.0906682014465332 0.29261112213134766
vt 0.08837538957595825 0.25362300872802734
vt 0.0720578134059906 0.2590375542640686
vt 0.07425902038812637 0.21943795680999756
vt 0.0564255490899086 0.22348737716674805
vt 0.06255652755498886 0.18384665250778198
vt 0.04516097158193588 0.18643724918365479
vt 0.09540077298879623 0.21656185388565063
vt 0.08250515162944794 0.18028414249420166
vt 0.05460064858198166 0.1500510573387146
vt 0.03882988542318344 0.15193718671798706
vt 0.025990843772888184 0.08625644445419312
vt 0.038872212171554565 0.0848117470741272
vt 0.02820160984992981 0.0547444224357605
vt 0.015940260142087936 0.05970209836959839
vt 0.07342907041311264 0.1454949975013733
vt 0.05707966536283493 0.07590943574905396
vt 0.04674670845270157 0.045965492725372314
vt 0.09705246239900589 0.1390741467475891
vt 0.46486350893974304 0.9531137980520725
vt 0.12407060712575912 0.1307963728904724
vt 0.06629512459039688 0.11066478490829468
vt 0.04803961515426636 0.1179690957069397
vt 0.03491079807281494 0.11946147680282593
vt 0.07777337729930878 0.06913608312606812
vt 0.0677308738231659 0.03624469041824341
vt 0.10820303112268448 0.060128748416900635
vt 0.10140255838632584 0.02393406629562378
vt 0.1399047076702118 0.05185288190841675
vt 0.13954949378967285 0.017653286457061768
vt 0.17774152755737305 0.018085896968841553
vt 0.2093292772769928 0.022444546222686768
vt 0.4234219789505005 0.9898383384570479
vt 0.1918034851551056 0.3609052896499634
vt 0.766049861907959 0.7210270166397095
vt 0.7631282806396484 0.7138930559158325
vt 0.755854606628418 0.7154900431632996
vt 0.7576776742935181 0.7240437269210815
vt 0.7532644867897034 0.7072209715843201
vt 0.7630025744438171 0.7059519290924072
vt 0.7628880739212036 0.6995745301246643
vt 0.7644450068473816 0.6926125288009644
vt 0.760342001914978 0.7314895987510681
vt 0.7681946754455566 0.7279778122901917
vt 0.7661513686180115 0.6850258708000183
vt 0.7560035586357117 0.6842343211174011
vt 0.7433636784553528 0.7053832411766052
vt 0.7455255389213562 0.7165269255638123
vt 0.7495521306991577 0.7272602915763855
vt 0.7554338574409485 0.7394644021987915
vt 0.7769671082496643 0.726438045501709
vt 0.7747573256492615 0.7190498113632202
vt 0.772318959236145 0.7123231291770935
vt 0.7710332870483398 0.706049919128418
vt 0.7713490128517151 0.6984687447547913
vt 0.7713395357131958 0.6927489042282104
vt 0.7724295258522034 0.6858163475990295
vt 0.7787863612174988 0.697989284992218
vt 0.7832298874855042 0.7176024913787842
vt 0.7738612294197083 0.677355170249939
vt 0.7808558344841003 0.6788415908813477
vt 0.7669346928596497 0.6766283512115479
vt 0.7544423341751099 0.6765874028205872
vt 0.7678576111793518 0.6664497256278992
vt 0.759258508682251 0.6664173007011414
vt 0.7936432361602783 0.7167865633964539
vt 0.7071131467819214 0.6672075390815735
vt 0.7126366496086121 0.6769062876701355
vt 0.7165736556053162 0.6629711985588074
vt 0.7102532386779785 0.6559042930603027
vt 0.725066602230072 0.669452428817749
vt 0.7201641798019409 0.6842763423919678
vt 0.7324768304824829 0.674608051776886
vt 0.7279636263847351 0.6890096068382263
vt 0.7368210554122925 0.6898211240768433
vt 0.7439327239990234 0.6788521409034729
vt 0.8416315913200378 0.21364665031433105
vt 0.8312315344810486 0.22401463985443115
vt 0.8538549542427063 0.23588621616363525
vt 0.8616411089897156 0.22093141078948975
vt 0.8142066597938538 0.21311616897583008
vt 0.8260746598243713 0.20387506484985352
vt 0.8127506375312805 0.19169950485229492
vt 0.7988799214363098 0.1986556053161621
vt 0.801645815372467 0.17779922485351562
vt 0.7872944474220276 0.1822068691253662
vt 0.8834494948387146 0.2360846996307373
vt 0.883959949016571 0.22391533851623535
vt 0.9149748086929321 0.2346733808517456
vt 0.9126663208007812 0.2183210849761963
vt 0.44333261251449585 0.5762853026390076
vt 0.445383220911026 0.5543389022350311
vt 0.8508234620094299 0.20308661460876465
vt 0.8357289433479309 0.19501113891601562
vt 0.8244320750236511 0.18440842628479004
vt 0.8143404126167297 0.17125225067138672
vt 0.7928999066352844 0.16157174110412598
vt 0.7794812321662903 0.16749191284179688
vt 0.8062626719474792 0.15529322624206543
vt 0.8683821558952332 0.20864176750183105
vt 0.8883082270622253 0.21029341220855713
vt 0.5193387269973755 0.5691268444061279
vt 0.5030170679092407 0.5617790520191193
vt 0.5002294778823853 0.5792616903781891
vt 0.5160473585128784 0.5813455879688263
vt 0.5244113206863403 0.5563434064388275
vt 0.5085712671279907 0.5464110672473907
vt 0.7735850214958191 0.15535616874694824
vt 0.5316166877746582 0.5872562229633331
vt 0.5343121290206909 0.5776180028915405
vt 0.5380821228027344 0.5656156539916992
vt 0.5453838109970093 0.596851110458374
vt 0.5485154390335083 0.5884058177471161
vt 0.5512845516204834 0.5750415623188019
vt 0.5554559230804443 0.6087545156478882
vt 0.5661067962646484 0.5853760242462158
vt 0.9086469411849976 0.20560312271118164
vt 0.8267418742179871 0.16208243370056152
vt 0.820209801197052 0.14548444747924805
vt 0.5819798707962036 0.5916729867458344
vt 0.5987664461135864 0.6088378131389618
vt 0.5969984531402588 0.5935169458389282
vt 0.6174675226211548 0.5980074107646942
vt 0.6092692613601685 0.5882882475852966
vt 0.6181044578552246 0.5796229541301727
vt 0.628319263458252 0.5832281112670898
vt 0.6341689825057983 0.5668050050735474
vt 0.6217852830886841 0.5640050172805786
vt 0.6316525936126709 0.5464692413806915
vt 0.6199686527252197 0.5488917827606201
vt 0.6245487928390503 0.5292221307754517
vt 0.6123965978622437 0.538451224565506
vt 0.6130729913711548 0.5150399208068848
vt 0.6027271747589111 0.5253151953220367
vt 0.5902261734008789 0.5117986798286438
vt 0.5993787050247192 0.5004728734493256
vt 0.5845386981964111 0.48423242568969727
vt 0.5730973482131958 0.4984515905380249
vt 0.5682532787322998 0.47174370288848877
vt 0.5562188625335693 0.4884305000305176
vt 0.5386728048324585 0.4806947708129883
vt 0.5212767124176025 0.47389090061187744
vt 0.501787006855011 0.45725297927856445
vt 0.5045154690742493 0.47196924686431885
vt 0.5236482620239258 0.44090890884399414
vt 0.49743929505348206 0.44541096687316895
vt 0.49301081895828247 0.47600555419921875
vt 0.4728526175022125 0.45182597637176514
vt 0.4487784504890442 0.46096062660217285
vt 0.42485353350639343 0.4700368642807007
vt 0.4275404214859009 0.4882460832595825
vt 0.4030658006668091 0.47764384746551514
vt 0.40461012721061707 0.49439430236816406
vt 0.38189423084259033 0.4828619956970215
vt 0.3822520673274994 0.49949872493743896
vt 0.3574363589286804 0.4903848171234131
vt 0.3581661581993103 0.5037242770195007
vt 0.48651421070098877 0.49070143699645996
vt 0.46802932024002075 0.5089996457099915
vt 0.48519381880760193 0.5087766051292419
vt 0.48649486899375916 0.5261538624763489
vt 0.4937971830368042 0.5371594130992889
vt 0.44730037450790405 0.5324942171573639
vt 0.4487600326538086 0.5079292058944702
vt 0.9173083305358887 0.6176686882972717
vt 0.9314436912536621 0.61151123046875
vt 0.9220049381256104 0.5942193865776062
vt 0.9085084795951843 0.6008896231651306
vt 0.8853164911270142 0.5890218019485474
vt 0.8801040649414062 0.5750339031219482
vt 0.9131700992584229 0.6433689594268799
vt 0.9233775734901428 0.657903254032135
vt 0.9031872153282166 0.6247074007987976
vt 0.8935189843177795 0.6059914231300354
vt 0.8677631616592407 0.5910742878913879
vt 0.8612755537033081 0.5764598846435547
vt 0.9104964137077332 0.671725869178772
vt 0.8884415626525879 0.6310250163078308
vt 0.8777391910552979 0.6104440689086914
vt 0.8515129089355469 0.5934827327728271
vt 0.84455406665802 0.5783371925354004
vt 0.8623207807540894 0.614871621131897
vt 0.8728939890861511 0.6352658867835999
vt 0.8973172307014465 0.685193657875061
vt 0.8772919178009033 0.679267406463623
vt 0.8830651640892029 0.6968655586242676
vt 0.8624101281166077 0.6899197697639465
vt 0.8671891093254089 0.708018958568573
vt 0.868135929107666 0.6603928208351135
vt 0.8539465665817261 0.6680556535720825
vt 0.8583607077598572 0.6408907771110535
vt 0.8447138071060181 0.6474992632865906
vt 0.8477274179458618 0.6203237771987915
vt 0.8351154327392578 0.627755343914032
vt 0.8277115225791931 0.5805931091308594
vt 0.8076151013374329 0.5814340114593506
vt 0.9467089176177979 0.22047936916351318
vt 0.5626218318939209 0.62134650349617
vt 0.5690809488296509 0.6340734362602234
vt 0.5844708681106567 0.625433623790741
vt 0.7669115662574768 0.14655065536499023
vt 0.8473485708236694 0.6967924237251282
vt 0.8539578318595886 0.7169438600540161
vt 0.8405516743659973 0.674551248550415
vt 0.8352153897285461 0.7150102257728577
vt 0.8329896330833435 0.6994649171829224
vt 0.8317537307739258 0.6536822319030762
vt 0.8193238377571106 0.6590657234191895
vt 0.8275075554847717 0.6798034310340881
vt 0.8226898312568665 0.6345276236534119
vt 0.7877187728881836 0.5816565752029419
vt 0.7696344256401062 0.5816129446029663
vt 0.7524653077125549 0.5931529402732849
vt 0.7534270286560059 0.5819563865661621
vt 0.8110399842262268 0.640633761882782
vt 0.7386990785598755 0.5807443261146545
vt 0.736878514289856 0.5923529863357544
vt 0.7207055687904358 0.5885189771652222
vt 0.7222994565963745 0.5746454000473022
vt 0.8401573896408081 0.75382100045681
vt 0.8450573682785034 0.7398359775543213
vt 0.831328809261322 0.7407243847846985
vt 0.8268558979034424 0.754561111330986
vt 0.83367919921875 0.7289652228355408
vt 0.8462021350860596 0.728417694568634
vt 0.8204399347305298 0.7164246439933777
vt 0.8197326064109802 0.7295380234718323
vt 0.8188250660896301 0.7022402286529541
vt 0.814843475818634 0.6845647096633911
vt 0.8079510927200317 0.6641493439674377
vt 0.8000492453575134 0.64664226770401
vt 0.8120559453964233 0.617998480796814
vt 0.8014498949050903 0.6248459219932556
vt 0.7914959192276001 0.6324199438095093
vt 0.7877075672149658 0.6127330660820007
vt 0.7788311243057251 0.6204538941383362
vt 0.7334466576576233 0.6026157140731812
vt 0.7180602550506592 0.6003187894821167
vt 0.8173718452453613 0.7418407201766968
vt 0.8160668015480042 0.7561247199773788
vt 0.5481656789779663 0.43660402297973633
vt 0.603022575378418 0.44118058681488037
vt 0.6240369081497192 0.435833215713501
vt 0.6171233654022217 0.4204239845275879
vt 0.5960832834243774 0.42616069316864014
vt 0.5727174282073975 0.43191349506378174
vt 0.5742219686508179 0.44983160495758057
vt 0.591620922088623 0.46697115898132324
vt 0.6105730533599854 0.46019887924194336
vt 0.6315782070159912 0.4528324604034424
vt 0.6390573978424072 0.4712029695510864
vt 0.6458585262298584 0.489837646484375
vt 0.6382092237472534 0.5225112736225128
vt 0.6535489559173584 0.5148194134235382
vt 0.6593729257583618 0.5408145785331726
vt 0.6453100442886353 0.5440765619277954
vt 0.662200927734375 0.5662449896335602
vt 0.646965742111206 0.5663633048534393
vt 0.6426883935928345 0.586065798997879
vt 0.6618173122406006 0.5876850485801697
vt 0.6580584049224854 0.6129312813282013
vt 0.5987919569015503 0.6431925296783447
vt 0.6531684398651123 0.6318287253379822
vt 0.6210117340087891 0.6555303037166595
vt 0.6434481143951416 0.6602951288223267
vt 0.5734575986862183 0.6494696736335754
vt 0.572151780128479 0.6629534959793091
vt 0.5938304662704468 0.6681769788265228
vt 0.631367564201355 0.6870198845863342
vt 0.6136654615402222 0.6762865483760834
vt 0.6039638519287109 0.6986522674560547
vt 0.6204050779342651 0.7072980999946594
vt 0.5842878818511963 0.6889249086380005
vt 0.5650205612182617 0.6796282827854156
vt 0.9260956048965454 0.1759812831878662
vt 0.7778521180152893 0.07597947120666504
vt 0.7831830382347107 0.0726475715637207
vt 0.781390368938446 0.06830453872680664
vt 0.7741270661354065 0.06955575942993164
vt 0.7880669236183167 0.06559205055236816
vt 0.7896929383277893 0.07197308540344238
vt 0.7968053221702576 0.0711967945098877
vt 0.8025729060173035 0.07184147834777832
vt 0.76693195104599 0.07143139839172363
vt 0.7710599303245544 0.07807350158691406
vt 0.7606706023216248 0.07541298866271973
vt 0.7650576233863831 0.08162593841552734
vt 0.7569753527641296 0.08551645278930664
vt 0.7510135769844055 0.07775998115539551
vt 0.7426566481590271 0.0836184024810791
vt 0.8102462887763977 0.07354164123535156
vt 0.8123493790626526 0.06485509872436523
vt 0.7889115214347839 0.05689215660095215
vt 0.7797059416770935 0.05859804153442383
vt 0.7706921696662903 0.06178760528564453
vt 0.7590633034706116 0.06637716293334961
vt 0.7672844529151917 0.08858585357666016
vt 0.7731910347938538 0.0861351490020752
vt 0.7801752686500549 0.08221292495727539
vt 0.7855191826820374 0.07947301864624023
vt 0.7910739779472351 0.07751178741455078
vt 0.7979063391685486 0.07698965072631836
vt 0.8025628924369812 0.07725977897644043
vt 0.8093757033348083 0.07921361923217773
vt 0.7981420159339905 0.0837392807006836
vt 0.7820841670036316 0.08911848068237305
vt 0.7753060460090637 0.09232616424560547
vt 0.769347608089447 0.09458017349243164
vt 0.81767338514328 0.0816652774810791
vt 0.8155003190040588 0.08849716186523438
vt 0.8190751671791077 0.07513570785522461
vt 0.8201749920845032 0.0644233226776123
vt 0.8293684124946594 0.07698845863342285
vt 0.8304130434989929 0.06682753562927246
vt 0.8221830725669861 0.015017032623291016
vt 0.8133589625358582 0.022220849990844727
vt 0.8273730874061584 0.023816585540771484
vt 0.832913339138031 0.016420364379882812
vt 0.8223199248313904 0.03344130516052246
vt 0.8079901337623596 0.03053569793701172
vt 0.8055568337440491 0.03821206092834473
vt 0.8207160830497742 0.04197525978088379
vt 0.8067116141319275 0.04602813720703125
vt 0.8179665207862854 0.052527666091918945
vt 0.8063196539878845 0.05461311340332031
vt 0.42676034569740295 0.5108023881912231
vt 0.3608223497867584 0.5205844342708588
vt 0.3832662105560303 0.5180201828479767
vt 0.4050725996494293 0.5143690705299377
vt 0.36160537600517273 0.5399482846260071
vt 0.38405513763427734 0.5381965637207031
vt 0.40521371364593506 0.5357591509819031
vt 0.4261622726917267 0.5334678590297699
vt 0.4255339801311493 0.5555528402328491
vt 0.4054804742336273 0.557439535856247
vt 0.38556626439094543 0.5595239698886871
vt 0.3659909963607788 0.5617738366127014
vt 0.365278035402298 0.5845715701580048
vt 0.3859073221683502 0.5814129710197449
vt 0.4056151807308197 0.5794373750686646
vt 0.42500683665275574 0.577777773141861
vt 0.36381658911705017 0.6036390662193298
vt 0.38558533787727356 0.6029135286808014
vt 0.40535885095596313 0.6018619239330292
vt 0.42478227615356445 0.6006301641464233
vt 0.36316338181495667 0.6275866627693176
vt 0.38633862137794495 0.6252829730510712
vt 0.4047459065914154 0.624966025352478
vt 0.42515960335731506 0.625486433506012
vt 0.3802306056022644 0.6491906642913818
vt 0.39872103929519653 0.6483225226402283
vt 0.8190702795982361 0.8635700047016144
vt 0.8239228129386902 0.8705306798219681
vt 0.8326821327209473 0.8534823060035706
vt 0.8391755819320679 0.8601984530687332
vt 0.8513831496238708 0.8456756621599197
vt 0.8430585265159607 0.8383895009756088
vt 0.8584533929824829 0.8312008529901505
vt 0.8486272692680359 0.8247311860322952
vt 0.8668977618217468 0.8136999160051346
vt 0.8539083003997803 0.8079513311386108
vt 0.8756284713745117 0.7954806387424469
vt 0.8606769442558289 0.789133295416832
vt 0.8824555277824402 0.7804928123950958
vt 0.8670014142990112 0.7726048529148102
vt 0.8927872776985168 0.7613795846700668
vt 0.8766570091247559 0.7535136789083481
vt 0.8708184957504272 0.8387337177991867
vt 0.8616193532943726 0.8528980910778046
vt 0.8809135556221008 0.8207804560661316
vt 0.8902608752250671 0.8031708747148514
vt 0.8973909616470337 0.7875858247280121
vt 0.9087426066398621 0.7679366916418076
vt 0.8488368988037109 0.8683274537324905
vt 0.85889732837677 0.8758468255400658
vt 0.8726608753204346 0.8596797734498978
vt 0.884887158870697 0.8450982421636581
vt 0.8977409601211548 0.8294542878866196
vt 0.9095048904418945 0.8151134997606277
vt 0.9197192788124084 0.7979578077793121
vt 0.9315029978752136 0.7800259739160538
vt 0.9419131278991699 0.8107912242412567
vt 0.9523504376411438 0.7956435233354568
vt 0.9258025288581848 0.8272354155778885
vt 0.9122627377510071 0.8396034985780716
vt 0.8985595107078552 0.8534118831157684
vt 0.936926543712616 0.8396841883659363
vt 0.9534143209457397 0.8257312923669815
vt 0.9678552746772766 0.8135603219270706
vt 0.9622585773468018 0.8422770947217941
vt 0.9800705313682556 0.8365258723497391
vt 0.9868835210800171 0.8639358580112457
vt 0.9651785492897034 0.8654152005910873
vt 0.9666343927383423 0.8873012959957123
vt 0.9861791729927063 0.8887521475553513
vt 0.963790237903595 0.9070751592516899
vt 0.9804083704948425 0.9123493731021881
vt 0.9442676305770874 0.850959524512291
vt 0.9487508535385132 0.8677357286214828
vt 0.9305271506309509 0.8701082617044449
vt 0.9483841061592102 0.8857638388872147
vt 0.9309775233268738 0.8861358612775803
vt 0.9456639885902405 0.9032704755663872
vt 0.9286418557167053 0.9009678363800049
vt 0.9125353097915649 0.8859262317419052
vt 0.9108355045318604 0.8989411890506744
vt 0.8925291299819946 0.8972531482577324
vt 0.9689000844955444 0.9371557086706161
vt 0.9535800814628601 0.9276797920465469
vt 0.9395443201065063 0.9205489009618759
vt 0.9239042401313782 0.9154744818806648
vt 0.907609760761261 0.9118549004197121
vt 0.8909632563591003 0.9095513969659805
vt 0.8733319044113159 0.9085927829146385
vt 0.9541882872581482 0.9561541378498077
vt 0.9403789639472961 0.944037988781929
vt 0.9253671169281006 0.9587482735514641
vt 0.9339042901992798 0.9716821536421776
vt 0.8887815475463867 0.920894168317318
vt 0.8725405335426331 0.9200226441025734
vt 0.8860931396484375 0.9327197298407555
vt 0.8703286647796631 0.9313031286001205
vt 0.9030643105506897 0.9690065756440163
vt 0.9102397561073303 0.983016362413764
vt 0.8844357132911682 0.9877146240323782
vt 0.8833279609680176 0.9729666486382484
vt 0.8835690021514893 0.9589392617344856
vt 0.867935061454773 0.9586928635835648
vt 0.8659330606460571 0.9722569361329079
vt 0.865178108215332 0.9866337608546019
vt 0.8842154741287231 0.9448535144329071
vt 0.8695641756057739 0.9429405033588409
vt 0.8432273864746094 0.9802249241620302
vt 0.8471456170082092 0.9657686054706573
vt 0.8569568991661072 0.9302898496389389
vt 0.8571272492408752 0.918598972260952
vt 0.8091927170753479 0.9534717202186584
vt 0.822654664516449 0.968013659119606
vt 0.8330711126327515 0.9553420543670654
vt 0.8434932827949524 0.9200166463851929
vt 0.8468616604804993 0.14855623245239258
vt 0.9175623655319214 0.1547374725341797
vt 0.9102625846862793 0.13572049140930176
vt 0.8860446810722351 0.1474320888519287
vt 0.9497750997543335 0.16238880157470703
vt 0.9407937526702881 0.1392073631286621
vt 0.3612311780452728 0.6496351361274719
vt 0.376764178276062 0.6789048612117767
vt 0.3583731949329376 0.675035685300827
vt 0.3952924907207489 0.6809428632259369
vt 0.9744133353233337 0.2083059549331665
vt 0.36379799246788025 0.7282957136631012
vt 0.3727465867996216 0.7092256844043732
vt 0.3841894268989563 0.7331429123878479
vt 0.3926044702529907 0.7143941521644592
vt 0.40404996275901794 0.7416538894176483
vt 0.41239169239997864 0.7213856279850006
vt 0.42737382650375366 0.7274808585643768
vt 0.41926810145378113 0.7492116689682007
vt 0.43683499097824097 0.7606616467237473
vt 0.4450354278087616 0.7421137392520905
vt 0.4558347761631012 0.7762361764907837
vt 0.46376124024391174 0.7628971487283707
vt 0.47151124477386475 0.7905417382717133
vt 0.4824286997318268 0.8115762919187546
vt 0.4973515570163727 0.8068712055683136
vt 0.37369444966316223 0.6940958201885223
vt 0.39444440603256226 0.696245014667511
vt 0.416271835565567 0.7007038593292236
vt 0.4340406656265259 0.7064286172389984
vt 0.9876394867897034 0.1909644603729248
vt 0.9800472855567932 0.1680896282196045
vt 0.45629021525382996 0.7139293253421783
vt 0.9323008060455322 0.11934018135070801
vt 0.8433321118354797 0.13450384140014648
vt 0.8386145234107971 0.12119579315185547
vt 0.522213339805603 0.7980428040027618
vt 0.5420973300933838 0.7882126122713089
vt 0.5313853025436401 0.7735529392957687
vt 0.5638598203659058 0.7739053815603256
vt 0.5501209497451782 0.762298122048378
vt 0.5417348146438599 0.745341420173645
vt 0.5364792346954346 0.7265512347221375
vt 0.5858185291290283 0.7546199709177017
vt 0.5736287832260132 0.7439908087253571
vt 0.5594656467437744 0.7310763895511627
vt 0.591506838798523 0.7212920784950256
vt 0.6054574251174927 0.7306624054908752
vt 0.5457353591918945 0.7158535122871399
vt 0.7668575644493103 0.1263749599456787
vt 0.7583661675453186 0.13889551162719727
vt 0.7494960427284241 0.13516473770141602
vt 0.7348833680152893 0.13129138946533203
vt 0.7171387076377869 0.1235508918762207
vt 0.7156445384025574 0.13344287872314453
vt 0.6964905858039856 0.12662315368652344
vt 0.6934764981269836 0.13425946235656738
vt 0.6820960640907288 0.12837553024291992
vt 0.6787050366401672 0.1360177993774414
vt 0.941869854927063 0.08464908599853516
vt 0.9323744773864746 0.07344746589660645
vt 0.9268138408660889 0.09983634948730469
vt 0.8819969296455383 0.13123059272766113
vt 0.9057409763336182 0.11939835548400879
vt 0.9700247049331665 0.08340620994567871
vt 0.9521772861480713 0.10077261924743652
vt 0.9541581869125366 0.0675201416015625
vt 0.9420796632766724 0.061006784439086914
vt 0.7823708653450012 0.1278691291809082
vt 0.7741935849189758 0.11498689651489258
vt 0.6679230332374573 0.12956500053405762
vt 0.6672582030296326 0.13730573654174805
vt 0.6822256445884705 0.11745691299438477
vt 0.7167218327522278 0.1118309497833252
vt 0.865306556224823 0.14038395881652832
vt 0.8619984984397888 0.11376404762268066
vt 0.8615084290504456 0.10082578659057617
vt 0.8629645705223083 0.12602782249450684
vt 0.8790519833564758 0.09906291961669922
vt 0.8773859143257141 0.08664393424987793
vt 0.8604986071586609 0.08830046653747559
vt 0.9323959350585938 0.05333375930786133
vt 0.9174835681915283 0.041677236557006836
vt 0.9128186702728271 0.05524849891662598
vt 0.9259636402130127 0.06566953659057617
vt 0.9044578075408936 0.0680997371673584
vt 0.9135332107543945 0.07715439796447754
vt 0.8979232311248779 0.08266019821166992
vt 0.8935713768005371 0.07352209091186523
vt 0.8785945773124695 0.07775306701660156
vt 0.6964330077171326 0.11466193199157715
vt 0.6823031306266785 0.10706496238708496
vt 0.5734105110168457 0.709118127822876
vt 0.8626981377601624 0.08022069931030273
vt 0.7387499213218689 0.09250736236572266
vt 0.7299757599830627 0.09728503227233887
vt 0.7137234807014465 0.10186147689819336
vt 0.6968329548835754 0.10561990737915039
vt 0.840484082698822 0.023105382919311523
vt 0.8435507416725159 0.011792421340942383
vt 0.8545356392860413 0.023715496063232422
vt 0.856354296207428 0.012032508850097656
vt 0.8717084527015686 0.026616811752319336
vt 0.875308096408844 0.01487278938293457
vt 0.8877182602882385 0.029629945755004883
vt 0.8939721584320068 0.01952385902404785
vt 0.8973160982131958 0.03265833854675293
vt 0.9084745645523071 0.027349472045898438
vt 0.9007822275161743 0.04161691665649414
vt 0.8986958265304565 0.050070762634277344
vt 0.8833557963371277 0.03997492790222168
vt 0.8681283593177795 0.03778195381164551
vt 0.8536486029624939 0.03522634506225586
vt 0.837114155292511 0.03432917594909668
vt 0.6538189053535461 0.12734746932983398
vt 0.6509649157524109 0.1400434970855713
vt 0.5565477609634399 0.6973269581794739
vt 0.8447650074958801 0.07958650588989258
vt 0.8443712592124939 0.06780076026916504
vt 0.8639762997627258 0.06901741027832031
vt 0.8332043290138245 0.05411338806152344
vt 0.8475083708763123 0.056082963943481445
vt 0.8510451912879944 0.04435157775878906
vt 0.8346213698387146 0.04348301887512207
vt 0.8670447468757629 0.04541826248168945
vt 0.8819029927253723 0.04706072807312012
vt 0.8652257323265076 0.05856156349182129
vt 0.8051905632019043 0.703981339931488
vt 0.7922219634056091 0.6522014737129211
vt 0.7841181755065918 0.6388628482818604
vt 0.7720791697502136 0.6270272135734558
vt 0.7612905502319336 0.6194447875022888
vt 0.7483700513839722 0.6137194633483887
vt 0.7309620380401611 0.6127722859382629
vt 0.7153722047805786 0.6126009821891785
vt 0.8063625693321228 0.7298860549926758
vt 0.8067708015441895 0.7170676589012146
vt 0.776803731918335 0.6443659663200378
vt 0.7667429447174072 0.6340096592903137
vt 0.7557929158210754 0.6264505386352539
vt 0.7447473406791687 0.6225879788398743
vt 0.7279614806175232 0.6225917339324951
vt 0.7111135721206665 0.6241213083267212
vt 0.7887771129608154 0.7634992450475693
vt 0.7828213572502136 0.767774686217308
vt 0.747559130191803 0.6631797552108765
vt 0.7374364733695984 0.6584118604660034
vt 0.7291996479034424 0.6528372764587402
vn 0.6174766973827965 0.6268622831015334 0.4751486148711445
vn 0.6794068368514936 0.33749724205079157 0.6515381505695255
vn 0.7354926038837778 0.20789434295788048 0.6448492628501421
vn 0.5926712272448358 0.15243803222945093 0.7908877687296176
vn 0.7721451964149135 0.2745485847496009 0.5730749255248968
vn 0.7210059446013778 0.4246809594477483 0.5475367663746561
vn 0.6035278168808311 -0.07716272425243732 0.7935994507539683
vn 0.4403302058980889 -0.09159225940350066 0.8931518167652734
vn -1.399620177165591e-9 -0.4889845478956944 0.8722924463270578
vn 0.039973928952821196 -0.4687885575018065 0.88240544726302
vn -0.053959446943302916 -0.5414032841056952 0.8390297146377719
vn 4.66600084875147e-9 -0.46878146419739714 0.8833141790014155
vn 0.24506818605818487 -0.5550288750000807 0.794911650498529
vn -0.17269565561837108 0.7592463012674624 0.6274721225219642
vn 0.16838889520915631 0.22078639718989154 0.9606760883805462
vn 0.22821757514444652 0.8051453344624712 0.5474100188967173
vn 0.6522319785901868 0.620981859989428 0.4347125207173132
vn 0.8110280620613881 0.4130563133621114 0.41426798638158174
vn 0.9429187069778484 0.24181648809750875 0.22897401187778846
vn 0.2721003175453524 0.2998901772985384 0.9143452842069945
vn 0.5865750707120624 0.5913756882418174 0.55335746292578
vn -0.010976628486661928 0.20636406703073268 0.9784137087477879
vn 0.1021000834533792 0.3260047550537547 0.9398385354097557
vn 0.09992498493299318 0.1560512865943442 0.9826815320023017
vn 0.3277635006528381 0.5849226167520148 0.7419141594900129
vn 0.2965459320468912 0.3059010294089228 0.9047016471704924
vn 0.1757044926981911 0.551905521146417 0.8151860075919931
vn 0.1088356630373951 0.3941625497723104 0.9125736588397683
vn 0.45270100245004846 0.5378688574914419 0.7111672760480281
vn 0.37315254705008477 0.3319147763109431 0.8663658337541312
vn 0.47828349391555147 0.3170532280894645 0.818976281711493
vn 0.5106178377669527 -0.6160691206230922 0.5997735092256843
vn 0.6051568086284267 -0.4699090484209305 0.6426279819481825
vn 0.4856113809494846 -0.42345041956791135 0.7647688074575836
vn 0.6152412659070675 0.13466877726826065 0.7767512505005324
vn 0.8019457724668296 0.1112093581575482 0.5869543906307935
vn 0.7120653380266055 0.25437277517533524 0.6544138183371851
vn 0.5811266572529321 0.4750168354591736 0.6607955918893417
vn 0.5575259926251784 0.2593665422086882 0.7886024120746895
vn 0.6780275402533248 0.41416485265573383 0.6072447031326665
vn 0.9474688821374578 0.17958822946848407 -0.26467108874520273
vn 0.8102529951478582 0.21989404369417442 -0.5432648464623397
vn 0.6202818641814777 0.6841771481828547 -0.3836040131071718
vn 0.7578172056253604 0.36898600980224133 -0.5381100328263638
vn 0.43186461225991407 0.45564695290586316 -0.7783821754030573
vn 0 0.9575743630886073 0.28818629244890875
vn 0.08394196561228907 0.9847330092903746 0.15249474359160214
vn -2.389647360627809e-9 0.991550263321788 0.12972307160444843
vn 0.9612675105517018 -0.263162070897609 0.08191762691030428
vn 0.9857468643846315 -0.11832167284381652 -0.11959557304226517
vn 0.9871862415578723 -0.08408934524934666 0.13561823805955567
vn 0.922605522481058 -0.31794775732592756 -0.2184222367316735
vn 0.8574027934371516 0.03731535339968135 -0.5132913541126776
vn 0.9524121527642795 0.061633782040270965 -0.29851694789127614
vn 0.9399250625429468 -0.07560444046991395 -0.3329036578123898
vn 0.8102529951478582 0.21989404369417442 -0.5432648464623397
vn 0.9474688821374578 0.17958822946848407 -0.26467108874520273
vn 0.7698310324189983 0.253217191180401 -0.5858679335954541
vn 0.762422009268758 0.27537331236945406 -0.5855614558842348
vn 0.5126576319531826 0.4040447093447266 -0.7575816954300643
vn 0.7698310324189983 0.253217191180401 -0.5858679335954541
vn 0.21553341416624444 0.6043787244386031 -0.7669887253563832
vn 0.5176547643666023 0.4253579277826357 -0.7423639122431931
vn -0.4382408407416237 0.6561732064727926 -0.6143139983862396
vn -0.31398966236566095 0.9188355606873236 -0.23906422639932973
vn -0.6539378262072781 0.736901711300415 -0.17129269493419477
vn -0.107278014450078 0.7544635128886552 -0.6475154325074876
vn 0.048979233284215336 0.5128766434498102 -0.8570639318688815
vn 0.21553341416624444 0.6043787244386031 -0.7669887253563832
vn 0.08385817979886039 0.7899042519608972 -0.6074694053324147
vn 0.06181994685787039 0.9182180001301808 -0.3912211630362309
vn -0.18052534744738538 0.8766356699672181 -0.446005046014199
vn 0.8608270440031889 0.2485023012870183 0.444098419911384
vn 0.12407581037011804 0.04507440800633463 0.9912484507044018
vn 0.7882975170474709 -0.34642951936068195 0.5085013399513507
vn 0.40659654058822514 -0.6162291897207026 0.6744930236243027
vn 0.022341353716499614 -0.5318900918453481 0.8465186318746101
vn -0.25689240595561796 -0.25987132681166497 0.9308454142678466
vn -0.3454796764240551 0.18441836928278954 0.9201269794158885
vn -0.2097872859376276 0.6059100387282836 0.7673736505948153
vn 0.07954585756613872 0.7829975090951591 0.6169176260205601
vn 0.563063617563869 0.7214392372928087 0.40309402063322575
vn 0.5500887738724144 -0.7280456967741746 0.40908654862773275
vn 0.6728164772014811 -0.6009213587091133 0.4315223153596832
vn 0.7224702772609524 -0.6835271060965423 0.10405476301337162
vn 0.7316803729357011 -0.6300511781555135 0.2601525413397351
vn 0.5236281232737258 -0.8307748208195112 0.18875059101667777
vn -0.6944714315482498 -0.6052500716185757 0.3890781175664265
vn -0.9630790546896845 -0.20827946687653467 0.1705825257628989
vn -0.6593690445668301 -0.7515637116686626 0.01960740599490179
vn -0.9365263989762156 -0.34662862917974097 -0.05260130657708091
vn 0.6987106916536596 -0.6467286456136067 0.3058519712404265
vn 0.3465095157617636 -0.6681659808489977 0.6583960643280342
vn 0.2840475747396516 -0.9279491554376904 0.24130341938521915
vn -0.8122622103548782 -0.04160166834744782 0.5818070151004684
vn -0.7531660151477632 0.4263938002926216 0.5009284187371038
vn -0.947537587924552 0.198500377182054 0.2505396569980574
vn 0.15537898200442818 0.7264392356295503 0.669435141659909
vn 0.05076402754691447 0.6339625661755429 0.7716958456512102
vn -0.03648488137679027 0.7369365518687507 0.6749765714087547
vn -0.635834022058084 0.45747720029679545 0.621634705918231
vn -0.6707544790137093 0.5834369544005781 0.4579189329158877
vn -0.4722648549232588 0.6591364128854094 0.5852393493374044
vn -0.8677124499562064 0.40013588021257235 0.2949006299713647
vn -0.9970297333322049 0.010248794658206708 0.0763326474031029
vn -0.9623850856377654 0.18025415529501757 0.2032815447621126
vn -0.8632518282119361 0.3153723940293955 0.39412756078827776
vn 0.7779128841748296 0.4859296860813274 0.3984016626718574
vn 0.6500722079534392 0.5146957564351319 0.5590119880236987
vn 0.6004722646147949 0.640441112388787 0.4788196330462994
vn 0.9109760331090693 0.37800564566311 0.1650284792018613
vn 0.7979264450026899 0.5935383137538162 0.10500313553244867
vn 0.8763668660858186 0.48151064598824656 0.01134080362683755
vn 0.7257253228206416 0.676345618475301 -0.12601333336650553
vn 0.9173874804532063 0.3384363412752639 0.20943030729082965
vn 0.8807262465174612 0.4687674792203719 0.06766335138494417
vn 0.8817935370649148 0.46842773604941407 -0.05491460725678722
vn 0.9622394935556694 0.14362873583609537 -0.23122703839268857
vn 0.9246688149571141 0.33312826972612625 -0.18442651261432938
vn 0.9006314559564013 0.33528237365495556 -0.27649359930774475
vn 0.9517341294331602 0.2168441721557532 -0.21721130696672028
vn 0.9230290040645764 0.15925396953614784 -0.35022225920483135
vn 0.9249293167223311 0.2937491225128087 -0.24128243220449447
vn 0.7517073514219642 0.3614856785162644 0.5516014521788458
vn 0.8634531771199419 0.32474325873348225 0.38599278079860105
vn 0.843446743859911 0.42597920323358834 0.3273214149495732
vn 0.7290363296995341 0.08952523749807914 0.6785950646955405
vn 0.5161072031614339 0.006037802919663655 0.8565027144036298
vn 0.7547010465162355 0.023336066824160326 0.6556536878356418
vn 0.7372949092020396 -0.6742289037635151 -0.042562920419126925
vn 0.6555851290048361 -0.7508698234703596 -0.08001654097312402
vn 0.6780873263100833 -0.7076753091997443 0.19847729000238057
vn 0.5724881190975653 -0.37441688119292954 -0.7294308415263862
vn 0.8182453450354523 -0.25671229679669394 -0.5143669429514107
vn 0.8929898379811239 -0.27844175698534485 -0.35360901746047213
vn 0.5484068505508582 -0.4068941412695169 -0.7305388997647088
vn 0.1476567419569794 -0.46584253791531266 -0.8724610114058226
vn -0.049864822166100185 -0.49078575104190375 -0.8698521978385626
vn -0.30401134495093296 -0.5299509764436978 -0.7916622162939798
vn -0.05879550808493692 -0.5103397053641955 -0.8579606479074785
vn -0.5091261081937842 -0.43070976355067325 -0.7451709237064837
vn 0.7644728943610002 -0.06987734815833618 0.6408575114654377
vn 0.6875250764831629 -0.28027682800505477 0.6698911619735297
vn 0.6003496108035246 -0.08867261507945104 0.7948065878835104
vn 0.26479462927531083 -0.8999980062083374 0.3462475893460753
vn 0.2455033061366658 -0.9291006317131384 0.276586591913299
vn 0.47260918738088065 -0.8486822758216924 0.23744252085356649
vn 0.5219330993275283 -0.5848880640612224 0.6208798533895874
vn 0.4134877166274071 -0.4447162279609585 0.7945158178327413
vn 0.3106594967243194 -0.8629864419490337 0.3984282596743605
vn 0.22624373115243354 0.6998869677507423 0.6774747275632476
vn 0.039338834834758474 0.8931555208926664 0.4480241863703267
vn -0.017583078624399045 0.7331761891986718 0.6798113789413954
vn -0.9006147848599273 0.28327578996176656 0.3296177120745244
vn -0.7806729093253336 0.5507515854969112 0.295334555577497
vn -0.9391438941286452 0.22794821810486984 0.2569987470469435
vn 0.6607241160114182 0.6778725514532313 0.32238555567397315
vn 0.3887368512333853 0.8769703073141545 0.2825008682862241
vn 0.4394935128921364 0.7136337366481347 0.5455019175432387
vn 0.3366884974750067 -0.05592885263784295 0.9399536260426027
vn 0.5303507848701495 -0.25425194761109826 0.8087545932627397
vn 0.23137348762416304 -0.4093156468734426 0.8825684168659146
vn 0.9983291167345667 -0.05053262180401961 0.028025502914163218
vn 0.9080872868779231 -0.06583668413834516 0.4135734643716404
vn 0.9737766591903566 -0.08354285025459475 0.2116119329986053
vn 0.9968395563597714 0.027118877716499526 0.07466903875001622
vn 0.955246273118312 -0.05513933693215603 -0.2906272719760787
vn 0.9475473752054243 -0.19485818094468652 -0.25334612896241093
vn 0.9250390754815164 -0.06409647471770874 0.37442536073437055
vn 0.677702841855947 -0.30823555484705495 0.6676149345756889
vn 0.47714187703189487 0.8214099832508117 -0.3124440247442427
vn 0.7354366449508472 0.6590401234708191 -0.15747716316663
vn 0.686691368062731 0.6392194895921003 -0.34619851119516626
vn 0.8388739677539627 0.5203744904364259 -0.1596898742179781
vn 0.6384870086913882 0.7595605465909205 -0.12410526094741268
vn 0.4434361559890179 -0.1732641828979453 0.8793997375974085
vn 0.46835164731354695 -0.6525923222093795 0.5956257175878628
vn 0.6670940078460047 -0.050777621943978876 0.7432410226875725
vn 0 -0.0900129942584564 0.9959405910317278
vn 5.661081963999513e-9 -0.6468594232463045 0.7626092620454189
vn 0.6298430154309292 0.4108520182255076 0.659164922483669
vn 0.7814347901124201 0.0483208346444246 0.6221131454496232
vn 0.6305475926378331 -0.514794487605978 0.5808583036758034
vn 0.5920389861557137 -0.5120875214190245 0.6222991316711238
vn 0.31068292940396713 -0.6423514625999246 0.7006145273063549
vn 0.39573842133816806 -0.7777463763636923 0.48836633373925403
vn -7.227896003926891e-9 -0.9378190584437972 0.34712449296987075
vn 0.3004325595008789 -0.9081601399935625 0.2915226188799486
vn -5.13863766571962e-9 -0.9107435420857215 0.4129723968368265
vn 0.8232554545066721 -0.21317600560986671 0.5261239846815907
vn 0.9010712557268589 0.28728873786071796 0.3248626989994656
vn 0.8871806554979221 0.06909964741147327 0.4562189422173167
vn 0.9773431261799764 0.08240996409973313 0.19495899960204768
vn 0.944444459357857 0.3285093632910024 0.010308317922205407
vn 0.8804197333138998 0.4248218546865837 0.21068337611717908
vn 0.8491531212697475 0.523870420766007 -0.06707278795675536
vn 0.8559559016299905 0.5131499665879344 0.0633767012047143
vn 0.7529983948280863 0.561277436588082 -0.34345459170527465
vn 0.6662621703418106 0.5023744857147008 -0.5511030724595081
vn 0.6943750458172092 0.6433708782605052 -0.3223619219955345
vn 0.6534992951259045 0.6841531289940497 -0.32384126876850855
vn 0.5408617496672978 0.6644019641475631 -0.5157892959181001
vn 0.563968428243807 0.7426015842844587 -0.3612236135171976
vn 0.5551763494846933 0.03552499608055627 -0.8309736431598335
vn 0.5522603928155405 -0.1672209004447611 -0.8167286140338589
vn 0.3944139172135681 -0.28661952161388454 -0.8730904373191112
vn 0.3224343497515089 -0.5762924266031492 -0.7509481534301656
vn 0.2893455202829028 -0.6226807566451023 -0.7270129608171364
vn 0.3944139172135681 -0.28661952161388454 -0.8730904373191112
vn 0.9358175953789876 0.2948726701313223 -0.1931205234787697
vn 0.25154060768538533 -0.4874483192077782 -0.8361348328988447
vn 0.187902515025886 -0.6620217207939754 -0.7255479901728972
vn 0.21937005359775277 -0.730244819941081 0.6470079462678471
vn 0.559048945005378 -0.6410531932700629 0.5258470124348231
vn 0.26474030993913394 -0.6070464067216904 0.7492711314201389
vn -0.907784133642826 -0.27540130311904054 0.3163575334122426
vn -0.8038268605836096 -0.055667545095833486 0.5922529042793304
vn -0.5864769518803092 -0.6603779457690595 0.46898374561920436
vn 0.19300007813214673 0.8840146657637539 0.42575702055936065
vn 0.2013982267588563 0.8785750406010037 0.43306425884772953
vn -0.122942785398679 0.8444293394648403 0.5213675883380052
vn -0.11130978918527465 0.9075254207117136 0.40497869276488724
vn 0.9977169904287423 0.0655692049385467 -0.016170540298321077
vn 0.8346714116118956 -0.2664575601114202 -0.48200000342040916
vn 0.8426852568295465 -0.23879022375401096 -0.4825565116767471
vn 0.5712738204100142 -0.24263499344985198 -0.7840755589021617
vn 0.9553597501072708 0.28725935011009024 -0.06906383749330673
vn 0.9351727757327885 0.2917613025075594 0.20081638849288203
vn 0.8577147661183586 0.46815299654515047 0.21250447479600432
vn 0.3966282219823504 0.35742925802059466 -0.8455355575243221
vn 0.5757380026342214 0.293768042493433 -0.7630374103098312
vn 0.4784037726066044 0.18066172504915004 -0.8593550904358649
vn -0.107278014450078 0.7544635128886552 -0.6475154325074876
vn 0.20725874682507506 -0.5647401425384677 0.798819368361916
vn 0.3578994220027271 -0.3881560505354395 0.8492601981506276
vn 0.19371595613452083 -0.400645038854982 0.8955208993539896
vn 0.8445506948741522 0.5022511876541864 -0.18568217008519203
vn 0.8022879797762709 -0.21102216495561427 -0.5583938067385376
vn 0.8298887704772681 -0.3215196899454761 -0.4559711806826096
vn 0.7226875412769432 0.4877198330669564 0.4897469572301871
vn 0.5440676268421057 0.6530232377486417 0.5268311573765166
vn -0.02933712163488967 0.42549449874233414 -0.9044853591043857
vn -0.4546849312738573 0.6024424874907323 -0.6559913585852075
vn -0.22688980277398957 0.5954502788645609 -0.7706879931576053
vn -0.17100889752592155 -0.6432518277160968 0.7463129659243968
vn -0.056869417404240924 -0.5377555487201696 0.8411806222118835
vn 0.8995027770655553 -0.3911580840789032 -0.19465381401625678
vn 0.9333789070343227 -0.29987549953067244 -0.19717631877242017
vn 0.04537375447127934 0.6869989931752877 -0.7252403779308767
vn 2.9680941091994534e-10 0.6191593436841075 -0.7852653736977491
vn -2.9790995771912043e-10 0.7044588527419697 -0.7097448307620617
vn -0.9288133853341312 -0.32558711923305894 0.1769144511159804
vn -0.9739918582750292 -0.1145939518490328 0.1954688880962314
vn -0.8996741346548892 0.2964772245530932 0.32044922648412016
vn -0.9657144365012775 -0.1323154909173544 0.2233567505053734
vn 0.20228947142920853 -0.10835907310361918 0.9733125299845965
vn 0.7492287304295766 0.025182690819129803 0.6618324120062368
vn 0.5345420496997346 0.823014028113584 0.19212679831574556
vn -0.41982499128014966 0.7654273576165849 0.48771706645217444
vn -0.2667969979615136 0.8992340289403192 0.3466951442903188
vn -0.6572850264781186 0.6045804544562938 0.4499542955202006
vn -0.8247258959752336 0.4824949029719849 0.2950014662911069
vn -0.6583036706854051 0.6924800795483435 0.29513999490215154
vn -0.4715090609572637 0.8240228747244556 0.31411066101939905
vn 0.6946903181076789 0.7010453054672623 0.16106160811864786
vn 0.9574899647134344 -0.12334702852288008 0.2607651779429958
vn 0.10399197310045169 -0.7104030521694332 -0.6960698046884581
vn -0.10110708080630564 -0.8530114086001834 -0.5120047802596749
vn 0.29191491956383625 -0.8374945534526245 -0.4619399881729533
vn -0.2401310573359127 -0.4049578520357835 -0.8822393175195158
vn -0.2508075650827269 -0.7982355127862436 -0.5476455344692923
vn -0.6212627729867718 -0.4904209548792484 -0.6111627065815721
vn 0.563263590275875 -0.7363570269406021 -0.374849912291211
vn 0.6217175694616044 -0.7357341614597639 -0.2686308014428968
vn 0.2965095889242728 -0.9342008081809355 -0.1983706471987363
vn 0.4051034744213234 -0.8128933897844396 -0.41844415619833353
vn 0.9552885715117359 0.2942602580558172 0.028890234820627414
vn 0.8208040009018074 0.5673118240599224 0.06661896415728567
vn 0.9552552281328807 0.29566829100659014 0.008228658337815163
vn 0.5272689606009842 0.30234304460340805 0.7940882360082535
vn 0.365584059336436 0.5892405250219309 0.7205164114931543
vn 0.8726497303523171 0.1145099697233246 0.4747314134855533
vn 0.8058583416662753 0.32699792841316677 0.4936240350513515
vn 0.93990850116964 0.14051791084885176 0.31116993132324805
vn -0.9737788455505872 -0.13884632313233997 -0.18021225960182516
vn -0.9696395171877095 -0.16448182975519268 -0.18095561441516428
vn -0.988952214419778 0.10417984489810567 0.10545177813211393
vn -0.722375761737692 -0.4709115606878579 -0.5063749212435535
vn -0.6617290013863528 -0.7061468570684762 -0.2519351999553321
vn -0.8794923722989542 -0.39245687586476014 -0.26920395178085726
vn -0.40126992102221615 -0.6209421421185803 -0.6733597156230932
vn -0.5465617150622505 -0.7265230378373233 -0.4164547599918128
vn 0.9860051998818634 -0.1408992938936658 -0.08911304498328498
vn 0.9983269488199771 -0.0485857348523528 0.03134851876328142
vn 0.9719551905177104 0.1302041494428816 0.19583152732268824
vn 0.8560325992275214 -0.34245054889610793 -0.38721545762085496
vn 0.8895617726865686 -0.3846311909010508 -0.2464522257168093
vn 0.5280563910241108 -0.5733054962001218 -0.6264800522964189
vn 0.668743979187916 -0.6775732749707197 -0.3060652664798238
vn 0.3407670561881748 -0.8353959928766701 -0.431267142850517
vn -0.2938635651451318 -0.8516443116159697 -0.4339886767789618
vn 0.0149271108660422 -0.6814097442552679 -0.7317499175231682
vn 0.0006954733945851618 -0.9089396385563199 -0.41692715164386207
vn -0.39472905682871295 -0.9040566288661577 -0.16392249235011355
vn -0.9514007055237801 0.0964438029589135 0.2924641694287959
vn 0.9965033563951667 -0.04333167019025814 0.07143827441707931
vn 0.75716242785276 -0.44378645807900796 0.47933144845065484
vn -0.6550411490206346 -0.7451947823055562 -0.12492329452228404
vn -4.839108835050118e-9 -0.5235734876808806 0.8519805179683856
vn 0.7088482117218157 0.318211603292858 0.6295042400719574
vn 0.31417624212577133 0.570614714624958 0.7587437883351708
vn -0.5501502260641998 0.8254279352657855 -0.12650475265527342
vn -0.25970058305945726 0.9482427946871482 -0.182732617456448
vn -0.2692237980308837 0.7581613940181801 -0.5938938012761507
vn 0.24581929706390018 0.18600928892541763 0.9513009080330316
vn 0.9351727757327885 0.2917613025075594 0.20081638849288203
vn 0.31240474664647966 0.5481579286830816 -0.7758390035919969
vn 0.9304095499526042 0.3579345342749539 -0.07887292647267735
vn 0.7836559660301193 0.6159155816872683 -0.08081660188497178
vn 0.40135221620184136 0.2923071009699221 0.8680282007356849
vn -4.8917080006156255e-9 -0.972447111814182 0.2331236039620527
vn 0.4795057857609593 0.8702816519641015 -0.11262347746540073
vn 0.4640776699527889 0.7183644134559004 -0.5182513731109168
vn 0.3628232970256595 -0.8212386728347175 0.44037063636907264
vn 0.3398035013085672 -0.6382229035976977 0.6908003371610082
vn 0.8802292891224048 -0.47430610146215363 0.015169729293531695
vn -0.6794068632360529 0.337497255157395 0.6515381162671695
vn -0.617476674311457 0.6268623192841539 0.4751485971177377
vn -0.7354926038837778 0.20789434295788048 0.6448492628501421
vn -0.7721451964149135 0.2745485847496009 0.5730749255248968
vn -0.5926712645665416 0.1524380413993278 0.7908877389942476
vn -0.7210059446013778 0.4246809594477483 0.5475367663746561
vn -0.6035278161868863 -0.07716273906487504 0.7935994498414765
vn -0.4403302058980889 -0.09159225940350066 0.8931518167652734
vn -0.03997393105526858 -0.46878858215795866 0.8824054340688977
vn 0.053959446943302916 -0.5414032841056952 0.8390297146377719
vn -0.24506818605818487 -0.5550288750000807 0.794911650498529
vn -0.16703249414842153 0.21906776131849967 0.9613061228606933
vn -0.19004089159255538 0.8119645855290151 0.5519039512174211
vn -0.609075172955599 0.6483809781036092 0.4567598284903283
vn -0.2721002923814281 0.2998901526083379 0.9143452997935131
vn -0.9429187103710419 0.2418164736817859 0.2289740131288211
vn -0.5865750707120624 0.5913756882418174 0.55335746292578
vn -0.1021000834533792 0.3260047550537547 0.9398385354097557
vn 0.011200750354757791 0.20612278555864505 0.9784620281160815
vn -0.09992498493299318 0.1560512865943442 0.9826815320023017
vn -0.3277635006528381 0.5849226167520148 0.7419141594900129
vn -0.17570448691819338 0.5519055625954988 0.8151859807755286
vn -0.2965459565249311 0.3059010537189983 0.9047016309271915
vn -0.1088356630373951 0.3941625497723104 0.9125736588397683
vn -0.37315254705008477 0.3319147763109431 0.8663658337541312
vn -0.4527009832605636 0.5378688346917878 0.7111673055070917
vn -0.4782834893962876 0.3170532548959751 0.8189762739730493
vn -0.605156802398426 -0.4699089839786444 0.6426280349370627
vn -0.5106178190167697 -0.6160691576053178 0.5997734872016534
vn -0.48561135689832324 -0.4234504765578112 0.7647687911743863
vn -0.8019457724668296 0.1112093581575482 0.5869543906307935
vn -0.6152412300986979 0.13466876757581264 0.7767512805436839
vn -0.7120653380266055 0.25437277517533524 0.6544138183371851
vn -0.5811266406658007 0.47501687062197895 0.6607955811996501
vn -0.5575260704704895 0.25936655276808535 0.7886023535666976
vn -0.6780275486222687 0.41416482796547965 0.6072447106279327
vn -0.8102530004577317 0.2198940153328961 -0.5432648500225458
vn -0.9474688821374578 0.17958822946848407 -0.26467108874520273
vn -0.08394196580303448 0.9847330115280312 0.15249472903696357
vn -2.389647360627809e-9 0.991550263321788 0.12972307160444843
vn -0.9857468643846315 -0.11832167284381652 -0.11959557304226517
vn -0.9612675105517018 -0.263162070897609 0.08191762691030428
vn -0.9871862435528466 -0.08408934541928023 0.13561822343246133
vn -0.9226055194782123 -0.31794775629108873 -0.21842225092192513
vn -0.9524121521082474 0.061633793173687404 -0.29851694768565434
vn -0.8574027828730258 0.03731535407112977 -0.5132913717101987
vn -0.9399250625429468 -0.07560444046991395 -0.3329036578123898
vn -0.9474688821374578 0.17958822946848407 -0.26467108874520273
vn -0.8102530004577317 0.2198940153328961 -0.5432648500225458
vn -0.7698310107407257 0.2532172232608569 -0.5858679482152731
vn -0.5126576257800307 0.4040447342817554 -0.7575816863076663
vn -0.7624220030117408 0.2753733399118496 -0.5855614510786703
vn -0.7698310107407257 0.2532172232608569 -0.5858679482152731
vn -0.21553341416624444 0.6043787244386031 -0.7669887253563832
vn -0.5176547643666023 0.4253579277826357 -0.7423639122431931
vn 0.3139896892297861 0.9188355520892085 -0.23906422416225726
vn 0.4382408888988928 0.6561731893327678 -0.6143139823396271
vn 0.6541827860028919 0.7367752726175706 -0.17090079039255157
vn -0.048979242004776206 0.512876695756827 -0.8570639000694152
vn 0.107278014450078 0.7544635128886552 -0.6475154325074876
vn -0.21553341416624444 0.6043787244386031 -0.7669887253563832
vn -0.06181995056892343 0.9182179999187178 -0.39122116294613374
vn -0.08385817240067411 0.789904252454423 -0.6074694057119566
vn 0.18052534744738538 0.8766356699672181 -0.446005046014199
vn -0.1240758542395611 0.045074433780375636 0.9912484440412009
vn -0.8608270440031889 0.2485023012870183 0.444098419911384
vn -0.7882975170474709 -0.34642951936068195 0.5085013399513507
vn -0.40659654058822514 -0.6162291897207026 0.6744930236243027
vn -0.022341351854784183 -0.531890091867482 0.846518631909837
vn 0.25689240595561796 -0.25987132681166497 0.9308454142678466
vn 0.34547967547466035 0.1844183836771593 0.9201269768873355
vn 0.20978728128774457 0.6059100683361429 0.7673736284879661
vn -0.07954584723770888 0.7829974807674885 0.6169176633060537
vn -0.563063617563869 0.7214392372928087 0.40309402063322575
vn -0.6728164772014811 -0.6009213587091133 0.4315223153596832
vn -0.5500887738724144 -0.7280456967741746 0.40908654862773275
vn -0.7316803672628733 -0.6300511732706321 0.2601525691250547
vn -0.7224702772609524 -0.6835271060965423 0.10405476301337162
vn -0.5236280800118669 -0.8307748467485456 0.1887505969077092
vn 0.9630790505836891 -0.20827948290052822 0.17058252937950116
vn 0.694471462406135 -0.6052500465650218 0.3890781014610346
vn 0.6593690446149926 -0.7515637117235593 0.019607402271044055
vn 0.9365264086508495 -0.34662860295820963 -0.05260130712047016
vn -0.3465095157617636 -0.6681659808489977 0.6583960643280342
vn -0.6987107221595162 -0.6467286186796851 0.3058519585027922
vn -0.2840475747396516 -0.9279491554376904 0.24130341938521915
vn 0.7531660151477632 0.4263938002926216 0.5009284187371038
vn 0.8122622103548782 -0.04160166834744782 0.5818070151004684
vn 0.947537587924552 0.198500377182054 0.2505396569980574
vn -0.05076403126260471 0.6339625660556537 0.7716958455052743
vn -0.15537898200442818 0.7264392356295503 0.669435141659909
vn 0.03648488881745287 0.7369365516684265 0.6749765712252733
vn 0.6707544790137093 0.5834369544005781 0.4579189329158877
vn 0.635834022058084 0.45747720029679545 0.621634705918231
vn 0.47226481529386316 0.6591363991698381 0.5852393967641558
vn 0.8677124614363153 0.40013586033679216 0.29490062316086424
vn 0.9970297332465555 0.010248803039229057 0.07633264739654556
vn 0.9623850856377654 0.18025415529501757 0.2032815447621126
vn 0.8632518363254924 0.31537236719120526 0.39412756449261527
vn -0.6500722278965215 0.5146957126204548 0.5590120051732121
vn -0.7779129220084087 0.48592963524932503 0.3984016507982834
vn -0.60047228559057 0.6404410711886936 0.47881966184808644
vn -0.7979264161496914 0.5935383518961266 0.1050031391861181
vn -0.9109760536341708 0.37800559457526905 0.16502848292009994
vn -0.8763668798759451 0.48151062081593804 0.011340806759255648
vn -0.7257253520770529 0.6763455861364066 -0.1260133384465238
vn -0.8807262205773302 0.46876752501835456 0.06766337174378959
vn -0.9173874373386541 0.3384364289522622 0.20943035446481367
vn -0.8817935370649148 0.46842773604941407 -0.05491460725678722
vn -0.9246688211157569 0.33312825528749246 -0.18442650781681952
vn -0.9622394956150878 0.14362872124233445 -0.2312270388875687
vn -0.9006314559564013 0.33528237365495556 -0.27649359930774475
vn -0.9230290040645764 0.15925396953614784 -0.35022225920483135
vn -0.9517341294331602 0.2168441721557532 -0.21721130696672028
vn -0.9249293281450178 0.2937490963382273 -0.24128242028312152
vn -0.8634531771199419 0.32474325873348225 0.38599278079860105
vn -0.7517073514219642 0.3614856785162644 0.5516014521788458
vn -0.8434467249244404 0.42597922347263123 0.3273214374034941
vn -0.516107290597022 0.006037809067209171 0.8565026616737795
vn -0.7290362997256195 0.08952524126788013 0.678595096400132
vn -0.7547010463850177 0.023336074270683235 0.6556536877216452
vn -0.6555851290048361 -0.7508698234703596 -0.08001654097312402
vn -0.7372949096696592 -0.6742289041911359 -0.04256290554496076
vn -0.6780873263100833 -0.7076753091997443 0.19847729000238057
vn -0.8182453056398128 -0.2567123218370392 -0.5143669931240202
vn -0.5724881190975653 -0.37441688119292954 -0.7294308415263862
vn -0.8929898548019969 -0.2784417324279151 -0.35360899431893633
vn -0.548406887730808 -0.4068941092507864 -0.730538889687892
vn -0.147656737109201 -0.4658425398304268 -0.8724610112037108
vn 0.0498648240261249 -0.49078570288103873 -0.869852224905132
vn 0.30401134495093296 -0.5299509764436978 -0.7916622162939798
vn 0.05879550808493692 -0.5103397053641955 -0.8579606479074785
vn 0.5091261081937842 -0.43070976355067325 -0.7451709237064837
vn -0.6875250764831629 -0.28027682800505477 0.6698911619735297
vn -0.7644729235624003 -0.06987735082751702 0.6408574763403205
vn -0.6003496108035246 -0.08867261507945104 0.7948065878835104
vn -0.2455033061366658 -0.9291006317131384 0.276586591913299
vn -0.26479462927531083 -0.8999980062083374 0.3462475893460753
vn -0.47260918738088065 -0.8486822758216924 0.23744252085356649
vn -0.4134876558984137 -0.4447162841055152 0.7945158180118366
vn -0.5219331426950236 -0.5848880458655662 0.6208798340742396
vn -0.3106594967243194 -0.8629864419490337 0.3984282596743605
vn -0.039338834834758474 0.8931555208926664 0.4480241863703267
vn -0.22624374028830035 0.6998869960126266 0.6774746953154648
vn 0.017583078624399045 0.7331761891986718 0.6798113789413954
vn 0.7806729024541199 0.5507515806493857 0.295334582780384
vn 0.9006147772566886 0.2832758173725939 0.3296177092918007
vn 0.939143901162514 0.22794820534493607 0.2569987326608385
vn -0.3887369238566493 0.87697026945099 0.28250088589157996
vn -0.6607240766190275 0.6778725706430928 0.32238559605797945
vn -0.4394934648004005 0.7136337553423788 0.5455019318331265
vn -0.5303507808515232 -0.2542519754868764 0.8087545871345647
vn -0.3366884969138109 -0.05592888234694065 0.9399536244758784
vn -0.23137348197931792 -0.4093156964919617 0.8825683953337932
vn -0.9080872756853398 -0.06583668332687849 0.41357348907648106
vn -0.9983291171104349 -0.05053261437246474 0.028025502924714743
vn -0.9737766567259024 -0.08354284259258249 0.21161194736421401
vn -0.9968395558052021 0.02711887770141255 0.07466904615905617
vn -0.9552462900582235 -0.055139330459391685 -0.2906272175252871
vn -0.9475473807080458 -0.19485815227395129 -0.25334613043364906
vn -0.677702841855947 -0.30823555484705495 0.6676149345756889
vn -0.9250390634380773 -0.06409646975317317 0.37442539133822805
vn -0.7354366449508472 0.6590401234708191 -0.15747716316663
vn -0.47714187703189487 0.8214099832508117 -0.3124440247442427
vn -0.6866913942259805 0.6392194543420059 -0.346198524385485
vn -0.8388739917769381 0.5203744457338368 -0.15968989369220427
vn -0.6384870086913882 0.7595605465909205 -0.12410526094741268
vn -0.4683516290958226 -0.6525923564297915 0.5956256944194909
vn -0.4434361559890179 -0.1732641828979453 0.8793997375974085
vn -0.6670940038142084 -0.05077764107521452 0.7432410249992699
vn -0.6298430154309292 0.4108520182255076 0.659164922483669
vn -0.7814347901124201 0.0483208346444246 0.6221131454496232
vn -0.6305475926378331 -0.514794487605978 0.5808583036758034
vn -0.3106829024782796 -0.6423514685475035 0.7006145337933957
vn -0.5920389461251695 -0.5120875463990158 0.622299149199189
vn -0.39573840299280544 -0.7777463999141161 0.48836631109991196
vn -0.30043258922342475 -0.9081601397524116 0.2915225890002163
vn -0.8232554803234956 -0.21317601229494518 0.5261239415758951
vn -0.8871806925987649 0.06909963539997727 0.45621887188888394
vn -0.901071272165582 0.2872887132995584 0.32486267512378786
vn -0.9773431267800672 0.08240995669975298 0.19495899972175293
vn -0.8804197388419263 0.4248218573539778 0.21068334763770646
vn -0.9444444594031921 0.32850936330677144 0.010308313266087735
vn -0.8491530939061502 0.5238704634891503 -0.06707280069652442
vn -0.8559559290228873 0.5131499234054784 0.06337668088120015
vn -0.6662621703418106 0.5023744857147008 -0.5511030724595081
vn -0.7529983948280863 0.561277436588082 -0.34345459170527465
vn -0.6943750657740727 0.6433708371468283 -0.3223619610627807
vn -0.5408617925051078 0.6644018975608232 -0.5157893367700994
vn -0.6534993622316287 0.6841530772423396 -0.3238412426833428
vn -0.563968428243807 0.7426015842844587 -0.3612236135171976
vn -0.5522603928155405 -0.1672209004447611 -0.8167286140338589
vn -0.5551763082514386 0.03552499725611702 -0.8309736706576548
vn -0.3944138920473662 -0.28661952498293924 -0.8730904475818086
vn -0.2893455202829028 -0.6226807566451023 -0.7270129608171364
vn -0.3224343497515089 -0.5762924266031492 -0.7509481534301656
vn -0.3944138920473662 -0.28661952498293924 -0.8730904475818086
vn -0.9358175953789876 0.2948726701313223 -0.1931205234787697
vn -0.25154060403123213 -0.48744834192889147 -0.8361348207522381
vn -0.18790250065084613 -0.6620217226476134 -0.7255479922044065
vn -0.559048945005378 -0.6410531932700629 0.5258470124348231
vn -0.21937004513781713 -0.7302447917794243 0.6470079809208364
vn -0.2647402822255803 -0.6070464115112111 0.7492711373317948
vn 0.8038268605836096 -0.055667545095833486 0.5922529042793304
vn 0.9077841460563116 -0.275401270719597 0.31635752599684447
vn 0.5864769436832357 -0.6603779365390862 0.4689837688666308
vn -0.19300009247825406 0.8840146632213937 0.4257570193349153
vn -0.2013982199623046 0.8785750651566793 0.4330642121913934
vn 0.11130978918527465 0.9075254207117136 0.40497869276488724
vn 0.12294275986737793 0.8444293688002386 0.5213675468456233
vn -0.9977169904888449 0.0655692049424966 -0.016170536574005013
vn -0.8426852568295465 -0.23879022375401096 -0.4825565116767471
vn -0.8346713688247274 -0.2664576143104705 -0.4820000475521017
vn -0.5712738471082351 -0.24263500478928754 -0.7840755359409316
vn -0.9351727757327885 0.2917613025075594 0.20081638849288203
vn -0.9553597505988661 0.28725935025790406 -0.06906383007826453
vn -0.8577147661183586 0.46815299654515047 0.21250447479600432
vn -0.233106029101559 0.41775622751728275 -0.8781465216961413
vn -0.4249842552515132 0.5118014321907741 -0.7466241871221352
vn -0.10196461358373654 0.6665897854185837 -0.7384180899411431
vn -0.5757380026342214 0.293768042493433 -0.7630374103098312
vn -0.3966282470963509 0.3574292537956229 -0.8455355475297182
vn -0.47840379558806206 0.1806617224733578 -0.8593550781835732
vn 0.107278014450078 0.7544635128886552 -0.6475154325074876
vn -0.35789935564405534 -0.3881560406909507 0.8492602306152661
vn -0.20725873256401187 -0.5647401442826088 0.7988193708289864
vn -0.19371595613452083 -0.400645038854982 0.8955208993539896
vn -0.8445506630295477 0.5022512396096473 -0.18568217439195409
vn -0.8022880222545897 -0.2110221447734167 -0.5583937533336542
vn -0.8298887598752808 -0.32151967912801066 -0.45597120760645576
vn -0.7226875412769432 0.4877198330669564 0.4897469572301871
vn -0.5440675848810091 0.6530232589255024 0.5268311744611001
vn 0.45777525666885255 0.6009930467930477 -0.6551711013835819
vn 0.03166687171703709 0.4161550284268368 -0.908742098480485
vn 0.23099164921698212 0.5976369061898763 -0.7677714414796969
vn 0.17100889752592155 -0.6432518277160968 0.7463129659243968
vn 0.05686940626451426 -0.5377555490619484 0.8411806227465088
vn -0.8995027770655553 -0.3911580840789032 -0.19465381401625678
vn -0.93337890429191 -0.29987549864959145 -0.19717633309424518
vn -0.04537375271506138 0.686999022988794 -0.7252403497992891
vn 0.9288133853341312 -0.32558711923305894 0.1769144511159804
vn 0.9739918546064843 -0.11459395886799417 0.19546890226115696
vn 0.9657144365012775 -0.1323154909173544 0.2233567505053734
vn 0.8996741346548892 0.2964772245530932 0.32044922648412016
vn -0.20228951751241828 -0.10835903605836428 0.9733125245310961
vn -0.7492287309567307 0.02518266289717266 0.6618324124718993
vn -0.5345420496997346 0.823014028113584 0.19212679831574556
vn 0.26679706486675403 0.8992339939421892 0.3466951835795586
vn 0.4198250158297224 0.7654273480397414 0.4877170603499756
vn 0.8247258959752336 0.4824949029719849 0.2950014662911069
vn 0.6572850352921022 0.6045804625635258 0.44995427175162256
vn 0.6583037258407135 0.6924800152633733 0.2951400227096846
vn 0.4715091536638398 0.8240228284075621 0.3141106433637848
vn -0.694690321442199 0.7010453088322862 0.16106157908942378
vn -0.9574899616720881 -0.12334699087818335 0.2607652069170284
vn 0.10110708080630564 -0.8530114086001834 -0.5120047802596749
vn -0.10399197310045169 -0.7104030521694332 -0.6960698046884581
vn -0.29191491554507754 -0.8374945419229345 -0.4619400116157992
vn 0.2508075650827269 -0.7982355127862436 -0.5476455344692923
vn 0.2401310573359127 -0.4049578520357835 -0.8822393175195158
vn 0.6212627729867718 -0.4904209548792484 -0.6111627065815721
vn -0.6217175694616044 -0.7357341614597639 -0.2686308014428968
vn -0.5632635655540684 -0.7363570542263147 -0.3748498958389368
vn -0.29650956174210924 -0.9342008164361636 -0.198370648951673
vn -0.4051034744213234 -0.8128933897844396 -0.41844415619833353
vn -0.8208040009018074 0.5673118240599224 0.06661896415728567
vn -0.9552885712547047 0.2942602579766431 0.028890244126079743
vn -0.9552552281621631 0.2956682910156536 0.00822865461277727
vn -0.5272689606009842 0.30234304460340805 0.7940882360082535
vn -0.365584059336436 0.5892405250219309 0.7205164114931543
vn -0.8058583416662753 0.32699792841316677 0.4936240350513515
vn -0.8726497303523171 0.1145099697233246 0.4747314134855533
vn -0.9399084924533174 0.14051790954574678 0.31116995823990695
vn 0.9696395198022926 -0.1644818301987095 -0.18095560000194091
vn 0.9737788415211456 -0.13884635236012405 -0.18021225885611705
vn 0.988952214419778 0.10417984489810567 0.10545177813211393
vn 0.6617290292382825 -0.7061468271852931 -0.25193521055919177
vn 0.7223757535123598 -0.4709115345770172 -0.5063749572597059
vn 0.8794923928722603 -0.3924568254405657 -0.2692039580781436
vn 0.40126992102221615 -0.6209421421185803 -0.6733597156230932
vn 0.5465616778267598 -0.7265230479462873 -0.4164547912247306
vn -0.9983269487674964 -0.048585731124508445 0.031348526212214005
vn -0.9860051965023788 -0.1408993083119008 -0.08911305957901482
vn -0.9719551905177104 0.1302041494428816 0.19583152732268824
vn -0.8560325992275214 -0.34245054889610793 -0.38721545762085496
vn -0.8895617649370621 -0.3846311794896962 -0.24645227149779803
vn -0.6687439730879972 -0.6775732687902649 -0.3060652934903855
vn -0.528056371305893 -0.5733054747922517 -0.6264800885075947
vn -0.3407670561881748 -0.8353959928766701 -0.431267142850517
vn 0.293863537916415 -0.8516443190745134 -0.43398868057975454
vn -0.0149271108660422 -0.6814097442552679 -0.7317499175231682
vn -0.0006954733945851618 -0.9089396385563199 -0.41692715164386207
vn 0.39472903362999545 -0.9040566353382681 -0.16392251251850615
vn 0.9514006875714682 0.09644381604024278 0.2924642235148316
vn -0.9965033560734496 -0.04333167762684841 0.07143827439401576
vn -0.7571624178386307 -0.44378648201186843 0.479331442111081
vn 0.6550411490206346 -0.7451947823055562 -0.12492329452228404
vn -0.7088482117218157 0.318211603292858 0.6295042400719574
vn -0.31417624212577133 0.570614714624958 0.7587437883351708
vn 0.5414905737307408 0.8303336195216486 -0.13165879709624798
vn 0.20750710119306456 0.76432459629888 -0.6105315016008633
vn -0.24571550584071772 0.185362515470268 0.9514539547702635
vn -0.9351727757327885 0.2917613025075594 0.20081638849288203
vn -0.31240474664647966 0.5481579286830816 -0.7758390035919969
vn -0.9304095499526042 0.3579345342749539 -0.07887292647267735
vn -0.7836559660301193 0.6159155816872683 -0.08081660188497178
vn -0.40135224120349716 0.2923070974735701 0.8680281903530015
vn -0.47950578656567583 0.870281653424626 -0.1126234627532463
vn -0.4640776699527889 0.7183644134559004 -0.5182513731109168
vn -0.3628232970256595 -0.8212386728347175 0.44037063636907264
vn -0.33980348893879 -0.638222936339708 0.6908003129956924
vn -0.8802292890975333 -0.47430610144875174 0.015169731155748075
vn -0.8126637692625062 0.3893986538337241 0.4335277228973248
vn -0.7613039136311366 0.36606750581449626 -0.5351737402719501
vn 0.16828714436208306 0.7669183072827297 0.6192864821688329
vn -0.5963202699572806 0.715192316121987 -0.36455738450639535
vn -0.14884596923201804 0.9454125673150306 -0.2898964556633693
vn 0.27361393213252616 0.956259810466986 -0.10345332777934843
vn 0.28362547007148986 0.3377590317398084 -0.8974828294763713
vn 0.07492924893841207 0.6325315552111552 -0.7709017053526882
vn 0.6880608971313256 0.37954987056574896 0.6184772409655497
vn 0.8988432210659952 0.3559569747737174 0.2556863235561295
vn 0.8615788585555686 -0.19339160100751362 0.469341623074104
vn 0.5874703017200008 0.09423609751083546 0.8037401337017702
vn 0.4909943424131292 -0.39874618050458976 0.7745489263121472
vn 0.4398683091444864 0.013123076689711662 0.8979663999663722
vn 0.1852886506904083 -0.3684253353100879 0.9110054271117034
vn 0.3487034715485988 -0.0025082379417142964 0.9372297464722209
vn 0.018376252071142088 -0.14229011884309928 0.989654402020945
vn 0.329512794573907 0.03380566425287968 0.9435457038620417
vn 0.2711787274966943 0.10124262245701714 0.9571896516110586
vn -0.12970169571780205 0.269625617180957 0.954190492872212
vn 0.15953639185532975 0.2930510074991395 0.9426925515126986
vn 0.18291843937729757 0.5252930381291473 0.831028319992059
vn -0.05313845836754516 0.6372061656501896 0.7688592892719083
vn 0.38586860005962687 0.6610860076198097 0.6434832663071547
vn 0.241590997356419 0.8658677545282858 0.43807170835888876
vn 0.6250834181929407 0.7391575836160202 0.25083218869027796
vn 0.6679896903623113 0.5706365358794984 0.47766485896401184
vn 0.7520857420356534 0.5138076710111397 0.4127574515823902
vn 0.6686061780608566 0.5565250052983578 0.4931994496514741
vn 0.3910509036416719 0.09241712847303402 0.9157173500190059
vn 0.3004881203353855 0.32562214783968374 0.8964803993248139
vn 0.505390781352719 0.2341673926787502 0.8305093559555632
vn 0.4161170082016388 0.2900793910720482 0.8618007788117779
vn 0.38366391337172506 0.3276911895575251 0.8633773716415479
vn 0.48832842908095647 0.3598351195324877 0.7950182589741984
vn 0.7129621985084225 0.3839938577741357 0.5867142581272197
vn 0.7250691907537964 0.5105663894042514 0.4621651551451507
vn 0.5203337401789769 0.6890486124460751 0.5044450500475701
vn 0.3855680783708455 0.5494172516636212 0.7412677927144863
vn 0.17288719085477428 0.6985245334027622 0.6943871365980208
vn 0.27352314773428965 0.842971729393312 0.4632318545795127
vn 0.11724467481740056 0.42845666065721266 0.8959233093102513
vn 0 0.479986675106364 0.8772757786011979
vn 0 0.7409281283684499 0.6715843272385277
vn 0 0.8897281256775356 0.45649081302731537
vn 4.955138069101432e-9 0.8599105462526428 0.5104447594436458
vn 0.34483165270540833 0.7899629552325719 0.5070006515308226
vn 2.6118675754535816e-9 0.5646606010664205 0.8253232128101745
vn 0.37294790693904123 0.5288241160341363 0.7624007561712558
vn -1.051580321626273e-8 -0.027608358909738475 0.9996188166087665
vn 0.32389640873836173 -0.01097007936230329 0.9460289497500469
vn 4.902715145302198e-9 -0.3131142287439457 0.949715473053948
vn 0.24834437074329413 -0.2317075822961535 0.9405512584790838
vn 0.08691174625780365 -0.24997455137179855 0.9643438557013193
vn 2.3908399573596873e-9 -0.30981716446929236 0.9507961530213548
vn 0.29016638999216504 -0.12309991556907503 0.9490257514450289
vn 0.5913131288954735 -0.03748931768674352 0.805570192258395
vn 0.7736862166854882 0.029925366341552333 0.6328618416054328
vn 0.7034224962475499 0.1122397178874537 0.7018540001320861
vn 0.25003830905767527 -0.5214227089113029 0.8158426334993637
vn 0.5164833657280808 -0.48058351803510435 0.7087202657743011
vn 0.5080711870653626 0.12709897829298905 0.8518858600721527
vn 0.48352156691028636 0.12731707438487477 0.8660238200550247
vn 0.6784058326868468 -0.3544407844308452 0.6435349691419364
vn 0.6263949872018553 -0.1840305328649809 0.75747084629167
vn 0.49880731515961296 -0.07507926135301535 0.8634549014615323
vn 0.329859464180618 -0.585601148894631 0.7404485318398327
vn 0.463255444952964 -0.6324407780249036 0.6208164422860317
vn 0.4101799033843043 -0.5586880313910205 0.7208468148227255
vn 0.4881194793146833 -0.5261659582530516 0.6963395423851861
vn 0.49500351793158637 -0.5266097150645963 0.6911249707794808
vn 0.3917942331604305 -0.46033671339233895 0.7966099353920775
vn 0.46118871073415774 -0.33810006692905975 0.8203616993948037
vn 0.45225841643701237 -0.23471364700044456 0.860448620589072
vn 0.3289853925536891 -0.3687668735216002 0.8693558560678125
vn 0.3963282539677372 -0.3788724086217914 0.836289192260672
vn 0 -0.7069060638727981 0.7073074415414188
vn 0.17413815210686331 -0.6783748017699726 0.7137811515474174
vn 0.3130272531966707 -0.5545450348933232 0.7710342035417821
vn 0.5195524728343324 -0.06784714771851783 0.8517405664392134
vn 0.5258565961633322 -0.25002913813683275 0.8129946311963362
vn 1.1904530036259432e-9 0.4144669840027554 0.9100643489180641
vn 0.27111900338229866 0.7663875113045956 0.5823612869356423
vn -0.45259396686182746 0.7070261596136792 0.5433900171904221
vn -0.1454115902480192 0.9606257316763166 0.23675656920745325
vn -0.3190608365449212 0.6412693348180382 0.6978350971435056
vn 0.8809152396099192 0.30191323677195087 0.36446774628886225
vn 2.3744119470343045e-9 -0.582731531886669 0.8126647289903852
vn 0.11373153649459591 -0.5410575310305639 0.8332597948549352
vn 0.22851389390375818 -0.44796072934592196 0.8643567465212564
vn -3.5916547634349012e-9 -0.62908031838596 0.7773403070852685
vn 0.1211125958624109 -0.5988473093117549 0.7916524737872924
vn 0.2659991127316097 -0.5092941006558687 0.8184521922892788
vn 0.16586825984203785 -0.7492727295111076 0.6411537235234221
vn -4.8159001475560985e-9 -0.7730942886910483 0.6342911167541934
vn 0.6680806782406483 -0.08585546046418106 0.7391191022223677
vn 0.6577688523798226 -0.29043773117868155 0.6949719858718844
vn 0.1760167156887136 -0.878821763139295 0.44349794185644104
vn -2.4111868500256393e-9 -0.898144774968287 0.4396998558075327
vn 0 0.5872626577571487 0.809396423765271
vn 0.8354524533662541 -0.09333123445052259 0.5415796144984122
vn 0.81225193208976 -0.2911816645465156 0.5054305462161666
vn 0.9184876410956818 0.10519141457714491 0.38120233400879
vn 0.8708296539365921 0.2483925704949178 0.42421320671049684
vn 0.9375201971945433 -0.09152789328211569 0.33567621989596236
vn 0.9101739211834734 -0.2834949581270549 0.3020166252278831
vn 0.8542735522777357 -0.44432601052567217 0.26979824730549856
vn 0.8263259239136408 0.35541682600631364 0.43688024361358535
vn 0.7555528043558416 0.4803762202661933 0.4453971787436346
vn 0.6079173148571696 0.6246379676038293 0.4901672650479692
vn 0.4414361070776398 0.7170743267440153 0.5393872201793026
vn 0.29452287412405714 0.7607794809345573 0.578334555431932
vn 0.16038078831451527 0.7695788391616099 0.618082852904272
vn 0 0.7662673576679702 0.6425218568831313
vn 0.15954395953154063 0.8873978159564352 0.43251686812510176
vn 4.8154505782731e-9 0.9009986048103871 0.43382198437808117
vn 0.26790775634367625 0.876514871919207 0.3999338862804125
vn 0.4027467925465583 0.8284513849816276 0.38918289250104826
vn 0.6357512014545292 0.6897119431796246 0.34658021479090423
vn 0.8021611775023574 0.5200488312997841 0.29340528006796357
vn 0.8896277278669253 0.37977852272404355 0.25363513062640763
vn 0.9471686167153365 0.23768345214872622 0.21535595669546737
vn 0.9822452737166357 0.08037958353719944 0.16950912899226953
vn 0 -0.9674425355395067 0.25309077507663263
vn -2.468480404725274e-9 -0.8829722548512101 0.4694251773850331
vn 0.1657014852433013 -0.8962294006225376 0.4114801079614065
vn 0.1590970166069243 -0.9557498439357902 0.24744772200100915
vn 0.20972932071316325 -0.5147272381457216 0.8313058897566363
vn -4.900225565881831e-9 -0.44492739504608253 0.8955666436047667
vn 0.27111900338229866 0.7663875113045956 0.5823612869356423
vn -0.1454115902480192 0.9606257316763166 0.23675656920745325
vn 0.13165202363093825 0.9647798264306551 0.22774466225647103
vn 0.3075983282496469 0.907641518285086 0.28560487170769056
vn 0.47672340844348693 0.8396843176236694 0.260125044120894
vn 0.3277635006528381 0.5849226167520148 0.7419141594900129
vn 0.5865750707120624 0.5913756882418174 0.55335746292578
vn 0.649105537991552 0.7124610423973381 0.26657318622621506
vn 0.7771384530113318 0.26341933341680485 -0.5715470931020473
vn 0.6202818641814777 0.6841771481828547 -0.3836040131071718
vn 0.7578172056253604 0.36898600980224133 -0.5381100328263638
vn 0.19729052291485494 0.9386657271895398 -0.2828128394675807
vn 0.7771384530113318 0.26341933341680485 -0.5715470931020473
vn 0.48847481836897155 0.3189497008938882 -0.8121966757621579
vn 0.39234189939227176 0.3025196397056645 -0.8686482035747378
vn 0.44352334920524616 0.8417483006828012 0.3078097415732293
vn 0.6548642658109217 0.7092649494396566 0.2609521505186033
vn 0.8296282444587023 0.5244574266848336 0.19147162607418894
vn 0.2659116055790043 0.9129079465111971 0.30966126528047544
vn 0.16000432640902737 0.946382724019125 0.28063919043592983
vn 0.04448256114172172 0.9989544401341195 -0.010551222232561564
vn -2.3941815829937636e-9 0.9998113181241286 -0.01942493631630512
vn -4.823152909646968e-9 0.9824001033231158 -0.18678874963640418
vn 0.047390900353187396 0.9769258882259425 -0.20825443927481482
vn -0.31398966236566095 0.9188355606873236 -0.23906422639932973
vn 0.923775277011192 0.37192334183890735 0.09117162594949564
vn 0.974102858608943 0.22609664696470277 -0.0019816864545235176
vn 0.9955706928796877 0.06519978320805037 -0.06773465692451607
vn 0.9558963010602792 0.19509075237141565 -0.21954921989939086
vn 0.9150156433416746 0.22740422333898005 -0.3332171839020562
vn 0.9474688821374578 0.17958822946848407 -0.26467108874520273
vn 0.8812180695268086 0.16564768435756763 -0.44273644372969817
vn 0.6267272461117124 -0.6082084416978861 0.487129808602038
vn 0.5020364836833284 -0.8416069869076386 0.19914077593281806
vn 0.3406192540538554 -0.8844626830893793 0.31891109417850527
vn 0.42520214201506445 -0.5776440242298619 0.6968002007012711
vn 0.8057312332203114 -0.5397729848774164 0.24380792565009166
vn 0.685931129688575 -0.7267803375403417 0.035900226864217136
vn 0.9277780668281951 -0.37176755135744183 0.031886462178001874
vn 0.8066914863548358 -0.5707477040996145 -0.15328373725755987
vn 0.9721488064797649 -0.17228442347181996 -0.1588860456080121
vn 0.8346693818035336 -0.43073047671565945 -0.3432175396275778
vn 0.7996712334301117 -0.2967463436450569 -0.5219842200274388
vn 0.9363448297138106 0.03106047292294411 -0.3497050284025355
vn 0.8372649481681849 0.15788162748910647 -0.5235081644734091
vn 0.7236548037306431 -0.1833553902949948 -0.6653604480936137
vn 0.8817410255239124 -0.19896018022631862 -0.42772375500122717
vn 0.7870398971798809 -0.0913292125000631 -0.6101042330546482
vn 0.6071373798081133 -0.0678408888479342 -0.79169553228502
vn 0.6834114705459153 0.23444883235476316 -0.6913627896652794
vn -2.378772930069327e-9 0.10115441368866783 -0.9948707376294179
vn 0.23193804832804774 0.08384692843867153 -0.96911012497506
vn 0.2260494543450531 0.38022736411554015 -0.8968437967494965
vn -2.432704381307796e-9 0.4251528891878095 -0.9051215502987752
vn 0.6379430921300914 -0.0013654369462041877 -0.7700822987093288
vn 0.22759519895125843 0.09082395884531025 -0.9695109251132773
vn -2.3994506004333246e-9 0.09196886914609687 -0.9957618827350183
vn 0.6985645928230712 0.10714731423719535 -0.7074793019627447
vn 0.5126576319531826 0.4040447093447266 -0.7575816954300643
vn 0.7449303457019054 0.2087286000255659 -0.6336490760537785
vn 0.44405697041048847 0.06739590505973873 -0.8934602391886486
vn 0.4414297720035496 0.03086937416623056 -0.8967646503556433
vn 0.47169599281134533 0.28833372769676124 -0.8332865964589908
vn 0.24204119602985266 0.21322028131419385 -0.9465480289244359
vn 0 0.2323831246298383 -0.9726243279844861
vn -2.42956458376071e-9 0.43091300736761445 -0.902393472982489
vn 0.22059500540338398 0.39713783248529944 -0.8908531784755328
vn 0.1607386254426228 0.6085725771311293 -0.7770473040007227
vn 4.839536352417683e-9 0.6428467068738867 -0.7659948508060607
vn 0 0.8111392999304293 -0.5848530038465843
vn 0 0.9216067225704331 -0.3881250428830699
vn 0.19729052291485494 0.9386657271895398 -0.2828128394675807
vn -0.18052534744738538 0.8766356699672181 -0.446005046014199
vn 0.33897682092458753 -0.9144613879528313 0.2210318638098165
vn -0.34253227504320133 -0.02202669698717893 0.9392478188282172
vn -0.23742040451126248 -0.6827864062890964 0.6909661894105452
vn 0.014829087063381487 -0.6810497041962592 0.7320870157235779
vn -0.016720395173407197 -0.09512016716398834 0.9953253649857116
vn 0.2268065261580127 -0.6890933204990547 0.688265352415565
vn 0.25176441587577775 -0.037020306913845794 0.9670802323358352
vn 0.515632972462468 -0.06844009265764388 0.8540717718239684
vn 0.8364886918105807 -0.055293919054919455 0.5451873540248081
vn -0.5175147270440916 -0.03294531757717057 0.8550398314360675
vn -0.36235840574647077 -0.6908849781321543 0.6255991790085794
vn 0.7821802927303569 -0.609466778245446 0.12939952039852992
vn 0.9634670285979118 -0.10178324232398782 0.24773263084770913
vn 0.04976349218048256 -0.9685325416371192 0.24386125283846322
vn 0.15736898440902566 -0.9702227502695442 0.18412717780239118
vn -0.0935851930448068 -0.9728195477141394 0.211811093260064
vn -0.2074600892844337 -0.9698663791721892 0.12774786849698072
vn -0.5071454493560762 0.50685255214035 0.6970681341061556
vn -0.32599865780742715 0.5228591463563941 0.7876186819643239
vn -0.046881805992300664 0.5106560575566437 0.8585059622085371
vn 0.19029946230513262 0.504971255318725 0.8418967549220083
vn 0.4329695100212831 0.5293708437112895 0.7295916071476751
vn 0.7222079187766274 0.46109843381057825 0.515561787173724
vn 0.8873095547567817 0.3271466804599629 0.3250489247810989
vn 0.326460110999507 0.7273562281788267 0.6036362424968037
vn -0.28759137346699 0.714636518334508 0.6376408460646972
vn 0.9699013356413956 0.13245026935536275 0.20432406923495078
vn 0.8799009182060392 0.32557662799552767 0.3460841421435414
vn 0.9663005828118331 -0.230369711872285 0.11486069610354963
vn 0.6264232966501151 -0.7778937639431903 0.04975083348345144
vn 0.942530149352653 -0.3341210848592119 -0.00013495839602767177
vn 0.6994064279704645 -0.7136721436984738 -0.038764930316206495
vn -0.31068269967545836 0.5350636593417355 0.7856100435802741
vn -0.6593690445668301 -0.7515637116686626 0.01960740599490179
vn -0.6550411490206346 -0.7451947823055562 -0.12492329452228404
vn -0.2596583807284327 -0.9631226083317214 -0.07051501001765416
vn -0.2074600892844337 -0.9698663791721892 0.12774786849698072
vn -0.09202676665752772 -0.9957456214651567 0.004661711223375196
vn -0.0935851930448068 -0.9728195477141394 0.211811093260064
vn 0.02532520141825267 -0.9989635792460052 0.03782064929552459
vn 0.04976349218048256 -0.9685325416371192 0.24386125283846322
vn 0.15736898440902566 -0.9702227502695442 0.18412717780239118
vn 0.1979775822219055 -0.9801076981374455 0.013920380357115906
vn 0.9109760331090693 0.37800564566311 0.1650284792018613
vn 0.8953343087214906 0.2578462675698258 0.3631690762255513
vn 0.5768632456225354 0.5683950355603613 0.5866480029797854
vn 0.6956418210720596 0.6285129834414185 0.3479279902812017
vn 0.8321982948168174 0.1296099885523115 0.5391171013531764
vn 0.7259967707426291 -0.08366262664137389 0.682590106707342
vn 0.2799476023759883 0.20881895248540683 0.9370293405261295
vn 0.4127279037773495 0.45345468285076057 0.7899585609665047
vn 0.1686251333191932 -0.06215311486436695 0.9837187376103705
vn 0.5590764005864074 -0.3321982158777927 0.7596564510849351
vn 0.7979264450026899 0.5935383137538162 0.10500313553244867
vn 0.7367656757685147 0.6672192153172053 0.10952103780030938
vn 0.7257253228206416 0.676345618475301 -0.12601333336650553
vn 0.7349020493331269 0.6661083385199741 -0.12735249993671077
vn 0.8187019075145716 0.5618229589881755 -0.11866823242036023
vn 0.8327791453617913 0.5080467550249095 -0.2199258733281373
vn 0.7324797536839208 0.38884425115963794 0.558814422490368
vn 0.7511718219026258 0.5411134752590477 0.3780702327247751
vn 0.6854600401613964 0.1321026436564525 0.7160261342164218
vn 0.5723856791047165 -0.14308300873086233 0.8074044135180067
vn 0.3802738933395693 -0.5414578700534306 0.7498100699520968
vn 0.06219582060156275 -0.32615589049345506 0.9432677324048139
vn 0.427095000172032 -0.40274975439279526 0.8095569752429999
vn 0.7676146544402396 0.6075499117102089 0.20408539161220993
vn 0.7735030941452868 0.6336745857644882 0.012226311948895471
vn 0.9150436766177944 -0.23699467466606083 -0.32638718427921937
vn 0.8321982948168174 0.1296099885523115 0.5391171013531764
vn 0.8953343087214906 0.2578462675698258 0.3631690762255513
vn 0.9586187438821199 -0.07868324086991017 -0.2736038221298715
vn 0.9069183324508899 0.0007316552785853754 -0.4213058306563658
vn 0.841838159048123 -0.15893153796310103 -0.5157996512320947
vn 0.23835477975292 -0.6973777790636082 0.6759077098519046
vn 0.8805383394137181 -0.33174479555106967 -0.33852270743232366
vn 0.7259967707426291 -0.08366262664137389 0.682590106707342
vn 0.7603796541364781 -0.2627474901763588 -0.5939583638449029
vn 0.8512930331964592 -0.47579127874037436 -0.22118505986112974
vn 0.5590764005864074 -0.3321982158777927 0.7596564510849351
vn 0.6766557939737308 -0.36489142081358 -0.6395241883607116
vn 0.3802738933395693 -0.5414578700534306 0.7498100699520968
vn 0.5496141619362009 -0.5273287612957667 -0.6479572906522773
vn 0.7756337535994167 0.6129905591379865 -0.15044884407990056
vn 0.8105879249475655 -0.1701486520667747 0.560354041770968
vn 0.6973997351367515 -0.42032924275547096 0.580479919649079
vn 0.3616036589778312 -0.7012998106907896 -0.6143462943152723
vn 0.11756604761423042 -0.88504563644394 -0.45041363862555217
vn 0.5507199197758518 -0.8297379951512889 0.09078782608036812
vn 0.33129105222718774 -0.9112709829661696 0.24460464901157133
vn -0.17789135832230452 -0.957076845342709 -0.22881996578772176
vn -0.4282604355420207 -0.9027876642027103 0.03959081601550276
vn 0.21041185687633446 -0.8994838355112973 0.3829564990174971
vn -0.5239923765360289 -0.7676436275441713 0.3689922091629445
vn 0.20236904491153782 -0.8486939489163681 0.4886362151277098
vn 0.21896297395907402 -0.8124658752053802 0.5403280648474162
vn -0.377410119619237 -0.7045232205703595 0.6010063504541043
vn -0.3783780558907721 -0.5255807119337401 0.7619678221969368
vn 0.22264579721827601 -0.7317839628616701 0.6441436801518029
vn -0.03380008804342329 -0.37538169850989533 0.9262538175209226
vn 0.27779005674877427 -0.5848934976301473 0.7620579248334642
vn 0.20499835618487952 -0.3027921872231044 0.930748389908973
vn 0.385639675623 -0.42903155655568376 0.8168316620116989
vn 0.34270197417419623 -0.17270572616748617 0.9234327745137
vn 0.48531803900158144 -0.27303698890409395 0.8306125472865464
vn 0.5466301990881335 -0.1722624138289835 0.8194639017227543
vn 0.437050256536204 -0.053596709479583435 0.897838775056301
vn 0.5416588547403952 0.04754613132865835 0.839252673797946
vn 0.6601416778453476 0.1954385255478782 0.7252701206469219
vn 0.8868864158131426 0.14777259494436423 0.43771651285909524
vn 0.7517073514219642 0.3614856785162644 0.5516014521788458
vn 0.9277780668281951 -0.37176755135744183 0.031886462178001874
vn 0.8057312332203114 -0.5397729848774164 0.24380792565009166
vn 0.843446743859911 0.42597920323358834 0.3273214149495732
vn 0.9721488064797649 -0.17228442347181996 -0.1588860456080121
vn 0.8372649481681849 0.15788162748910647 -0.5235081644734091
vn 0.9363448297138106 0.03106047292294411 -0.3497050284025355
vn 0.7873238496160292 0.5593906935088309 -0.259235815121109
vn 0.6834114705459153 0.23444883235476316 -0.6913627896652794
vn 0.636826136612505 0.624703803961666 -0.45188231769235604
vn 0.47169599281134533 0.28833372769676124 -0.8332865964589908
vn 0.4324390999427633 0.675264554700714 -0.5975066577081288
vn 0.2260494543450531 0.38022736411554015 -0.8968437967494965
vn 0.21221220665476379 0.7163558157436077 -0.6646806184905847
vn 0 0.7385223920906429 -0.6742289495273209
vn -2.432704381307796e-9 0.4251528891878095 -0.9051215502987752
vn 0.9108896914344591 0.39863616502959487 0.10662634744252268
vn 0.8938361579221044 0.4219956181613653 -0.15158041114754295
vn 0.9285802541191913 0.361611056566251 -0.08352338252835283
vn 0.9249293167223311 0.2937491225128087 -0.24128243220449447
vn 0.9230290040645764 0.15925396953614784 -0.35022225920483135
vn 0.8313835814401951 0.46841573462253966 -0.2989783270902775
vn 0.8399809332020898 0.4995456718793845 -0.2118635257979081
vn 0.9355834375685874 0.31177848415633036 0.1657643151119258
vn 0.9108896914344591 0.39863616502959487 0.10662634744252268
vn 0.9285802541191913 0.361611056566251 -0.08352338252835283
vn 0.9593042963501841 0.28055501157201596 -0.032002382503563444
vn 0.9587984069996476 0.10305492668128453 -0.26473627787225007
vn 0.9069183324508899 0.0007316552785853754 -0.4213058306563658
vn 0.6601416778453476 0.1954385255478782 0.7252701206469219
vn 0.8182243189742877 0.20060998399947827 0.5387620979233709
vn 0.9442027958644551 0.20563181266416627 0.2572870729403156
vn 0.9837417029848302 0.17935851258898958 -0.00909866860433918
vn 0.9390554254927581 -0.037392086591195584 -0.341726117984815
vn 0.841838159048123 -0.15893153796310103 -0.5157996512320947
vn 0.5416588547403952 0.04754613132865835 0.839252673797946
vn 0.935999816481607 0.11356900724433516 0.33317626587128635
vn 0.9977350480415983 0.06705881764012653 -0.005280992912113536
vn 0.888844279703391 -0.15740677590476912 -0.4303242420987063
vn 0.7603796541364781 -0.2627474901763588 -0.5939583638449029
vn 0.9990182535967633 -0.04112321645087022 -0.016474527283302363
vn 0.9304560372779156 0.028245389362632694 0.36531323637781205
vn 0.437050256536204 -0.053596709479583435 0.897838775056301
vn 0.38296493564046946 -0.060057360171036245 0.9218085330258
vn 0.34270197417419623 -0.17270572616748617 0.9234327745137
vn 0.21938177986236548 -0.11160109946094142 0.9692351774794029
vn 0.20499835618487952 -0.3027921872231044 0.930748389908973
vn 0.6827483747859912 -0.0472124440703694 0.7291266295040869
vn 0.6018865104083474 -0.07813779975287682 0.7947497171048516
vn 0.908833203833502 -0.055839218147727104 0.4134055990505964
vn 0.8788221726047954 -0.10639225269702311 0.4651368373975987
vn 0.9923682750445997 -0.12253389444467279 -0.013807657195460302
vn 0.9837402077824954 -0.17391934942253096 0.044802494221822704
vn 0.6766557939737308 -0.36489142081358 -0.6395241883607116
vn 0.5496141619362009 -0.5273287612957667 -0.6479572906522773
vn 0.6534992951259045 0.6841531289940497 -0.32384126876850855
vn 0.23835477975292 -0.6973777790636082 0.6759077098519046
vn 0.650927239744571 -0.7407290272645021 0.16617531924536322
vn 0.2258483623579351 -0.8119408566881133 0.5382792606638412
vn 0.2258483623579351 -0.8119408566881133 0.5382792606638412
vn 0.08540414201417365 -0.055805626784061736 0.9947823201816873
vn -0.03380008804342329 -0.37538169850989533 0.9262538175209226
vn 0.5497842798833494 -0.03760024376552067 0.8344599854168684
vn -0.43724178230513155 0.00044796981341454296 0.8993438848014025
vn 0.07352113283831653 0.0654533979639722 0.9951434548451497
vn 0.8646197008473167 -0.09475318002108994 0.4934111954370186
vn 0.5331384891627976 0.04902085064985885 0.8446065992962485
vn 0.8686171623178252 -0.03433081214037241 0.4942930514024157
vn 0.9793744218864413 -0.18709405369510257 0.07629912729863164
vn 0.3616036589778312 -0.7012998106907896 -0.6143462943152723
vn 0.11756604761423042 -0.88504563644394 -0.45041363862555217
vn -0.5877634708583045 -0.5257674299688226 -0.6149005707499208
vn -0.17789135832230452 -0.957076845342709 -0.22881996578772176
vn 0.985743777837431 -0.1535292648126887 0.06883290856025985
vn -0.8346838920895385 -0.38701027924858294 -0.39182374103950524
vn -0.4282604355420207 -0.9027876642027103 0.03959081601550276
vn -0.975723859839823 -0.21246443819942548 -0.053120728909531026
vn -0.5239923765360289 -0.7676436275441713 0.3689922091629445
vn -0.5239923765360289 -0.7676436275441713 0.3689922091629445
vn -0.975723859839823 -0.21246443819942548 -0.053120728909531026
vn -0.9498079005814459 -0.12681412144989807 0.28597750015334494
vn -0.377410119619237 -0.7045232205703595 0.6010063504541043
vn -0.7986256565302947 -0.06820295314732522 0.5979510163161692
vn -0.3783780558907721 -0.5255807119337401 0.7619678221969368
vn -0.40264981121302673 0.09062255798881232 0.9108571136647495
vn -0.7788154839538883 0.023658129590854053 0.6268067763337704
vn 0.07638041025429872 0.13747519426387358 0.987555873807399
vn 0.519477819590918 0.1306368646628016 0.844438751209428
vn 0.8738053828692207 0.02945003014879286 0.4853831976830366
vn 0.9911544401174638 -0.1212911019358996 0.0538641293126686
vn 0.8845947079603225 -0.30611496107517155 -0.3518321094706085
vn 0.8780840931632118 -0.3107298804557258 -0.36388908574689405
vn 0.8735280150657444 -0.30874912226146034 -0.3763280303114271
vn 0.5043789018442733 -0.4570871473858636 -0.7325798680478591
vn 0.47873381230686557 -0.4763962373260686 -0.7374690244448906
vn -0.8313719980330742 -0.2825652670783884 -0.47851590436203173
vn -0.9824089301717721 -0.14748006004874298 -0.1145527206432637
vn -0.9824089301717721 -0.14748006004874298 -0.1145527206432637
vn -0.9589641270557921 -0.042079268044393 0.2803874787164548
vn 0.6267272461117124 -0.6082084416978861 0.487129808602038
vn 0.21927563126368424 -0.23474895078449173 0.9470011233570386
vn 0.20972932071316325 -0.5147272381457216 0.8313058897566363
vn -4.900225565881831e-9 -0.44492739504608253 0.8955666436047667
vn 0 -0.2225137472305625 0.9749295524772104
vn 0.5044572723513637 -0.27154137468311146 0.8196268310682784
vn 0.42520214201506445 -0.5776440242298619 0.6968002007012711
vn 0.4351888300983477 -0.25698420417169404 0.8628845814846113
vn -4.802007685767178e-9 -0.29823336038654186 0.9544929872725891
vn 0.23334848364649063 -0.27861070016705136 0.9316246899542265
vn 0 -0.4274041651205879 0.9040606614810608
vn 2.407924510554019e-9 -0.5647550188004837 0.825258607189083
vn 1.2065394180709172e-9 -0.7096376384631393 0.7045668329381243
vn 0.1587966643470743 -0.7210910748058246 0.6743969759923477
vn 0 -0.8260509612662826 0.5635954305980936
vn 0.1375983173829409 -0.8214486630897181 0.5534336427806845
vn 2.380357198737083e-9 -0.871791264625819 0.4898775264513728
vn 0.14409385823100904 -0.8614038054722598 0.4870528143210046
vn 0 -0.9012305573003487 0.43333991575679126
vn 0.1877301083865333 -0.8867700212017289 0.4223699041161264
vn 4.804744327408315e-9 -0.9305438463200799 0.3661804883876683
vn 0.5494231791323346 -0.8188650920505199 0.16611481346710763
vn 7.187709638531095e-9 -0.9525106689141023 0.30450521441316813
vn 0.2723732934831979 -0.9377442161127474 0.2155193126942562
vn 4.795741766033341e-9 -0.9705728362950978 0.24080774374195046
vn 0.2078209264505246 -0.8871769453139117 0.41198001193349426
vn 0.5254834907505039 -0.8378653795351704 0.14781308035843757
vn 0.09710455543259289 -0.9371457435343233 0.33515453255138694
vn -2.3967916502005463e-9 -0.982800093058792 0.1846726213698972
vn 0.2660169396366262 -0.9474917515841748 0.1774665278476929
vn -7.17512481623262e-9 -0.9897854738783254 0.1425647772048168
vn 0.2531772026538719 -0.9585892881783589 0.13041426550062404
vn 0.5058292305274237 -0.8556788413307242 0.10931838840260966
vn -0.12785489672898973 -0.95505432898 0.2674403748108754
vn 0.8245136333083927 0.4186239628502005 -0.3806983664480152
vn -0.1738915277663606 0.04727946888738387 0.9836291925277573
vn -0.08030936901993489 -0.5011370931044925 0.8616333438083736
vn 0.003049600749377526 -0.46637902227757666 0.8845797349672222
vn -0.038951346984590476 -0.042301098087173215 0.9983453358776738
vn 0.34720971739473294 -0.5024660330639733 0.7918164545926182
vn 0.36193154549722123 -0.055691690373605655 0.9305396240877243
vn 0.4280326261083829 -0.07190846975494579 0.9008980202910114
vn 0.5884556567291612 -0.026808111934773865 0.8080849368710844
vn -0.3147850357172301 0.011137806890147525 0.9490976401541519
vn -0.2741337267991147 -0.6042105223678089 0.7481846994501076
vn -0.7577683593696042 -0.05480098111786169 0.650218398699097
vn -0.6714369095485491 -0.5886868866827253 0.45013356456022435
vn -0.9358932953959248 -0.21121011778766277 0.28194684920579977
vn -0.6134804841217473 -0.7831104684832921 0.10188076243150958
vn -0.5584253861916544 -0.8291510630313574 0.025876683146636856
vn 0.745453157169469 -0.6279828365516176 0.22346621100885766
vn 0.9309267552105004 -0.021186717703004666 0.36459086580195954
vn 0.06462864606773998 -0.9177094143090391 0.3919599073834102
vn 0.25235149703612536 -0.9047241964472391 0.34320963026483375
vn -0.005354178367567058 -0.9386316123828966 0.3448797312245126
vn -0.17447593190611754 -0.9685339584858071 0.17748273280886895
vn -0.3501318638650403 0.48579993087710094 0.8008783334977898
vn -0.7256790395972774 0.4116740482627786 0.5512843272541931
vn -0.20169624796987784 0.4178803277336077 0.885829924561214
vn -0.046518774931752965 0.37852360417630027 0.9244219191798909
vn 0.3016234213101179 0.35117523404811585 0.8863967885255623
vn 0.368224118127023 0.35609281444816077 0.858841607240802
vn 0.5422862931553548 0.38032976938744556 0.7491827832869072
vn 0.8362011957511064 0.38254431109792986 0.3929725311914689
vn 0.26526725660757977 0.7046339013724024 0.6581218334082192
vn -0.17246577959682569 0.7375445673674285 0.6529039485367293
vn -0.31930562756827674 0.7598670101927522 0.5662561637845163
vn -0.5942825435374914 0.6992422656387618 0.3973518747797488
vn 0.9343092677835508 0.33819528111905356 0.11265053911353154
vn 0.731827639020524 0.6669090646561067 0.14021628380884557
vn 0.9900466212634835 -0.12679354857933547 0.061082597877140175
vn 0.6658603552432292 -0.7451649908088149 0.03686629610171832
vn 0.9770282095927887 -0.2118650456442331 -0.023001741109683508
vn 0.6639136319384289 -0.7471553882478122 -0.03126523850196772
vn -0.6134804841217473 -0.7831104684832921 0.10188076243150958
vn -0.5584253861916544 -0.8291510630313574 0.025876683146636856
vn -0.1934838577278567 -0.9810838619592244 -0.006201016200592296
vn -0.17447593190611754 -0.9685339584858071 0.17748273280886895
vn -0.02089524882311321 -0.9987858499663597 0.044611819998706476
vn -0.005354178367567058 -0.9386316123828966 0.3448797312245126
vn 0.06462864606773998 -0.9177094143090391 0.3919599073834102
vn 0.057685831346841715 -0.9951343727436484 0.07987443299284953
vn 0.25235149703612536 -0.9047241964472391 0.34320963026483375
vn 0.2341728127789554 -0.9702599876858599 0.06130783025868498
vn 0.3106594967243194 -0.8629864419490337 0.3984282596743605
vn 0.7344787225483222 0.6024198021903615 -0.3124602183522092
vn 0 0.8201720682796427 -0.5721169272219561
vn 0.19982763835202047 0.8145476461590083 -0.5445925514432537
vn 0.388769589749637 0.781171724625984 -0.488496614861111
vn 0.575775851663587 0.7058089848020297 -0.41269340388937586
vn 0.1889329647859758 0.8676997176077769 -0.4597842264373206
vn 2.380239303613274e-9 0.8832489489060796 -0.468904355126187
vn 0.3867109516511726 0.8114493666847443 -0.43818325524827156
vn 0.5706262152186662 0.7145069291241276 -0.40480312590051654
vn 0.7212097918185818 0.5959048004573643 -0.3532051882077429
vn 0.7172439635295372 0.6455250925271088 -0.2624089398216221
vn 0.5714452849463283 0.763496814384477 -0.30087023903564336
vn 0.4014564054085733 0.8564098854865154 -0.32464574939062524
vn 0.2143616493471508 0.9177092168861299 -0.33445310064553924
vn 0 0.9415773671076584 -0.33679676624131977
vn 0.2147811281559651 0.9285281538700387 -0.30282756555298684
vn 2.38775101513686e-9 0.9516805636523473 -0.3070897340621312
vn 0.4023380634526228 0.8717205002152411 -0.2796917092115589
vn 0.5625658395621347 0.7926768328430193 -0.23491086571657482
vn 0.702760400746666 0.6885859989389894 -0.17882153451858024
vn 0.20441446847583386 0.91989955962283 -0.33466330136939976
vn 2.3934600802697515e-9 0.9381678635718195 -0.34618067502546673
vn 0.3838604065118707 0.8731086787663456 -0.30055352830307547
vn 0.5386099642464561 0.8070535996756859 -0.24199957368753547
vn 0.6710094867196787 0.7223245563592741 -0.16731259370582618
vn 0.19208560214898007 0.8989825531617865 -0.39361591756149705
vn 2.3894256743517745e-9 0.9147870180723441 -0.4039365192283419
vn 0.362694776243353 0.8606334363351258 -0.35743892841683783
vn 0.5022492359713391 0.8089361111812288 -0.30556189715538284
vn 0.6303678558566418 0.7398119939037014 -0.23519051847157785
vn 0.4380804341030715 0.8006150200879703 -0.408780042156663
vn 0.3059226260034613 0.8395587166215225 -0.4489459970241058
vn 0.2686166870612064 0.9629193456765199 -0.025127856139439266
vn 0.2931010101942774 0.3500812917740914 0.8896824641257562
vn 0 0.42771880029255993 0.9039118474034363
vn 1.8703351444339857e-9 0.9961592748442856 -0.08755968902244517
vn 0.6078492237371457 0.7783069994527853 -0.15734527576305407
vn 0.5716527610568445 0.3246386894219026 0.7535402060318453
vn 0.8177059499615675 0.21943948118438805 0.5321684822450284
vn 0.8338099654613045 0.46183287424606684 -0.3024422883180106
vn 0.9589967912698992 -0.07549144473300831 0.27317795684527796
vn 0.8936358568806021 0.050540562386483794 -0.44593789573317283
vn 0.8981880080455407 -0.4375298400352988 0.042731034177392595
vn 0.7877474471850692 -0.27400357593365177 -0.5517028183986177
vn 0.612069840382864 -0.5188357789217508 -0.5968081308128731
vn 0.7047403204993735 -0.7001297225754799 -0.1147146556845369
vn 0.34272915353741795 -0.6950244353926479 -0.6320425314190936
vn 0.4168398916879477 -0.88539092100444 -0.20573629164658802
vn 2.477743757911319e-9 -0.7799958492222481 -0.6257846875691863
vn -4.86014486524598e-9 -0.9734484528569006 -0.22890633374921468
vn 0.9545898351759097 -0.1681024417083414 0.2459671028217461
vn 0.8484210687019106 0.03431063535775138 0.528208737606692
vn 0.8767278783151019 -0.4806604381361233 0.01771357095252116
vn 0.684076485093221 -0.7186064093382862 -0.1250767404453745
vn 0.4114528533221433 -0.8880783135900487 -0.204996240024352
vn -1.4844894840806318e-8 -0.9690165952470503 -0.24699562371793993
vn 0.6193588871544381 0.015791399148047343 0.784949170721113
vn 0 -0.07477305592689092 0.9972005766681817
vn -2.3861976174886756e-9 -0.4530959301272296 0.8914617648010154
vn 0.7506456335458366 -0.10837410962689642 0.6517562314248687
vn 0.9132040563805146 -0.07901614007704626 0.39976843424349867
vn 0.9653261681875843 -0.23929382320083178 0.10432571682094986
vn 0.8698795513344516 -0.472757999233593 -0.1407460135521541
vn 0.6732023576099855 -0.6679193002171886 -0.31730489139901097
vn 0.38501346328556757 -0.8266661809839146 -0.41035065286450173
vn 9.910472371200361e-9 -0.8970213259867821 -0.4419872630799615
vn 0 -0.7617108428877711 -0.6479171180229778
vn 0.3300009962902059 -0.7035889023118249 -0.6293345684062753
vn 0.6460528238312168 -0.573237466718589 -0.5039985670314604
vn 0.8552451148902146 -0.4145374603473824 -0.31098952944619523
vn 0.9680258874458778 -0.24212699244138583 -0.06557744098323644
vn 0.6208013254357372 -0.4419555634325995 -0.6475191072765384
vn 0.3162781042474327 -0.5395781470047466 -0.7802714809914393
vn 0 -0.5760791960736824 -0.817393882929827
vn -7.197620173290832e-9 -0.7254520549578962 0.688272704643563
vn 7.41510277310606e-9 -0.31823973023696744 -0.9480102710934635
vn 0.2906439810201671 -0.32315640638753995 -0.9006086904463225
vn 0 -0.015223207756989366 -0.9998841202587366
vn 0.28134983789040086 -0.03751948452409301 -0.9588715018187222
vn 0 0.22892078753252929 -0.9734450539375535
vn 0.23143720062685066 0.2179097331097229 -0.9481308825167843
vn 0.1888609162868724 0.40938438498841134 -0.8926006831875849
vn 0 0.42044525134973343 -0.9073179104467516
vn 0.5842647516672129 -0.2804023010230097 -0.7615833831828603
vn 0.5558553633640985 -0.05677366322364395 -0.8293380289022892
vn 0.8021674791376951 -0.06774119320783377 -0.5932440190652194
vn 0.5210723832909384 0.16964131450314607 -0.8364839483129046
vn 0.7879696498815121 0.12822528200440483 -0.6022143371927461
vn 0.47108522638167116 0.3811098199966252 -0.7955086514847398
vn 0.7614990471486993 0.3309752681500171 -0.5572921792602576
vn 0.9569213773937936 0.09372740937115816 -0.2748029297866677
vn 0.9382656538028644 0.24744389145131515 -0.2417210861247178
vn 0.9902767781914157 0.12368668919779441 0.06366714608114496
vn 2.3995830554750306e-9 0.5884022361238401 -0.808568369727919
vn 0.18364984543375196 0.585023188522859 -0.7899497472388395
vn 0.44534183539699546 0.567043495877717 -0.6929158126554862
vn 0.7230857920883171 0.5060987272452372 -0.47011808682581246
vn 0.8963471350996298 0.3952955173238463 -0.2007567368293244
vn 0.9660539145548531 0.2539703719387016 0.047316850598516154
vn 0.9525694786046226 0.037092958812176315 0.3020521492018819
vn 0 0.7461348339915983 -0.6657948704400855
vn 0.20909667447802763 0.7497725107600018 -0.627789584837844
vn 0 0.8914811370772079 -0.4530578133478427
vn 0.23251577618709857 0.8781010880607812 -0.41818045503177576
vn 0.914074514790773 0.4032043702849729 0.0435203078241828
vn 0.9361336329538574 0.22923061492363933 0.2666592327941083
vn 0.8311494615123267 0.5531145551115452 0.05705139394902521
vn 0.864126015562394 0.4204186453302122 0.2766484987976085
vn 0 0.9790529999339802 -0.20360555817627804
vn 0.26679443780031764 0.9502873230861365 -0.16054510749505024
vn -4.92347483225454e-9 0.9973821975130011 0.07231011052499667
vn 0.28705048952051343 0.9544393155334451 0.08153287330937482
vn 0.5028409829600871 0.8598667163824637 0.08820530547179672
vn 0.29784837456855956 0.892220857506304 0.3394529233893606
vn 0.5220489716897563 0.7925053256376767 0.3152779408610566
vn 4.9376924449101944e-9 0.9417845294399176 0.3362170431546159
vn 0.691073025015722 0.7181635135072664 0.0816041785849095
vn 0.7245529611638839 0.6243787167947102 0.2918462343125882
vn 2.4601448165582075e-9 0.8079307745740422 0.5892774079295664
vn 0.30534311097259054 0.7554171426146863 0.5797503990731212
vn 0.8451580619510131 0.26754598601097973 0.462738582450848
vn 0.88180560017853 -0.004918183208108058 0.4715874202814511
vn 0 0.33056767423415395 0.9437822909715049
vn 0.35472985929027745 0.5400072309849374 0.7632554732275952
vn -4.936846354502305e-9 0.5976956326084547 0.8017231010522144
vn 0.7618911573182403 -0.26420872400692424 0.5913675799017943
vn 0.9477328011795072 -0.17479076888845296 0.2669283137470208
vn 0.8843665197580263 0.17420116529900578 -0.4330702168696719
vn 0.9791754196157372 0.01989533572574462 -0.20203879141567
vn 0.8826564094206694 -0.07560714177973542 -0.4638978583918131
vn 0.7294825828199052 0.2613829642480931 -0.6320871042532668
vn 0.7351976423844615 -0.002846424619686759 -0.6778468296740892
vn 0.16767631638421673 0.8666364040994913 -0.46992126575983273
vn 0 0.8828473038804621 -0.4696601303400141
vn 0.2419203993961135 0.7798187224022172 -0.5773710077125443
vn 0.12302726435771606 0.7989468640347404 -0.5886834469166862
vn 0.3816292452314528 0.7430973988769412 -0.5496957112497752
vn 0.5408617496672978 0.6644019641475631 -0.5157892959181001
vn 0.2686166870612064 0.9629193456765199 -0.025127856139439266
vn 1.8703351444339857e-9 0.9961592748442856 -0.08755968902244517
vn 0.1282525764429341 0.6114721092301213 -0.7808028792655775
vn 0.28061341975597076 0.541352567078813 -0.7925865926004796
vn 0.6078492237371457 0.7783069994527853 -0.15734527576305407
vn 0.8338099654613045 0.46183287424606684 -0.3024422883180106
vn 0.3978444251819618 0.39085056532685664 -0.8300335227780327
vn 0.4577459286269669 0.17637605546446788 -0.8714127333727864
vn 0.8936358568806021 0.050540562386483794 -0.44593789573317283
vn 0.4537149893603641 -0.05650436415809985 -0.8893536783871834
vn 0.7877474471850692 -0.27400357593365177 -0.5517028183986177
vn 0.3936897195181822 -0.29758754198396775 -0.8697413751234532
vn 0.612069840382864 -0.5188357789217508 -0.5968081308128731
vn 0.34272915353741795 -0.6950244353926479 -0.6320425314190936
vn -4.8219757226856035e-9 -0.5536856754731072 -0.8327257488368478
vn 2.477743757911319e-9 -0.7799958492222481 -0.6257846875691863
vn 0.1705411333119824 0.6917509864527412 -0.7017095514458414
vn 0.33719877269941845 0.6433397695848754 -0.6873215612509803
vn 0.48360115961049077 0.5264525162167408 -0.6992693805626348
vn 0.5551846762674417 0.30476174231231906 -0.7738800008144515
vn 0.48360115961049077 0.5264525162167408 -0.6992693805626348
vn 0.5551846762674417 0.30476174231231906 -0.7738800008144515
vn 0.5551763494846933 0.03552499608055627 -0.8309736431598335
vn 0.6997699623919702 -0.20928060668622073 -0.6830253490164094
vn 0.8905234634797595 -0.3676949370264543 0.267896237892818
vn 0.7589731526735892 -0.5854601639630026 0.2849493813524197
vn 0 -0.7087867939523859 -0.7054227673662781
vn 0.16970732065486402 -0.8378361236531905 -0.5188738336223394
vn -2.411614697936295e-9 -0.8573907061116043 -0.5146660830805198
vn 0.17077786880636997 -0.9304860049097601 -0.3240844244838497
vn -2.4096548357811534e-9 -0.9502420093127818 -0.31151263816610575
vn 0.3369011668807596 -0.910431766412134 -0.2400241705788483
vn -0.10776818641546972 -0.9560307286246336 -0.27274761946197207
vn 0.20310448180086718 -0.9757034096370429 -0.08216706088847354
vn 7.280002196627584e-9 -0.9956819166063803 -0.09283060348314667
vn 0.40522986739831235 -0.9136700574431676 -0.03155599309394398
vn 0.23521047585939905 -0.9691722292232555 0.07335681391950127
vn 0 -0.9971061971814965 0.07602125717359794
vn -0.22365995915305145 -0.9734852715504344 0.0479859223734665
vn -0.3732940878687734 -0.6779385311192206 0.6332857743437271
vn 0.2078209264505246 -0.8871769453139117 0.41198001193349426
vn 0.09710455543259289 -0.9371457435343233 0.33515453255138694
vn -0.12785489672898973 -0.95505432898 0.2674403748108754
vn -0.9419397917019945 -0.29286735034911815 0.16425024781683098
vn -0.2089264164425596 -0.9620868793997086 0.1753242396230494
vn -0.22365995915305145 -0.9734852715504344 0.0479859223734665
vn -0.9366742837459224 -0.3469155382238312 0.04786330021981974
vn -0.10776818641546972 -0.9560307286246336 -0.27274761946197207
vn -0.8799398149821871 -0.43410686746352783 -0.19302111187669949
vn 0.3177587701603336 -0.47127431833298694 -0.8227574860589059
vn 0.619850984321801 -0.29625740225065256 -0.7266473070527333
vn 0.17176749063892052 -0.2745286862546118 -0.9461130638475113
vn 0.9570632372987219 -0.18471134805440342 -0.22340921581531809
vn 0.8457268778207476 -0.2251783521336665 -0.4837775913185072
vn 0.4839769440061741 -0.4066774709199021 -0.774841759533285
vn 0.3224343497515089 -0.5762924266031492 -0.7509481534301656
vn -0.2569200722347396 -0.3434313770504535 -0.903353178850955
vn 0.10399197310045169 -0.7104030521694332 -0.6960698046884581
vn -0.05790797917847817 -0.7226504589035146 0.688783696231266
vn -0.4087290440269044 -0.1176861740739006 0.9050362053535208
vn -0.10110708080630564 -0.8530114086001834 -0.5120047802596749
vn -0.6373246504409805 -0.43022424237159834 -0.6393155646596336
vn -0.8423508180116207 -0.48482499758131303 -0.23535042195720263
vn -0.944929520198803 -0.3011040136007932 0.12823640220449625
vn 0.9873054809936941 -0.15882275339507626 -0.0017944926349823676
vn 0.9657222554684242 -0.2546014170234854 0.05058303809196471
vn 0.8605511045720324 -0.508607045852626 0.027760931701216195
vn 0.9468444318392245 -0.32165038632673704 0.005162448151507916
vn 0.9424137404918533 -0.2771423140977329 -0.1872123913332322
vn 0.9525049405858648 -0.18556592018517518 -0.24145315782848556
vn 0.9974704980247711 0.054712154879734146 -0.045378251163206096
vn -0.2401310573359127 -0.4049578520357835 -0.8822393175195158
vn 0.1490150800730712 -0.3715737664416033 -0.9163664343499368
vn 0.15717777280989295 -0.7436023795005731 -0.6498851044112393
vn -0.2508075650827269 -0.7982355127862436 -0.5476455344692923
vn 0.5577945085094704 -0.32569375470192524 -0.7634060940448671
vn 0.5000119211908514 -0.5984097126280408 -0.6260142925680368
vn 0.8036224471058563 -0.28629915584583115 -0.5217506644648953
vn 0.7310119413707253 -0.47686782500392666 -0.4880764479560838
vn 0.8478398856104519 -0.42116710230673016 -0.32215803622229905
vn -0.9099041174115869 -0.4147816575891665 0.005538379277761379
vn -0.554238319444481 -0.801176104283796 -0.22569168168986078
vn 0.47517182251879847 -0.8769669958696212 0.07169816761658189
vn 0.9283730873978836 -0.3229810557328515 -0.18386584302967776
vn 1.19759001654485e-9 0.8188191579811507 -0.5740515538895782
vn -0.7174908917433467 -0.6932465243340606 0.06794171593418903
vn -0.7379015546283627 -0.6725103133457881 0.056843417566110055
vn -0.6978941276772512 -0.7147525259079248 0.045525962503280414
vn -0.6631281529446281 -0.7484810525651969 -0.006096451684447869
vn -0.7174908917433467 -0.6932465243340606 0.06794171593418903
vn -0.32174655830885523 -0.9467432509462599 0.01250475925852975
vn -0.35849521924294775 -0.9330009396459987 -0.03147100887538249
vn -0.7379015546283627 -0.6725103133457881 0.056843417566110055
vn -0.6978941276772512 -0.7147525259079248 0.045525962503280414
vn -0.32670875215697853 -0.9446220656264425 -0.0308309000138341
vn -0.3052397038552328 -0.9516279592157633 -0.035113393872013725
vn -0.6631281529446281 -0.7484810525651969 -0.006096451684447869
vn -0.554238319444481 -0.801176104283796 -0.22569168168986078
vn -0.2865658291857932 -0.9501663675806137 -0.12273507836686574
vn -0.087255208974893 -0.9642001908103727 -0.2504087070131322
vn 0.12849228029216433 -0.9387597997631223 -0.3197182701285971
vn -0.05383977823621527 -0.9948544011917487 -0.08582539664273223
vn -0.10034278446022986 -0.9915134576538019 -0.08265826575830179
vn -0.13577418196126237 -0.9875504604099012 -0.07943210721705847
vn -0.12189952840973918 -0.991326375407491 0.04911743473482046
vn -0.2569200722347396 -0.3434313770504535 -0.903353178850955
vn 0.10399197310045169 -0.7104030521694332 -0.6960698046884581
vn -0.2089264164425596 -0.9620868793997086 0.1753242396230494
vn 0.9651465356151411 -0.23989613214147065 -0.10460406576062495
vn 0.6287890144908074 -0.7698358380932996 -0.1094402012190515
vn 0.6231484242051236 -0.7606214672102058 -0.18204676605110376
vn 0.27884795186217026 -0.960323713931208 -0.004710011002541541
vn 0.28423678879526837 -0.9528208376504833 -0.1064983532003453
vn 0.06453206777038197 -0.9922307775065093 -0.1063658610556362
vn 0.07091061413794532 -0.9964955543293673 0.04436547085725939
vn 0.057303945222205936 -0.9916677259861169 -0.11537495005196799
vn 0.08605127868575375 -0.9858722786379656 -0.14370465423824025
vn 0.2722139047845943 -0.9526231840682498 -0.13567851420764304
vn 0.07564865669837342 0.30390828333980696 0.9496931273085971
vn 0.99480877502134 -0.08817231495169528 0.05080496055110884
vn 0.8747916754402167 -0.3072667099666381 -0.37460204688012083
vn 0.46529733434611165 -0.4867939577771855 -0.7392766960496095
vn -0.036775138326606296 -0.5157982124648696 -0.8559204362667738
vn -0.5116754495262771 -0.4223274063568448 -0.7482164099991279
vn -0.8013833749371415 -0.30909743859385347 -0.5120971195281964
vn -0.9737788455505872 -0.13884632313233997 -0.18021225960182516
vn -0.7290260546038554 0.1569949037560981 0.6662384047046147
vn -0.3529893687981436 0.23232164531887595 0.9063250844105654
vn 0.8618196079871494 -0.31329103689463317 -0.3988930802738518
vn 0.4873285607586149 -0.5069207255716868 -0.7110149448885106
vn -0.01633675241795946 -0.5550152766833504 -0.8316797179013917
vn -0.4586626790444909 -0.48389535120288335 -0.7453011712965226
vn -0.7800317820935648 -0.3555072761187186 -0.5149417399576254
vn -0.9696395171877095 -0.16448182975519268 -0.18095561441516428
vn -0.8794923722989542 -0.39245687586476014 -0.26920395178085726
vn -0.6617290013863528 -0.7061468570684762 -0.2519351999553321
vn 0.2825227323276935 -0.9569749044652927 -0.06618109958091199
vn 0.026186819464364384 -0.9970113981634233 -0.07268096324731
vn -0.19051331693615883 -0.975935225092428 -0.10609011496729973
vn -0.8615788585555686 -0.19339160100751362 0.469341623074104
vn -0.8988432210659952 0.3559569747737174 0.2556863235561295
vn -0.6880608971313256 0.37954987056574896 0.6184772409655497
vn -0.5874703878010801 0.09423608151677522 0.8037400726585755
vn -0.4909943424131292 -0.39874618050458976 0.7745489263121472
vn -0.4398683091767423 0.013123071102738817 0.8979664000322208
vn -0.348703471535973 -0.002508252377123291 0.9372297464382857
vn -0.18528866304552763 -0.36842536004989657 0.9110054145936263
vn -0.3295128212233238 0.03380565647883483 0.9435456948338438
vn -0.01837624276106204 -0.14229011886745113 0.9896544021903166
vn -0.2711787274966943 0.10124262245701714 0.9571896516110586
vn -0.15953639185532975 0.2930510074991395 0.9426925515126986
vn 0.12970171036828704 0.26962561665984996 0.9541904910280424
vn -0.18291842497471697 0.525293039560937 0.8310283222571904
vn 0.05313845836754516 0.6372061656501896 0.7688592892719083
vn -0.38586862542454414 0.6610860000174659 0.6434832589072385
vn -0.241590997356419 0.8658677545282858 0.43807170835888876
vn -0.6250834181929407 0.7391575836160202 0.25083218869027796
vn -0.66798976510917 0.5706364892102378 0.4776648101872379
vn -0.7520857225394404 0.5138076795281752 0.41275747650430256
vn -0.6686061780608566 0.5565250052983578 0.4931994496514741
vn -0.3910509033724094 0.09241713585997917 0.9157173493884785
vn -0.3004881203353855 0.32562214783968374 0.8964803993248139
vn -0.505390806370681 0.23416740427055435 0.8305093374629713
vn -0.4161170082016388 0.2900793910720482 0.8618007788117779
vn -0.38366389170309056 0.32769116670226694 0.8633773899451771
vn -0.48832842908095647 0.3598351195324877 0.7950182589741984
vn -0.712962190349348 0.38399388318206656 0.5867142514129152
vn -0.7250691907537964 0.5105663894042514 0.4621651551451507
vn -0.5203337836458266 0.6890485910757101 0.5044450344025567
vn -0.3855681120789415 0.5494172147622051 0.7412678025321362
vn -0.17288720531053994 0.6985245316032093 0.6943871348091266
vn -0.27352314773428965 0.842971729393312 0.4632318545795127
vn -0.11724467631449818 0.4284566363258546 0.895923320750299
vn -0.34483162644684767 0.7899629633508497 0.5070006567411582
vn -0.37294790693904123 0.5288241160341363 0.7624007561712558
vn -0.3238964354141554 -0.01097007925641059 0.9460289406181568
vn -0.24834437074329413 -0.2317075822961535 0.9405512584790838
vn -0.08691174625780365 -0.24997455137179855 0.9643438557013193
vn -0.29016638999216504 -0.12309991556907503 0.9490257514450289
vn -0.5913131290606375 -0.037489310246634266 0.8055701924834046
vn -0.7736862165561115 0.029925371924483527 0.6328618414996049
vn -0.7034225534334737 0.11223974730383787 0.7018539381141226
vn -0.25003833337540643 -0.521422759622801 0.815842593635679
vn -0.5164833657280808 -0.48058351803510435 0.7087202657743011
vn -0.5080712054858791 0.12709896799037754 0.8518858506231375
vn -0.4835215002407004 0.12731705056958 0.866023860779393
vn -0.6784059158878643 -0.35444079542024054 0.6435348753798936
vn -0.6263950217016396 -0.18403054039050712 0.7574708159335118
vn -0.49880731515961296 -0.07507926135301535 0.8634549014615323
vn -0.329859464180618 -0.585601148894631 0.7404485318398327
vn -0.463255444952964 -0.6324407780249036 0.6208164422860317
vn -0.4101799529606105 -0.5586880177318648 0.7208467971990101
vn -0.4881194817568515 -0.5261659287603119 0.6963395629584901
vn -0.4950035629313932 -0.5266096995272352 0.6911249503881778
vn -0.391794288990664 -0.46033667915529186 0.7966099277178121
vn -0.4611887839465138 -0.338100068950881 0.8203616574032122
vn -0.4522584138317005 -0.2347136914831925 0.8604486098244142
vn -0.3289853354980043 -0.3687668131703915 0.8693559032590847
vn -0.3963282539677372 -0.3788724086217914 0.836289192260672
vn -0.17413815210686331 -0.6783748017699726 0.7137811515474174
vn -0.3130272923150287 -0.554545044589006 0.7710341806870167
vn -0.5195524728343324 -0.06784714771851783 0.8517405664392134
vn -0.5258565491224773 -0.25002917391286206 0.81299465062044
vn 0.45259396686182746 0.7070261596136792 0.5433900171904221
vn -0.27111900338229866 0.7663875113045956 0.5823612869356423
vn 0.14541160483410173 0.9606257295948313 0.23675656869444875
vn 0.3204216451138004 0.639881926974404 0.698484852286783
vn -0.8822110875103879 0.2890627080841978 0.3716804378343963
vn -0.11373153110257725 -0.5410575166639711 0.8332598049194982
vn -0.22851387978071488 -0.4479607308712831 0.8643567494644969
vn -0.1211125958624109 -0.5988473093117549 0.7916524737872924
vn -3.5916547634349012e-9 -0.62908031838596 0.7773403070852685
vn -0.2659991127316097 -0.5092941006558687 0.8184521922892788
vn -0.16586827433323342 -0.7492727276591828 0.6411537219387275
vn -4.8159001475560985e-9 -0.7730942886910483 0.6342911167541934
vn -0.6680806158072018 -0.08585546010064986 0.739119158697416
vn -0.6577688466863603 -0.29043775846705655 0.694971979856402
vn -0.17601673878180035 -0.8788217592298874 0.4434979404379523
vn -2.4111868500256393e-9 -0.898144774968287 0.4396998558075327
vn -0.8354524533662541 -0.09333123445052259 0.5415796144984122
vn -0.8122518915291774 -0.2911816927410469 0.5054305951559834
vn -0.8708296539365921 0.2483925704949178 0.42421320671049684
vn -0.9184876626848841 0.10519140959910626 0.3812022833643727
vn -0.9375201971945433 -0.09152789328211569 0.33567621989596236
vn -0.9101739211834734 -0.2834949581270549 0.3020166252278831
vn -0.8542735409654905 -0.44432603444425245 0.26979824373284444
vn -0.8263259239136408 0.35541682600631364 0.43688024361358535
vn -0.7555528043558416 0.4803762202661933 0.4453971787436346
vn -0.6079172922236031 0.6246380039523739 0.4901672467983929
vn -0.44143609288547625 0.7170743036900875 0.5393872624426547
vn -0.29452287412405714 0.7607794809345573 0.578334555431932
vn -0.16038078831451527 0.7695788391616099 0.618082852904272
vn -0.15954395953154063 0.8873978159564352 0.43251686812510176
vn -0.26790775634367625 0.876514871919207 0.3999338862804125
vn -0.40274675195264503 0.828451424086756 0.3891828512668825
vn -0.6357512014545292 0.6897119431796246 0.34658021479090423
vn -0.8021611775023574 0.5200488312997841 0.29340528006796357
vn -0.8896277278669253 0.37977852272404355 0.25363513062640763
vn -0.9471686197548511 0.23768345291146512 0.21535594248539633
vn -0.9822452811597444 0.08037958414628762 0.16950908557326574
vn -0.1657014852433013 -0.8962294006225376 0.4114801079614065
vn -2.468480404725274e-9 -0.8829722548512101 0.4694251773850331
vn 0 -0.9674425355395067 0.25309077507663263
vn -0.15909701543366073 -0.9557498368875973 0.24744774997852137
vn -0.20972932071316325 -0.5147272381457216 0.8313058897566363
vn -4.900225565881831e-9 -0.44492739504608253 0.8955666436047667
vn -0.27111900338229866 0.7663875113045956 0.5823612869356423
vn -0.3075983038853052 0.907641534331127 0.28560484695453026
vn -0.13165200943483027 0.9647798315974636 0.2277446485749802
vn 0.14541160483410173 0.9606257295948313 0.23675656869444875
vn -0.4767233800579226 0.8396843343427968 0.2601250421728827
vn -0.3277635006528381 0.5849226167520148 0.7419141594900129
vn -0.5865750707120624 0.5913756882418174 0.55335746292578
vn -0.649105537991552 0.7124610423973381 0.26657318622621506
vn -0.7774627504340436 0.2546881338888792 -0.5750527159693554
vn -0.7613039136311366 0.36606750581449626 -0.5351737402719501
vn -0.14884596923201804 0.9454125673150306 -0.2898964556633693
vn -0.5963202699572806 0.715192316121987 -0.36455738450639535
vn -0.7774627504340436 0.2546881338888792 -0.5750527159693554
vn -0.3929256572313347 0.29264283727647405 -0.87176235160742
vn -0.48847481836897155 0.3189497008938882 -0.8121966757621579
vn -0.44352330063161033 0.8417483277057806 0.3078097376649484
vn -0.6548642658109217 0.7092649494396566 0.2609521505186033
vn -0.8296282703929614 0.52445738347478 0.19147163205961046
vn -0.2659116055790043 0.9129079465111971 0.30966126528047544
vn -0.16000432640902737 0.946382724019125 0.28063919043592983
vn -0.04448256114172172 0.9989544401341195 -0.010551222232561564
vn -2.3941815829937636e-9 0.9998113181241286 -0.01942493631630512
vn -4.823152909646968e-9 0.9824001033231158 -0.18678874963640418
vn -0.047390900353187396 0.9769258882259425 -0.20825443927481482
vn 0.3139896892297861 0.9188355520892085 -0.23906422416225726
vn -0.923775277011192 0.37192334183890735 0.09117162594949564
vn -0.974102858608943 0.22609664696470277 -0.0019816864545235176
vn -0.9955706918936359 0.06519979059405437 -0.06773466430800942
vn -0.9558963017570495 0.19509078231594276 -0.2195491902571024
vn -0.9150156489291514 0.22740420973852668 -0.3332171778404591
vn -0.9474688821374578 0.17958822946848407 -0.26467108874520273
vn -0.8812180578995114 0.16564768217191697 -0.4427364676903011
vn -0.34061927201065006 -0.8844626701119119 0.3189111109908873
vn -0.5020365504696614 -0.8416069393422828 0.19914080858387134
vn -0.6267272461117124 -0.6082084416978861 0.487129808602038
vn -0.42520214201506445 -0.5776440242298619 0.6968002007012711
vn -0.6859311298720462 -0.7267803377347392 0.035900219423239225
vn -0.8057312332203114 -0.5397729848774164 0.24380792565009166
vn -0.8066915364572621 -0.5707476377719978 -0.15328372055083328
vn -0.9277780462694923 -0.37176760272406073 0.0318864614714274
vn -0.8346693913456659 -0.43073045088094225 -0.34321754884410516
vn -0.9721488064797649 -0.17228442347181996 -0.1588860456080121
vn -0.7996712334301117 -0.2967463436450569 -0.5219842200274388
vn -0.9363448285220282 0.031060513861602065 -0.3497050279574299
vn -0.7236548037306431 -0.1833553902949948 -0.6653604480936137
vn -0.8372649359240791 0.15788164374303174 -0.5235081791539137
vn -0.8817410255239124 -0.19896018022631862 -0.42772375500122717
vn -0.7870398971798809 -0.0913292125000631 -0.6101042330546482
vn -0.6071373804218733 -0.06784087401535392 -0.7916955330853512
vn -0.6834114705459153 0.23444883235476316 -0.6913627896652794
vn -0.226049433244636 0.3802272940834159 -0.8968438317587863
vn -0.2319380481831541 0.08384693583687175 -0.9691101243696488
vn -2.378772930069327e-9 0.10115441368866783 -0.9948707376294179
vn -2.432704381307796e-9 0.4251528891878095 -0.9051215502987752
vn -0.6379430921317139 -0.001365435083562502 -0.7700822987112873
vn -0.22759519895125843 0.09082395884531025 -0.9695109251132773
vn -2.3994506004333246e-9 0.09196886914609687 -0.9957618827350183
vn -0.6985645633652647 0.10714730971889472 -0.707479331733656
vn -0.5126576257800307 0.4040447342817554 -0.7575816863076663
vn -0.7449303761537082 0.20872859365696395 -0.6336490423519009
vn -0.44405697041048847 0.06739590505973873 -0.8934602391886486
vn -0.4414297719527863 0.030869377887970523 -0.8967646502525177
vn -0.47169599281134533 0.28833372769676124 -0.8332865964589908
vn -0.24204119602985266 0.21322028131419385 -0.9465480289244359
vn 0 0.2323831246298383 -0.9726243279844861
vn -0.22059501987584992 0.397137825762081 -0.8908531778890058
vn -2.42956458376071e-9 0.43091300736761445 -0.902393472982489
vn -0.1607386254426228 0.6085725771311293 -0.7770473040007227
vn 4.839536352417683e-9 0.6428467068738867 -0.7659948508060607
vn 0 0.8111392999304293 -0.5848530038465843
vn 0 0.9216067225704331 -0.3881250428830699
vn 0.18052534744738538 0.8766356699672181 -0.446005046014199
vn -0.3389768405173712 -0.9144613812038516 0.22103186168424796
vn 0.34253227504320133 -0.02202669698717893 0.9392478188282172
vn 0.016720395173407197 -0.09512016716398834 0.9953253649857116
vn -0.01482908739253134 -0.6810497361451514 0.7320869859953283
vn 0.23742040451126248 -0.6827864062890964 0.6909661894105452
vn -0.2268065402814457 -0.6890933777407715 0.6882652904508371
vn -0.2517644296239573 -0.03702026730028914 0.9670802302731343
vn -0.5156329737771214 -0.06844005557923612 0.8540717740015025
vn -0.8364886918105807 -0.055293919054919455 0.5451873540248081
vn 0.36235840574647077 -0.6908849781321543 0.6255991790085794
vn 0.5175147272346367 -0.032945306413430714 0.8550398317508869
vn -0.9634670271366321 -0.10178325707077497 0.24773263047197583
vn -0.7821802927303569 -0.609466778245446 0.12939952039852992
vn -0.15736898527257492 -0.9702227555935611 0.1841271490104519
vn -0.049763488826080345 -0.9685325488556064 0.24386122485364273
vn 0.0935851930448068 -0.9728195477141394 0.211811093260064
vn 0.20746006076479595 -0.969866385168671 0.12774786928681917
vn 0.5071454282849452 0.5068525310813885 0.6970681647486632
vn 0.32599865780742715 0.5228591463563941 0.7876186819643239
vn 0.04688181199954163 0.5106561014398359 0.8585059357779115
vn -0.1902994661267876 0.5049713250643648 0.8418967122246049
vn -0.432969461590278 0.5293708573727591 0.7295916259762407
vn -0.7222079508944264 0.46109842451407806 0.5155617504969788
vn -0.8873095547567817 0.3271466804599629 0.3250489247810989
vn -0.3264600843734036 0.7273562352554711 0.6036362483697431
vn 0.287591350286548 0.7146365203380113 0.6376408542742061
vn -0.9699013356413956 0.13245026935536275 0.20432406923495078
vn -0.8799009225878441 0.32557660756224466 0.3460841502255209
vn -0.9663005819848937 -0.23036971167513953 0.11486070345583424
vn -0.6264232966501151 -0.7778937639431903 0.04975083348345144
vn -0.9425301305813809 -0.33412113780955194 -0.0001349633118867708
vn -0.6994064278694627 -0.7136721435954119 -0.03876493403589863
vn 0.3106826749201353 0.5350637193599075 0.7856100124929747
vn 0.6593690446149926 -0.7515637117235593 0.019607402271044055
vn 0.20746006076479595 -0.969866385168671 0.12774786928681917
vn 0.2596584085214068 -0.9631226008786715 -0.0705150094719792
vn 0.6550411490206346 -0.7451947823055562 -0.12492329452228404
vn 0.09202676665812703 -0.9957456214716413 0.004661709826421745
vn 0.0935851930448068 -0.9728195477141394 0.211811093260064
vn -0.025325205141153422 -0.9989635791517595 0.03782064929195646
vn -0.049763488826080345 -0.9685325488556064 0.24386122485364273
vn -0.15736898527257492 -0.9702227555935611 0.1841271490104519
vn -0.19797758222447215 -0.9801076981501519 0.013920379425973824
vn -0.5768632456225354 0.5683950355603613 0.5866480029797854
vn -0.8953343087214906 0.2578462675698258 0.3631690762255513
vn -0.9109760536341708 0.37800559457526905 0.16502848292009994
vn -0.6956417689513845 0.6285130555596251 0.3479279642128412
vn -0.8321982948168174 0.1296099885523115 0.5391171013531764
vn -0.4127279037773495 0.45345468285076057 0.7899585609665047
vn -0.2799476023759883 0.20881895248540683 0.9370293405261295
vn -0.7259967716477075 -0.0836626118445128 0.6825901075583066
vn -0.16862514783569033 -0.062153110997295015 0.9837187353663391
vn -0.559076406121419 -0.332198189364326 0.7596564586057448
vn -0.7979264161496914 0.5935383518961266 0.1050031391861181
vn -0.7367656464678127 0.6672192483869637 0.10952103344472743
vn -0.7257253520770529 0.6763455861364066 -0.1260133384465238
vn -0.7349020479385032 0.6661083372559002 -0.1273525145961944
vn -0.8187018696557318 0.5618230148138069 -0.11866822931068749
vn -0.8327791495832555 0.508046734358137 -0.21992590508492246
vn -0.7511718219026258 0.5411134752590477 0.3780702327247751
vn -0.7324797706605459 0.38884420056720875 0.5588144354419654
vn -0.6854600401613964 0.1321026436564525 0.7160261342164218
vn -0.5723856791047165 -0.14308300873086233 0.8074044135180067
vn -0.062195850288599176 -0.3261558898888989 0.9432677306563914
vn -0.3802738933395693 -0.5414578700534306 0.7498100699520968
vn -0.427095000172032 -0.40274975439279526 0.8095569752429999
vn -0.767614659109039 0.6075499154054597 0.20408536305118175
vn -0.7735030942157477 0.6336745858222116 0.012226304499428327
vn -0.9150436766177944 -0.23699467466606083 -0.32638718427921937
vn -0.9586187487130821 -0.07868323637409727 -0.27360380649666194
vn -0.8953343087214906 0.2578462675698258 0.3631690762255513
vn -0.8321982948168174 0.1296099885523115 0.5391171013531764
vn -0.841838159048123 -0.15893153796310103 -0.5157996512320947
vn -0.9069183210613658 0.0007316588200638717 -0.4213058551677206
vn -0.2383547893555758 -0.697377807159033 0.6759076774777142
vn -0.7259967716477075 -0.0836626118445128 0.6825901075583066
vn -0.8805383568250676 -0.3317447425061931 -0.3385227141261119
vn -0.7603796541364781 -0.2627474901763588 -0.5939583638449029
vn -0.559076406121419 -0.332198189364326 0.7596564586057448
vn -0.8512930416138249 -0.4757912834448757 -0.2211850173446662
vn -0.6766557939737308 -0.36489142081358 -0.6395241883607116
vn -0.3802738933395693 -0.5414578700534306 0.7498100699520968
vn -0.5496141831629937 -0.5273287816618693 -0.6479572560725619
vn -0.7756337535994167 0.6129905591379865 -0.15044884407990056
vn -0.810587916260242 -0.17014865263292522 0.5603540541658273
vn -0.6973996716560796 -0.42032927022167577 0.5804799760275161
vn -0.3616036589778312 -0.7012998106907896 -0.6143462943152723
vn -0.5507199190308135 -0.8297379940287827 0.09078784085870599
vn -0.11756606965703112 -0.8850456341182118 -0.45041363744195256
vn -0.33129098729194834 -0.9112710055365244 0.24460465287393407
vn 0.17789141422107901 -0.9570768254046899 -0.22882000572438033
vn 0.42826046025736514 -0.9027876534791888 0.03959079319349285
vn -0.2104118426348959 -0.8994838383315217 0.3829565002182116
vn -0.20236904491153782 -0.8486939489163681 0.4886362151277098
vn 0.5239923765360289 -0.7676436275441713 0.3689922091629445
vn -0.21896297395907402 -0.8124658752053802 0.5403280648474162
vn 0.37741012343031455 -0.704523223712895 0.6010063443770829
vn -0.22264575473079626 -0.7317839701451463 0.6441436865629917
vn 0.37837810211369866 -0.5255807165343993 0.7619677960701637
vn -0.2777900761176124 -0.5848934192023991 0.7620579779677512
vn 0.03380008804342329 -0.37538169850989533 0.9262538175209226
vn -0.20499835618487952 -0.3027921872231044 0.930748389908973
vn -0.385639675623 -0.42903155655568376 0.8168316620116989
vn -0.48531803900158144 -0.27303698890409395 0.8306125472865464
vn -0.34270197417419623 -0.17270572616748617 0.9234327745137
vn -0.5466301572936275 -0.17226241944158552 0.81946392842228
vn -0.437050256536204 -0.053596709479583435 0.897838775056301
vn -0.5416588546444548 0.04754613504552696 0.8392526736492948
vn -0.6601416176005659 0.19543851045720087 0.7252701795482693
vn -0.8868864158131426 0.14777259494436423 0.43771651285909524
vn -0.7517073514219642 0.3614856785162644 0.5516014521788458
vn -0.8057312332203114 -0.5397729848774164 0.24380792565009166
vn -0.9277780462694923 -0.37176760272406073 0.0318864614714274
vn -0.8434467249244404 0.42597922347263123 0.3273214374034941
vn -0.9721488064797649 -0.17228442347181996 -0.1588860456080121
vn -0.9363448285220282 0.031060513861602065 -0.3497050279574299
vn -0.8372649359240791 0.15788164374303174 -0.5235081791539137
vn -0.7873238556987582 0.5593906978305874 -0.25923578732159946
vn -0.6834114705459153 0.23444883235476316 -0.6913627896652794
vn -0.6368261603248837 0.6247037676180217 -0.45188233451830595
vn -0.47169599281134533 0.28833372769676124 -0.8332865964589908
vn -0.4324390429074228 0.6752645717803105 -0.597506679684559
vn -0.226049433244636 0.3802272940834159 -0.8968438317587863
vn -0.2122121924246626 0.7163558180088738 -0.664680620592443
vn -0.9108896914344591 0.39863616502959487 0.10662634744252268
vn -0.8938361579221044 0.4219956181613653 -0.15158041114754295
vn -0.928580255274898 0.3616110570163104 -0.08352336773114491
vn -0.9249293281450178 0.2937490963382273 -0.24128242028312152
vn -0.9230290040645764 0.15925396953614784 -0.35022225920483135
vn -0.8313836182521779 0.4684156881984943 -0.2989782974589427
vn -0.8399808882495663 0.4995457458430008 -0.21186352962610072
vn -0.9355834375685874 0.31177848415633036 0.1657643151119258
vn -0.9108896914344591 0.39863616502959487 0.10662634744252268
vn -0.928580255274898 0.3616110570163104 -0.08352336773114491
vn -0.9593042964645504 0.28055501160546314 -0.032002378782088774
vn -0.9587983994349625 0.10305492586820633 -0.2647363055858658
vn -0.9069183210613658 0.0007316588200638717 -0.4213058551677206
vn -0.8182243189742877 0.20060998399947827 0.5387620979233709
vn -0.6601416176005659 0.19543851045720087 0.7252701795482693
vn -0.9442027900780917 0.20563184120631245 0.2572870713635818
vn -0.9837417030265103 0.17935851259658883 -0.009098663948111797
vn -0.9390554254927581 -0.037392086591195584 -0.341726117984815
vn -0.841838159048123 -0.15893153796310103 -0.5157996512320947
vn -0.5416588546444548 0.04754613504552696 0.8392526736492948
vn -0.9359998090963325 0.11356901358034284 0.33317628445916897
vn -0.997735048142195 0.06705881764688774 -0.005280973820535022
vn -0.888844279703391 -0.15740677590476912 -0.4303242420987063
vn -0.7603796541364781 -0.2627474901763588 -0.5939583638449029
vn -0.9990182537806995 -0.041123216458441705 -0.016474516110465354
vn -0.9304560372779156 0.028245389362632694 0.36531323637781205
vn -0.437050256536204 -0.053596709479583435 0.897838775056301
vn -0.38296493564046946 -0.060057360171036245 0.9218085330258
vn -0.34270197417419623 -0.17270572616748617 0.9234327745137
vn -0.21938179326590992 -0.11160107647709927 0.9692351770920133
vn -0.20499835618487952 -0.3027921872231044 0.930748389908973
vn -0.6827483747859912 -0.0472124440703694 0.7291266295040869
vn -0.6018865012587523 -0.07813779885244564 0.7947497241226276
vn -0.9088331932719171 -0.05583922488625021 0.41340562135906306
vn -0.8788221719081671 -0.10639226006326796 0.46513683702889214
vn -0.9923682713951519 -0.12253392379637304 -0.013807659007327475
vn -0.9837402026835722 -0.17391937832339416 0.04480249398960238
vn -0.6766557939737308 -0.36489142081358 -0.6395241883607116
vn -0.5496141831629937 -0.5273287816618693 -0.6479572560725619
vn -0.6534993622316287 0.6841530772423396 -0.3238412426833428
vn -0.2383547893555758 -0.697377807159033 0.6759076774777142
vn -0.22584833728681486 -0.8119408797310228 0.5382792364251049
vn -0.650927239744571 -0.7407290272645021 0.16617531924536322
vn -0.22584833728681486 -0.8119408797310228 0.5382792364251049
vn -0.08540417159912148 -0.0558056266420229 0.9947823176497254
vn 0.03380008804342329 -0.37538169850989533 0.9262538175209226
vn -0.5497842526923696 -0.037600234455325066 0.8344600037511669
vn 0.43724178230513155 0.00044796981341454296 0.8993438848014025
vn -0.07352115506924005 0.06545339785641095 0.9951434532098049
vn -0.8646196858011503 -0.09475318490422828 0.4934112208651375
vn -0.8686171492999779 -0.03433081907644104 0.49429307379683235
vn -0.5331384891627976 0.04902085064985885 0.8446065992962485
vn -0.9793744218864413 -0.18709405369510257 0.07629912729863164
vn -0.3616036589778312 -0.7012998106907896 -0.6143462943152723
vn -0.11756606965703112 -0.8850456341182118 -0.45041363744195256
vn 0.5877634892777417 -0.525767386840772 -0.6149005900197853
vn 0.17789141422107901 -0.9570768254046899 -0.22882000572438033
vn -0.985743777837431 -0.1535292648126887 0.06883290856025985
vn 0.42826046025736514 -0.9027876534791888 0.03959079319349285
vn 0.8346838850537458 -0.387010301456724 -0.3918237340922073
vn 0.9757238604190813 -0.2124644383255593 -0.05312071776519704
vn 0.5239923765360289 -0.7676436275441713 0.3689922091629445
vn 0.5239923765360289 -0.7676436275441713 0.3689922091629445
vn 0.37741012343031455 -0.704523223712895 0.6010063443770829
vn 0.9498079185663082 -0.12681410894999595 0.2859774459637608
vn 0.9757238604190813 -0.2124644383255593 -0.05312071776519704
vn 0.798625613353037 -0.06820295964049171 0.597951073243257
vn 0.37837810211369866 -0.5255807165343993 0.7619677960701637
vn 0.4026497831322844 0.09062256508375313 0.9108571253721219
vn 0.7788155130852176 0.02365812861313321 0.6268067401746202
vn -0.07638041766141296 0.13747519418563944 0.9875558732454023
vn -0.5194778185796812 0.130636879309659 0.844438749565609
vn -0.8738053830130184 0.029450024565704364 0.4853831977629136
vn -0.9911544412120439 -0.1212910946192666 0.05386412564686305
vn -0.8845947333758654 -0.30611491026560345 -0.351832089776875
vn -0.8780841270802219 -0.31072980305105796 -0.36388907000020687
vn -0.8735279972310197 -0.3087491457600839 -0.3763280524302995
vn -0.5043788798204875 -0.4570871274270799 -0.7325798956642822
vn -0.4787337776695149 -0.47639626246248723 -0.7374690306921698
vn 0.8313719861769745 -0.28256526304875795 -0.4785159273402909
vn 0.9824089280931975 -0.1474800686846052 -0.1145527273510282
vn 0.958964134918761 -0.04207927211470959 0.2803874512131538
vn 0.9824089280931975 -0.1474800686846052 -0.1145527273510282
vn -0.6267272461117124 -0.6082084416978861 0.487129808602038
vn -0.21927562972961798 -0.23474897894449231 0.9470011167317585
vn 0 -0.2225137472305625 0.9749295524772104
vn -4.900225565881831e-9 -0.44492739504608253 0.8955666436047667
vn -0.20972932071316325 -0.5147272381457216 0.8313058897566363
vn -0.42520214201506445 -0.5776440242298619 0.6968002007012711
vn -0.504457268269011 -0.2715414022879664 0.819626824435396
vn -0.43518880438275587 -0.2569842187886504 0.86288459010084
vn -0.23334848364649063 -0.27861070016705136 0.9316246899542265
vn -4.802007685767178e-9 -0.29823336038654186 0.9544929872725891
vn 0 -0.4274041651205879 0.9040606614810608
vn 2.407924510554019e-9 -0.5647550188004837 0.825258607189083
vn -0.15879664982166672 -0.7210910765121096 0.6743969775881425
vn 1.2065394180709172e-9 -0.7096376384631393 0.7045668329381243
vn 0 -0.8260509612662826 0.5635954305980936
vn -0.1375983274629878 -0.821448634308137 0.5534336829943449
vn 2.380357198737083e-9 -0.871791264625819 0.4898775264513728
vn -0.14409385823100904 -0.8614038054722598 0.4870528143210046
vn -0.1877300984639445 -0.8867700339355995 0.4223698817915088
vn 0 -0.9012305573003487 0.43333991575679126
vn 4.804744327408315e-9 -0.9305438463200799 0.3661804883876683
vn -0.5494231254996645 -0.8188651313252036 0.16611479725159045
vn 7.187709638531095e-9 -0.9525106689141023 0.30450521441316813
vn -0.27237326303518333 -0.9377442304936514 0.21551928860182376
vn 4.795741766033341e-9 -0.9705728362950978 0.24080774374195046
vn -0.20782086026582441 -0.8871769808362847 0.4119799688244407
vn -0.09710452840921929 -0.937145723049138 0.33515459766073835
vn -0.5254834907505039 -0.8378653795351704 0.14781308035843757
vn -2.3967916502005463e-9 -0.982800093058792 0.1846726213698972
vn -0.2660169396366262 -0.9474917515841748 0.1774665278476929
vn -0.2531772026538719 -0.9585892881783589 0.13041426550062404
vn -7.17512481623262e-9 -0.9897854738783254 0.1425647772048168
vn -0.5058292305274237 -0.8556788413307242 0.10931838840260966
vn 0.12785486741384242 -0.9550543326191127 0.2674403758299228
vn -0.8245136333083927 0.4186239628502005 -0.3806983664480152
vn 0.1738915090296453 0.047279475621308166 0.9836291955164643
vn 0.038951317227485516 -0.04230109813627803 0.9983453370365932
vn -0.0030496214711096966 -0.46637902224810446 0.8845797349113224
vn 0.08030936161740816 -0.5011370934043485 0.8616333443239331
vn -0.3472096911852195 -0.5024660382633184 0.7918164627860615
vn -0.3619315195237492 -0.05569169468805444 0.9305396339318399
vn -0.4280326261083829 -0.07190846975494579 0.9008980202910114
vn -0.5884556958114383 -0.026808103549262136 0.80808490868916
vn 0.2741337267991147 -0.6042105223678089 0.7481846994501076
vn 0.31478500877658133 0.011137833068432544 0.949097648782288
vn 0.6714369095485491 -0.5886868866827253 0.45013356456022435
vn 0.7577683598336985 -0.05480096997555407 0.6502183990973226
vn 0.9358932953959248 -0.21121011778766277 0.28194684920579977
vn 0.6134804841217473 -0.7831104684832921 0.10188076243150958
vn 0.5584253861916544 -0.8291510630313574 0.025876683146636856
vn -0.9309267553207128 -0.021186712117577777 0.36459086584512346
vn -0.745453157169469 -0.6279828365516176 0.22346621100885766
vn -0.25235149703612536 -0.9047241964472391 0.34320963026483375
vn -0.06462865348720055 -0.9177094138671427 0.3919599071946732
vn 0.005354179298862893 -0.9386316123782161 0.34487973122279286
vn 0.17447593190611754 -0.9685339584858071 0.17748273280886895
vn 0.7256790990554063 0.4116739627837849 0.5512843128187386
vn 0.35013184785464746 0.4857998904084417 0.8008783650449275
vn 0.20169624796987784 0.4178803277336077 0.885829924561214
vn 0.046518760062839525 0.3785236044386866 0.924421919820685
vn -0.3016234213101179 0.35117523404811585 0.8863967885255623
vn -0.36822411421928386 0.35609284047148615 0.8588415981264371
vn -0.5422862750863404 0.3803297269125107 0.749182817928733
vn -0.8362011764246546 0.38254433205880994 0.39297255191132985
vn -0.26526727317172993 0.7046339258122671 0.6581218005646275
vn 0.17246577959682569 0.7375445673674285 0.6529039485367293
vn 0.3193056558569555 0.7598669952732896 0.5662561678534743
vn 0.5942825156770815 0.6992422433848873 0.39735195560936837
vn -0.9343092677835508 0.33819528111905356 0.11265053911353154
vn -0.731827639020524 0.6669090646561067 0.14021628380884557
vn -0.9900466193929178 -0.12679356324093655 0.061082597761732464
vn -0.6658603552432292 -0.7451649908088149 0.03686629610171832
vn -0.9770282156362329 -0.21186501715241268 -0.023001746839896534
vn -0.6639135654290168 -0.7471554475552249 -0.03126523353314698
vn 0.6134804841217473 -0.7831104684832921 0.10188076243150958
vn 0.17447593190611754 -0.9685339584858071 0.17748273280886895
vn 0.19348387207117781 -0.981083859130628 -0.006201016182713935
vn 0.5584253861916544 -0.8291510630313574 0.025876683146636856
vn 0.02089524882311321 -0.9987858499663597 0.044611819998706476
vn 0.005354179298862893 -0.9386316123782161 0.34487973122279286
vn -0.06462865348720055 -0.9177094138671427 0.3919599071946732
vn -0.05768582763394828 -0.9951343729574994 0.07987443301001428
vn -0.25235149703612536 -0.9047241964472391 0.34320963026483375
vn -0.23417281288592057 -0.970259988129054 0.06130782283610923
vn -0.3106594967243194 -0.8629864419490337 0.3984282596743605
vn -0.7344787225483222 0.6024198021903615 -0.3124602183522092
vn -0.19982763835202047 0.8145476461590083 -0.5445925514432537
vn -0.388769589749637 0.781171724625984 -0.488496614861111
vn -0.575775851663587 0.7058089848020297 -0.41269340388937586
vn -0.1889329693838183 0.8676997298930637 -0.4597842013633328
vn -0.38671100234221495 0.8114493479810242 -0.4381832451482489
vn -0.5706262152186662 0.7145069291241276 -0.40480312590051654
vn -0.7212098174350106 0.5959047620184793 -0.3532052007531293
vn -0.7172439247143851 0.6455251171978139 -0.26240898522545647
vn -0.5714452849463283 0.763496814384477 -0.30087023903564336
vn -0.4014564054085733 0.8564098854865154 -0.32464574939062524
vn -0.2143616635635897 0.9177092139547488 -0.3344530995772166
vn -0.2147811235023987 0.9285281433822564 -0.3028276010111146
vn -0.4023380634526228 0.8717205002152411 -0.2796917092115589
vn -0.5625657988211868 0.7926768594226906 -0.23491087359349686
vn -0.7027603719033246 0.6885860302820496 -0.17882152717922167
vn -0.20441446847583386 0.91989955962283 -0.33466330136939976
vn -0.3838604319228556 0.8731086687780418 -0.3005535248647636
vn -0.5386099124277198 0.8070536412397245 -0.2419995504051736
vn -0.6710094850467502 0.7223245545584093 -0.16731260818985175
vn -0.19208560214898007 0.8989825531617865 -0.39361591756149705
vn -0.3626947728304874 0.8606334393496594 -0.35743892462155985
vn -0.5022492805404538 0.8089360869646038 -0.30556188800796347
vn -0.6303678558566418 0.7398119939037014 -0.23519051847157785
vn -0.30592268002978595 0.8395587013126641 -0.4489459888378402
vn -0.4380804341030715 0.8006150200879703 -0.408780042156663
vn -0.2686166596104284 0.9629193541061744 -0.02512782655709473
vn -0.2931010101942774 0.3500812917740914 0.8896824641257562
vn -0.6078492265875052 0.7783070031024646 -0.15734524669856437
vn -0.5716527610568445 0.3246386894219026 0.7535402060318453
vn -0.8177059499615675 0.21943948118438805 0.5321684822450284
vn -0.8338099654613045 0.46183287424606684 -0.3024422883180106
vn -0.9589967918092916 -0.07549143732488811 0.2731779569989283
vn -0.8936358795845063 0.050540586376551 -0.4459378475168264
vn -0.8981880081885192 -0.43752984010494717 0.042731030458904896
vn -0.7877474536177692 -0.2740035483688285 -0.5517028229037909
vn -0.7047403204993735 -0.7001297225754799 -0.1147146556845369
vn -0.612069840382864 -0.5188357789217508 -0.5968081308128731
vn -0.4168398916178257 -0.8853909245526286 -0.20573627651894735
vn -0.3427291259491621 -0.6950244994872256 -0.6320424758975103
vn -4.86014486524598e-9 -0.9734484528569006 -0.22890633374921468
vn 2.477743757911319e-9 -0.7799958492222481 -0.6257846875691863
vn -0.9545898434570128 -0.16810241336431408 0.24596709005435888
vn -0.8484210687019106 0.03431063535775138 0.528208737606692
vn -0.8767278781704677 -0.4806604380568285 0.017713580262824682
vn -0.684076485093221 -0.7186064093382862 -0.1250767404453745
vn -0.411452927593086 -0.8880782809205335 -0.2049962324832065
vn -1.4844894840806318e-8 -0.9690165952470503 -0.24699562371793993
vn -0.6193588582313859 0.015791392822679603 0.784949193669905
vn -0.7506456335458366 -0.10837410962689642 0.6517562314248687
vn -0.9132040455005761 -0.07901613913564577 0.3997684592829679
vn -0.9653261716297015 -0.23929380915293416 0.10432571719294986
vn -0.8698795785148279 -0.47275794921816344 -0.14074601356309024
vn -0.6732023576099855 -0.6679193002171886 -0.31730489139901097
vn -0.38501346328556757 -0.8266661809839146 -0.41035065286450173
vn 9.910472371200361e-9 -0.8970213259867821 -0.4419872630799615
vn -0.3300009962902059 -0.7035889023118249 -0.6293345684062753
vn 0 -0.7617108428877711 -0.6479171180229778
vn -0.6460528585578188 -0.5732374446445052 -0.5039985476236106
vn -0.855245122970795 -0.41453743537366095 -0.3109895405130175
vn -0.9680258874458778 -0.24212699244138583 -0.06557744098323644
vn -0.6208013538923284 -0.44195557106026706 -0.6475190747879518
vn -0.31627813106857394 -0.5395781419187788 -0.7802714736367389
vn 0 -0.5760791960736824 -0.817393882929827
vn -0.29064400830496917 -0.3231564035884026 -0.9006086826453711
vn 7.41510277310606e-9 -0.31823973023696744 -0.9480102710934635
vn 0 -0.015223207756989366 -0.9998841202587366
vn -0.28134983792972534 -0.03751948080404723 -0.9588715019527444
vn -0.2314372565596679 0.217909745424649 -0.9481308660333232
vn 0 0.22892078753252929 -0.9734450539375535
vn -0.1888609162868724 0.40938438498841134 -0.8926006831875849
vn 0 0.42044525134973343 -0.9073179104467516
vn -0.5842647221745031 -0.28040225586978446 -0.7615834224334762
vn -0.5558553637167859 -0.056773652083796255 -0.8293380294285001
vn -0.8021675003883789 -0.06774118996893046 -0.5932439907004987
vn -0.5210723832909384 0.16964131450314607 -0.8364839483129046
vn -0.7879696513870899 0.12822526734824433 -0.6022143383434002
vn -0.4710852817567669 0.38110980519065274 -0.7955086257858495
vn -0.7614990296189419 0.33097525663497585 -0.5572922100521607
vn -0.956921385898995 0.09372740275363559 -0.2748029024268202
vn -0.9382656572624384 0.2474438774625306 -0.24172108701599201
vn -0.9902767772519259 0.12368668908045108 0.06366716092190368
vn 2.3995830554750306e-9 0.5884022361238401 -0.808568369727919
vn -0.18364986782703488 0.5850232245257421 -0.7899497153696657
vn -0.44534183539699546 0.567043495877717 -0.6929158126554862
vn -0.7230858139008025 0.5060986829074827 -0.4701181010073162
vn -0.896347145659248 0.39529549217839194 -0.2007567391943841
vn -0.9660539143845678 0.2539703718939345 0.04731685431546578
vn -0.9525694869162585 0.03709296658641072 0.30205212203511445
vn 0 0.7461348339915983 -0.6657948704400855
vn -0.20909667447802763 0.7497725107600018 -0.627789584837844
vn -0.23251577618709857 0.8781010880607812 -0.41818045503177576
vn 0 0.8914811370772079 -0.4530578133478427
vn -0.9140745146425778 0.40320437021960304 0.04352031154241723
vn -0.9361336233609144 0.22923065727810335 0.26665923006154246
vn -0.8311494609823865 0.5531145547588798 0.05705140508851941
vn -0.8641260010328612 0.4204186978658746 0.2766484643436834
vn -0.26679443780031764 0.9502873230861365 -0.16054510749505024
vn 0 0.9790529999339802 -0.20360555817627804
vn -4.92347483225454e-9 0.9973821975130011 0.07231011052499667
vn -0.2870504893461397 0.9544393149536545 0.0815328807104262
vn -0.5028410274937507 0.8598666906108328 0.0882053028281375
vn -0.5220489716897563 0.7925053256376767 0.3152779408610566
vn -0.29784834741010957 0.8922208654261673 0.33945292640253916
vn 4.9376924449101944e-9 0.9417845294399176 0.3362170431546159
vn -0.6910730245955506 0.7181635130706241 0.08160418598587449
vn -0.7245529548619429 0.6243787113640543 0.29184626157651955
vn 2.4601448165582075e-9 0.8079307745740422 0.5892774079295664
vn -0.3053430839488707 0.7554171494889317 0.579750404348811
vn -0.8451580619510131 0.26754598601097973 0.462738582450848
vn -0.88180560017853 -0.004918183208108058 0.4715874202814511
vn 0 0.33056767423415395 0.9437822909715049
vn -4.936846354502305e-9 0.5976956326084547 0.8017231010522144
vn -0.3547298530666196 0.5400071761423928 0.7632555149214798
vn -0.7618911573182403 -0.26420872400692424 0.5913675799017943
vn -0.9477328011795072 -0.17479076888845296 0.2669283137470208
vn -0.8843665197580263 0.17420116529900578 -0.4330702168696719
vn -0.8826564094206694 -0.07560714177973542 -0.4638978583918131
vn -0.979175419579451 0.01989533758765232 -0.20203879140818287
vn -0.7294825828199052 0.2613829642480931 -0.6320871042532668
vn -0.7351976423844615 -0.002846424619686759 -0.6778468296740892
vn -0.16767631638421673 0.8666364040994913 -0.46992126575983273
vn -0.24192038536704963 0.7798187252133814 -0.577371009793906
vn -0.12302726435771606 0.7989468640347404 -0.5886834469166862
vn -0.3816292452314528 0.7430973988769412 -0.5496957112497752
vn -0.5408617925051078 0.6644018975608232 -0.5157893367700994
vn -0.2686166596104284 0.9629193541061744 -0.02512782655709473
vn -0.1282525764429341 0.6114721092301213 -0.7808028792655775
vn -0.6078492265875052 0.7783070031024646 -0.15734524669856437
vn -0.2806134188137884 0.5413526227550908 -0.7925865549060378
vn -0.8338099654613045 0.46183287424606684 -0.3024422883180106
vn -0.3978444409987792 0.39085061119185127 -0.8300334935997011
vn -0.4577459521847679 0.17637605305836487 -0.8714127214850684
vn -0.8936358795845063 0.050540586376551 -0.4459378475168264
vn -0.7877474536177692 -0.2740035483688285 -0.5517028229037909
vn -0.4537149897423833 -0.05650434930451445 -0.8893536791360018
vn -0.612069840382864 -0.5188357789217508 -0.5968081308128731
vn -0.3936897160266267 -0.29758756914704526 -0.8697413674098907
vn -0.3427291259491621 -0.6950244994872256 -0.6320424758975103
vn 2.477743757911319e-9 -0.7799958492222481 -0.6257846875691863
vn -4.8219757226856035e-9 -0.5536856754731072 -0.8327257488368478
vn -0.17054114777975368 0.6917509846948214 -0.7017095496626142
vn -0.33719877269941845 0.6433397695848754 -0.6873215612509803
vn -0.48360116459191343 0.5264525812442042 -0.6992693281609451
vn -0.5551846456160049 0.30476175528891125 -0.773880017693604
vn -0.48360116459191343 0.5264525812442042 -0.6992693281609451
vn -0.5551846456160049 0.30476175528891125 -0.773880017693604
vn -0.5551763082514386 0.03552499725611702 -0.8309736706576548
vn -0.6997699623919702 -0.20928060668622073 -0.6830253490164094
vn -0.8905234634797595 -0.3676949370264543 0.267896237892818
vn -0.7589731526735892 -0.5854601639630026 0.2849493813524197
vn 0 -0.7087867939523859 -0.7054227673662781
vn -2.411614697936295e-9 -0.8573907061116043 -0.5146660830805198
vn -0.16970732065486402 -0.8378361236531905 -0.5188738336223394
vn -2.4096548357811534e-9 -0.9502420093127818 -0.31151263816610575
vn -0.17077785433980258 -0.9304860072776502 -0.32408442530857606
vn -0.3369011668807596 -0.910431766412134 -0.2400241705788483
vn 0.10776818641546972 -0.9560307286246336 -0.27274761946197207
vn 7.280002196627584e-9 -0.9956819166063803 -0.09283060348314667
vn -0.2031044673900621 -0.9757034119926836 -0.08216706853742957
vn -0.40522981762905913 -0.9136700796189767 -0.031555990134553624
vn -0.23521047585939905 -0.9691722292232555 0.07335681391950127
vn 0 -0.9971061971814965 0.07602125717359794
vn 0.22366000052221124 -0.9734852622907291 0.04798591740453463
vn 0.37329414269300804 -0.6779385169568136 0.6332857571882445
vn -0.20782086026582441 -0.8871769808362847 0.4119799688244407
vn -0.09710452840921929 -0.937145723049138 0.33515459766073835
vn 0.12785486741384242 -0.9550543326191127 0.2674403758299228
vn 0.9419397917019945 -0.29286735034911815 0.16425024781683098
vn 0.20892637369039516 -0.9620868883853474 0.17532424126053175
vn 0.9366742842469628 -0.34691553840940126 0.04786328906955176
vn 0.22366000052221124 -0.9734852622907291 0.04798591740453463
vn 0.8799398175131038 -0.4341068687121227 -0.19302109753071464
vn 0.10776818641546972 -0.9560307286246336 -0.27274761946197207
vn -0.3177587701603336 -0.47127431833298694 -0.8227574860589059
vn -0.17176749063892052 -0.2745286862546118 -0.9461130638475113
vn -0.6198510155526675 -0.29625741849174475 -0.7266472737903404
vn -0.9570632341126041 -0.18471134743948886 -0.22340922997273696
vn -0.845726890014179 -0.2251783553802191 -0.4837775684911449
vn -0.3224343497515089 -0.5762924266031492 -0.7509481534301656
vn -0.4839768983629442 -0.40667748265143777 -0.7748417818853561
vn -0.10399197310045169 -0.7104030521694332 -0.6960698046884581
vn 0.2569200722347396 -0.3434313770504535 -0.903353178850955
vn 0.057907956901689484 -0.7226504598388728 0.688783697122789
vn 0.4087290440269044 -0.1176861740739006 0.9050362053535208
vn 0.6373246504409805 -0.43022424237159834 -0.6393155646596336
vn 0.10110708080630564 -0.8530114086001834 -0.5120047802596749
vn 0.8423508014671574 -0.4848250268689492 -0.23535042083914068
vn 0.944929520198803 -0.3011040136007932 0.12823640220449625
vn -0.9873054786610129 -0.15882276792099037 -0.0017944904188515484
vn -0.8605511043495423 -0.5086070457211288 0.027760941007263725
vn -0.9657222554684242 -0.2546014170234854 0.05058303809196471
vn -0.9468444318028059 -0.3216503863143653 0.005162455601889268
vn -0.9424137404918533 -0.2771423140977329 -0.1872123913332322
vn -0.9525049474399612 -0.18556592152048237 -0.2414531297636269
vn -0.9974704981933906 0.05471215488898308 -0.04537824744558731
vn 0.2401310573359127 -0.4049578520357835 -0.8822393175195158
vn 0.2508075650827269 -0.7982355127862436 -0.5476455344692923
vn -0.15717777280989295 -0.7436023795005731 -0.6498851044112393
vn -0.1490150800730712 -0.3715737664416033 -0.9163664343499368
vn -0.5000119211908514 -0.5984097126280408 -0.6260142925680368
vn -0.5577946057453806 -0.3256937468723289 -0.7634060263382905
vn -0.8036224471058563 -0.28629915584583115 -0.5217506644648953
vn -0.7310119727818309 -0.4768677858899819 -0.4880764391260881
vn -0.8478399084863486 -0.4211670842551434 -0.322157999618015
vn 0.9099040949161057 -0.4147817069391982 0.005538379140836504
vn 0.554238321308422 -0.8011761069782056 -0.22569166754771758
vn -0.4751718009562011 -0.8769670064745686 0.07169818080728617
vn -0.9283730873978836 -0.3229810557328515 -0.18386584302967776
vn 0.7174908617329153 -0.693246554942337 0.06794172054297666
vn 0.7379015842069535 -0.6725102806985421 0.05684341984466358
vn 0.6978941879831623 -0.7147524670214909 0.04552596254902651
vn 0.6631281529483931 -0.7484810525694466 -0.006096450753159887
vn 0.32174649527169963 -0.946743272361618 0.01250475982949461
vn 0.7174908617329153 -0.693246554942337 0.06794172054297666
vn 0.35849521924294775 -0.9330009396459987 -0.03147100887538249
vn 0.7379015842069535 -0.6725102806985421 0.05684341984466358
vn 0.326708725573239 -0.944622074932418 -0.030830896592275527
vn 0.6978941879831623 -0.7147524670214909 0.04552596254902651
vn 0.3052397308808341 -0.9516279505589444 -0.03511339355259237
vn 0.6631281529483931 -0.7484810525694466 -0.006096450753159887
vn 0.2865658291857932 -0.9501663675806137 -0.12273507836686574
vn 0.554238321308422 -0.8011761069782056 -0.22569166754771758
vn 0.087255208974893 -0.9642001908103727 -0.2504087070131322
vn -0.12849228029216433 -0.9387597997631223 -0.3197182701285971
vn 0.05383978566519789 -0.9948544007926753 -0.08582539660830443
vn 0.10034276983269666 -0.9915134603575877 -0.08265825108254418
vn 0.1357741527886906 -0.987550464990358 -0.07943210013490058
vn 0.12189952111448055 -0.9913263766706149 0.04911742734682466
vn 0.2569200722347396 -0.3434313770504535 -0.903353178850955
vn -0.10399197310045169 -0.7104030521694332 -0.6960698046884581
vn 0.20892637369039516 -0.9620868883853474 0.17532424126053175
vn -0.9651465356151411 -0.23989613214147065 -0.10460406576062495
vn -0.6287889846129059 -0.7698358611179784 -0.10944021091998841
vn -0.6231484225147038 -0.7606214651468617 -0.18204678045842473
vn -0.2788479793373911 -0.960323705916914 -0.004710018413814821
vn -0.2842368272163519 -0.9528208262434348 -0.10649835271383201
vn -0.06453206777038197 -0.9922307775065093 -0.1063658610556362
vn -0.07091061413794532 -0.9964955543293673 0.04436547085725939
vn -0.057303945222205936 -0.9916677259861169 -0.11537495005196799
vn -0.0860512640792001 -0.9858722820132275 -0.14370463982907042
vn -0.2722139047845943 -0.9526231840682498 -0.13567851420764304
vn -0.07564868633014488 0.30390828265464387 0.949693125167508
vn -0.99480877502134 -0.08817231495169528 0.05080496055110884
vn -0.8747916936571619 -0.3072666744935286 -0.3746020334356478
vn -0.4652972876459671 -0.4867939712778713 -0.7392767165526216
vn 0.0367751468977246 -0.5157981685765802 -0.8559204623466461
vn 0.5116754119669492 -0.422327394750317 -0.7482164422357094
vn 0.8013833749371415 -0.30909743859385347 -0.5120971195281964
vn 0.9737788415211456 -0.13884635236012405 -0.18021225885611705
vn 0.7290260528983671 0.15699491828998383 0.6662384031460122
vn 0.3529893924430498 0.23232167106866497 0.9063250686009681
vn -0.8618196160337868 -0.31329101001744686 -0.3988930839982367
vn -0.4873285153094257 -0.5069207402962351 -0.7110149655413927
vn 0.016336762269144184 -0.5550152353549896 -0.8316797452880565
vn 0.4586626724300223 -0.48389537402685057 -0.7453011605483816
vn 0.780031789506231 -0.35550733910175913 -0.5149416852464886
vn 0.9696395198022926 -0.1644818301987095 -0.18095560000194091
vn 0.8794923928722603 -0.3924568254405657 -0.2692039580781436
vn 0.6617290292382825 -0.7061468271852931 -0.25193521055919177
vn -0.2825227323276935 -0.9569749044652927 -0.06618109958091199
vn -0.026186819464364384 -0.9970113981634233 -0.07268096324731
vn 0.19051330227466487 -0.9759352263201578 -0.10609013000192183
f 273/273/273 274/274/274 275/275/275
f 276/276/276 277/277/277 278/278/278
f 279/279/279 275/275/275 274/274/274
f 275/275/275 280/280/280 276/276/276
f 281/281/281 282/282/282 283/283/283
f 284/284/284 285/285/285 282/282/282
f 286/286/286 287/287/287 288/288/288
f 289/289/289 287/287/287 290/290/290
f 291/291/291 292/292/292 293/293/293
f 294/294/294 295/295/295 296/296/296
f 296/296/296 297/297/297 292/292/292
f 292/292/292 297/297/297 293/293/293
f 298/298/298 299/299/299 300/300/300
f 301/301/301 302/302/302 303/303/303
f 304/304/304 305/305/305 306/306/306
f 307/307/307 308/308/308 309/309/309
f 310/310/310 303/303/303 311/311/311
f 312/312/312 310/310/310 311/311/311
f 313/313/313 314/314/314 291/291/291
f 315/315/315 316/316/316 317/317/317
f 318/318/318 319/319/319 320/320/320
f 321/321/321 322/322/322 323/323/323
f 324/324/324 322/322/322 321/321/321
f 325/325/325 326/326/326 327/327/327
f 328/328/328 329/329/329 330/330/330
f 331/331/331 332/332/332 333/333/333
f 334/334/334 332/332/332 335/335/335
f 336/336/336 337/337/337 338/338/338
f 339/339/339 340/340/340 341/341/341
f 342/342/342 343/343/343 344/344/344
f 345/345/345 346/346/346 347/347/347
f 347/347/347 346/346/346 348/348/348
f 348/348/348 346/346/346 349/349/349
f 349/349/349 346/346/346 350/350/350
f 350/350/350 346/346/346 351/351/351
f 351/351/351 346/346/346 352/352/352
f 352/352/352 346/346/346 353/353/353
f 353/353/353 346/346/346 354/354/354
f 354/354/354 346/346/346 345/345/345
f 355/355/355 356/356/356 305/305/305
f 357/357/357 358/358/358 359/359/359
f 360/360/360 361/361/361 362/362/362
f 362/362/362 361/361/361 363/363/363
f 364/364/364 365/365/365 366/366/366
f 367/367/367 368/368/368 369/369/369
f 370/370/370 371/371/371 372/372/372
f 373/373/373 374/374/374 375/375/375
f 368/368/368 374/374/374 376/376/376
f 377/377/377 363/363/363 361/361/361
f 378/378/378 376/376/376 379/379/379
f 369/369/369 376/376/376 377/377/377
f 380/380/380 381/381/381 382/382/382
f 383/383/383 384/384/384 385/385/385
f 385/385/385 384/384/384 386/386/386
f 387/387/387 388/388/388 389/389/389
f 390/390/390 391/391/391 392/392/392
f 393/393/393 394/394/394 395/395/395
f 396/396/396 397/397/397 398/398/398
f 399/399/399 400/400/400 401/401/401
f 402/402/402 403/403/403 404/404/404
f 405/405/405 406/406/406 407/407/407
f 405/405/405 408/408/408 409/409/409
f 409/409/409 410/410/410 411/411/411
f 410/410/410 412/412/412 413/413/413
f 414/414/414 415/415/415 416/416/416
f 417/417/417 418/418/418 419/419/419
f 420/420/420 421/421/421 422/422/422
f 423/423/423 424/424/424 425/425/425
f 426/426/426 427/427/427 428/428/428
f 429/429/429 430/430/430 431/431/431
f 432/432/432 433/433/433 434/434/434
f 435/435/435 436/436/436 437/437/437
f 436/436/436 435/435/435 438/438/438
f 439/439/439 435/435/435 440/440/440
f 441/441/441 442/442/442 436/436/436
f 443/443/443 444/444/444 445/445/445
f 446/446/446 445/445/445 444/444/444
f 443/443/443 447/447/447 444/444/444
f 448/448/448 449/449/449 450/450/450
f 448/448/448 451/451/451 452/452/452
f 453/453/453 450/450/450 454/454/454
f 450/450/450 449/449/449 455/455/455
f 456/456/456 457/457/457 442/442/442
f 458/458/458 457/457/457 456/456/456
f 459/459/459 458/458/458 460/460/460
f 449/449/449 452/452/452 461/461/461
f 462/462/462 456/456/456 442/442/442
f 463/463/463 464/464/464 465/465/465
f 466/466/466 467/467/467 463/463/463
f 466/466/466 468/468/468 469/469/469
f 470/470/470 471/471/471 472/472/472
f 473/473/473 474/474/474 475/475/475
f 476/476/476 477/477/477 478/478/478
f 479/479/479 480/480/480 481/481/481
f 466/466/466 463/463/463 465/465/465
f 482/482/482 468/468/468 466/466/466
f 483/483/483 480/480/480 484/484/484
f 485/485/485 486/486/486 487/487/487
f 488/488/488 489/489/489 490/490/490
f 430/430/430 491/491/491 492/492/492
f 491/491/491 424/424/424 492/492/492
f 493/493/493 494/494/494 424/424/424
f 466/466/466 465/465/465 495/495/495
f 496/496/496 497/497/497 498/498/498
f 499/499/499 500/500/500 501/501/501
f 502/502/502 503/503/503 504/504/504
f 505/505/505 334/334/334 342/342/342
f 466/466/466 469/469/469 467/467/467
f 506/506/506 507/507/507 508/508/508
f 482/482/482 509/509/509 468/468/468
f 510/510/510 440/440/440 511/511/511
f 453/453/453 512/512/512 513/513/513
f 514/514/514 515/515/515 516/516/516
f 517/517/517 487/487/487 518/518/518
f 519/519/519 496/496/496 520/520/520
f 521/521/521 522/522/522 523/523/523
f 524/524/524 428/428/428 525/525/525
f 526/526/526 527/527/527 525/525/525
f 528/528/528 491/491/491 529/529/529
f 530/530/530 529/529/529 491/491/491
f 531/531/531 532/532/532 493/493/493
f 533/533/533 534/534/534 535/535/535
f 536/536/536 532/532/532 531/531/531
f 532/532/532 494/494/494 493/493/493
f 493/493/493 424/424/424 491/491/491
f 493/493/493 491/491/491 528/528/528
f 537/537/537 529/529/529 530/530/530
f 530/530/530 491/491/491 430/430/430
f 537/537/537 538/538/538 529/529/529
f 539/539/539 540/540/540 541/541/541
f 542/542/542 543/543/543 544/544/544
f 545/545/545 546/546/546 547/547/547
f 548/548/548 545/545/545 547/547/547
f 549/549/549 550/550/550 551/551/551
f 381/381/381 552/552/552 553/553/553
f 554/554/554 555/555/555 556/556/556
f 557/557/557 558/558/558 559/559/559
f 560/560/560 561/561/561 562/562/562
f 560/560/560 563/563/563 564/564/564
f 565/565/565 566/566/566 567/567/567
f 568/568/568 565/565/565 569/569/569
f 570/570/570 571/571/571 572/572/572
f 564/564/564 563/563/563 573/573/573
f 566/566/566 556/556/556 567/567/567
f 574/574/574 572/572/572 575/575/575
f 564/564/564 576/576/576 561/561/561
f 577/577/577 557/557/557 559/559/559
f 377/377/377 376/376/376 378/378/378
f 552/552/552 555/555/555 554/554/554
f 578/578/578 565/565/565 567/567/567
f 555/555/555 552/552/552 381/381/381
f 356/356/356 579/579/579 305/305/305
f 304/304/304 355/355/355 305/305/305
f 570/570/570 572/572/572 574/574/574
f 564/564/564 561/561/561 560/560/560
f 367/367/367 361/361/361 360/360/360
f 369/369/369 368/368/368 376/376/376
f 580/580/580 362/362/362 363/363/363
f 361/361/361 367/367/367 369/369/369
f 369/369/369 377/377/377 361/361/361
f 278/278/278 273/273/273 275/275/275
f 279/279/279 280/280/280 275/275/275
f 275/275/275 276/276/276 278/278/278
f 581/581/581 281/281/281 283/283/283
f 281/281/281 284/284/284 282/282/282
f 582/582/582 312/312/312 311/311/311
f 301/301/301 303/303/303 310/310/310
f 583/583/583 302/302/302 301/301/301
f 584/584/584 585/585/585 586/586/586
f 336/336/336 340/340/340 339/339/339
f 505/505/505 342/342/342 344/344/344
f 515/515/515 336/336/336 338/338/338
f 587/587/587 296/296/296 292/292/292
f 588/588/588 291/291/291 293/293/293
f 589/589/589 334/334/334 335/335/335
f 590/590/590 383/383/383 385/385/385
f 591/591/591 385/385/385 386/386/386
f 449/449/449 448/448/448 452/452/452
f 592/592/592 448/448/448 450/450/450
f 593/593/593 459/459/459 460/460/460
f 594/594/594 447/447/447 443/443/443
f 595/595/595 443/443/443 445/445/445
f 596/596/596 304/304/304 597/597/597
f 306/306/306 597/597/597 304/304/304
f 596/596/596 355/355/355 304/304/304
f 598/598/598 324/324/324 321/321/321
f 588/588/588 313/313/313 291/291/291
f 335/335/335 332/332/332 331/331/331
f 599/599/599 600/600/600 601/601/601
f 602/602/602 603/603/603 604/604/604
f 601/601/601 605/605/605 599/599/599
f 606/606/606 601/601/601 603/603/603
f 607/607/607 281/281/281 608/608/608
f 609/609/609 284/284/284 607/607/607
f 610/610/610 611/611/611 612/612/612
f 613/613/613 614/614/614 615/615/615
f 616/616/616 617/617/617 618/618/618
f 619/619/619 618/618/618 613/613/613
f 619/619/619 613/613/613 615/615/615
f 620/620/620 621/621/621 622/622/622
f 623/623/623 624/624/624 625/625/625
f 626/626/626 627/627/627 628/628/628
f 629/629/629 630/630/630 631/631/631
f 625/625/625 632/632/632 633/633/633
f 632/632/632 634/634/634 633/633/633
f 635/635/635 636/636/636 614/614/614
f 637/637/637 318/318/318 638/638/638
f 639/639/639 640/640/640 641/641/641
f 639/639/639 642/642/642 640/640/640
f 643/643/643 644/644/644 645/645/645
f 646/646/646 647/647/647 648/648/648
f 649/649/649 650/650/650 651/651/651
f 649/649/649 652/652/652 653/653/653
f 654/654/654 655/655/655 656/656/656
f 657/657/657 658/658/658 659/659/659
f 660/660/660 661/661/661 662/662/662
f 663/663/663 664/664/664 665/665/665
f 663/663/663 665/665/665 666/666/666
f 663/663/663 666/666/666 667/667/667
f 663/663/663 667/667/667 668/668/668
f 663/663/663 668/668/668 669/669/669
f 663/663/663 669/669/669 670/670/670
f 663/663/663 670/670/670 671/671/671
f 663/663/663 671/671/671 672/672/672
f 663/663/663 672/672/672 664/664/664
f 673/673/673 674/674/674 626/626/626
f 675/675/675 676/676/676 677/677/677
f 678/678/678 679/679/679 680/680/680
f 678/678/678 680/680/680 681/681/681
f 682/682/682 683/683/683 684/684/684
f 685/685/685 686/686/686 687/687/687
f 688/688/688 689/689/689 690/690/690
f 691/691/691 692/692/692 693/693/693
f 691/691/691 685/685/685 694/694/694
f 681/681/681 695/695/695 678/678/678
f 694/694/694 696/696/696 697/697/697
f 694/694/694 687/687/687 695/695/695
f 698/698/698 699/699/699 700/700/700
f 701/701/701 702/702/702 703/703/703
f 701/701/701 703/703/703 704/704/704
f 705/705/705 706/706/706 707/707/707
f 708/708/708 709/709/709 710/710/710
f 711/711/711 712/712/712 713/713/713
f 714/714/714 715/715/715 716/716/716
f 717/717/717 718/718/718 719/719/719
f 720/720/720 721/721/721 722/722/722
f 723/723/723 724/724/724 725/725/725
f 726/726/726 724/724/724 727/727/727
f 728/728/728 727/727/727 729/729/729
f 730/730/730 728/728/728 731/731/731
f 732/732/732 733/733/733 734/734/734
f 735/735/735 736/736/736 737/737/737
f 738/738/738 739/739/739 740/740/740
f 741/741/741 742/742/742 743/743/743
f 744/744/744 745/745/745 746/746/746
f 747/747/747 748/748/748 749/749/749
f 750/750/750 751/751/751 752/752/752
f 753/753/753 754/754/754 755/755/755
f 754/754/754 753/753/753 756/756/756
f 754/754/754 757/757/757 758/758/758
f 759/759/759 760/760/760 753/753/753
f 761/761/761 762/762/762 763/763/763
f 763/763/763 764/764/764 761/761/761
f 765/765/765 762/762/762 761/761/761
f 766/766/766 767/767/767 768/768/768
f 451/451/451 767/767/767 452/452/452
f 768/768/768 769/769/769 770/770/770
f 766/766/766 768/768/768 771/771/771
f 772/772/772 773/773/773 759/759/759
f 772/772/772 774/774/774 773/773/773
f 774/774/774 459/459/459 775/775/775
f 452/452/452 766/766/766 461/461/461
f 773/773/773 776/776/776 759/759/759
f 777/777/777 778/778/778 779/779/779
f 780/780/780 781/781/781 778/778/778
f 782/782/782 781/781/781 783/783/783
f 784/784/784 785/785/785 786/786/786
f 787/787/787 788/788/788 789/789/789
f 790/790/790 791/791/791 792/792/792
f 793/793/793 794/794/794 795/795/795
f 778/778/778 781/781/781 779/779/779
f 782/782/782 796/796/796 781/781/781
f 793/793/793 797/797/797 798/798/798
f 799/799/799 800/800/800 801/801/801
f 802/802/802 803/803/803 804/804/804
f 805/805/805 747/747/747 806/806/806
f 741/741/741 805/805/805 806/806/806
f 807/807/807 808/808/808 741/741/741
f 779/779/779 781/781/781 809/809/809
f 810/810/810 811/811/811 812/812/812
f 813/813/813 814/814/814 815/815/815
f 816/816/816 817/817/817 818/818/818
f 819/819/819 820/820/820 821/821/821
f 652/652/652 822/822/822 661/661/661
f 783/783/783 781/781/781 780/780/780
f 823/823/823 824/824/824 825/825/825
f 826/826/826 796/796/796 782/782/782
f 758/758/758 827/827/827 828/828/828
f 829/829/829 769/769/769 830/830/830
f 831/831/831 832/832/832 833/833/833
f 801/801/801 834/834/834 835/835/835
f 811/811/811 836/836/836 837/837/837
f 838/838/838 523/523/523 522/522/522
f 746/746/746 839/839/839 840/840/840
f 841/841/841 842/842/842 840/840/840
f 805/805/805 843/843/843 844/844/844
f 844/844/844 845/845/845 805/805/805
f 846/846/846 847/847/847 808/808/808
f 848/848/848 849/849/849 850/850/850
f 846/846/846 851/851/851 847/847/847
f 807/807/807 846/846/846 808/808/808
f 741/741/741 808/808/808 805/805/805
f 805/805/805 808/808/808 843/843/843
f 844/844/844 852/852/852 845/845/845
f 805/805/805 845/845/845 747/747/747
f 853/853/853 852/852/852 844/844/844
f 854/854/854 855/855/855 856/856/856
f 857/857/857 858/858/858 859/859/859
f 860/860/860 861/861/861 862/862/862
f 861/861/861 863/863/863 862/862/862
f 864/864/864 865/865/865 866/866/866
f 867/867/867 698/698/698 868/868/868
f 869/869/869 870/870/870 871/871/871
f 872/872/872 873/873/873 874/874/874
f 875/875/875 876/876/876 877/877/877
f 878/878/878 876/876/876 879/879/879
f 880/880/880 881/881/881 882/882/882
f 881/881/881 883/883/883 884/884/884
f 885/885/885 886/886/886 887/887/887
f 878/878/878 879/879/879 888/888/888
f 871/871/871 880/880/880 882/882/882
f 887/887/887 889/889/889 890/890/890
f 891/891/891 879/879/879 875/875/875
f 873/873/873 892/892/892 874/874/874
f 694/694/694 695/695/695 696/696/696
f 869/869/869 867/867/867 870/870/870
f 881/881/881 893/893/893 882/882/882
f 867/867/867 869/869/869 698/698/698
f 894/894/894 673/673/673 626/626/626
f 674/674/674 627/627/627 626/626/626
f 887/887/887 886/886/886 889/889/889
f 875/875/875 879/879/879 876/876/876
f 678/678/678 686/686/686 679/679/679
f 685/685/685 687/687/687 694/694/694
f 680/680/680 895/895/895 681/681/681
f 686/686/686 678/678/678 687/687/687
f 695/695/695 687/687/687 678/678/678
f 600/600/600 604/604/604 601/601/601
f 606/606/606 605/605/605 601/601/601
f 603/603/603 601/601/601 604/604/604
f 281/281/281 581/581/581 608/608/608
f 284/284/284 281/281/281 607/607/607
f 634/634/634 896/896/896 633/633/633
f 625/625/625 624/624/624 632/632/632
f 623/623/623 897/897/897 624/624/624
f 898/898/898 833/833/833 899/899/899
f 657/657/657 655/655/655 658/658/658
f 661/661/661 822/822/822 662/662/662
f 655/655/655 831/831/831 656/656/656
f 618/618/618 900/900/900 613/613/613
f 614/614/614 901/901/901 615/615/615
f 652/652/652 902/902/902 653/653/653
f 702/702/702 903/903/903 703/703/703
f 703/703/703 904/904/904 704/704/704
f 767/767/767 766/766/766 452/452/452
f 767/767/767 905/905/905 768/768/768
f 459/459/459 593/593/593 775/775/775
f 765/765/765 906/906/906 762/762/762
f 762/762/762 907/907/907 763/763/763
f 627/627/627 908/908/908 909/909/909
f 909/909/909 628/628/628 627/627/627
f 674/674/674 908/908/908 627/627/627
f 642/642/642 910/910/910 640/640/640
f 636/636/636 901/901/901 614/614/614
f 649/649/649 653/653/653 650/650/650
f 610/610/610 612/612/612 911/911/911
f 912/912/912 817/817/817 816/816/816
f 287/287/287 289/289/289 288/288/288
f 610/610/610 913/913/913 611/611/611
f 912/912/912 914/914/914 817/817/817
f 818/818/818 915/915/915 899/899/899
f 899/899/899 916/916/916 898/898/898
f 316/316/316 917/917/917 317/317/317
f 317/317/317 917/917/917 918/918/918
f 918/918/918 516/516/516 586/586/586
f 586/586/586 516/516/516 584/584/584
f 918/918/918 917/917/917 516/516/516
f 915/915/915 916/916/916 899/899/899
f 919/919/919 920/920/920 921/921/921
f 919/919/919 921/921/921 922/922/922
f 922/922/922 921/921/921 923/923/923
f 922/922/922 923/923/923 924/924/924
f 923/923/923 925/925/925 926/926/926
f 923/923/923 926/926/926 924/924/924
f 925/925/925 927/927/927 928/928/928
f 925/925/925 928/928/928 926/926/926
f 929/929/929 927/927/927 930/930/930
f 929/929/929 930/930/930 931/931/931
f 932/932/932 931/931/931 930/930/930
f 932/932/932 930/930/930 933/933/933
f 934/934/934 932/932/932 933/933/933
f 934/934/934 933/933/933 935/935/935
f 936/936/936 937/937/937 934/934/934
f 936/936/936 934/934/934 935/935/935
f 938/938/938 937/937/937 936/936/936
f 938/938/938 936/936/936 920/920/920
f 938/938/938 920/920/920 919/919/919
f 938/938/938 919/919/919 939/939/939
f 927/927/927 929/929/929 940/940/940
f 927/927/927 940/940/940 928/928/928
f 298/298/298 941/941/941 922/922/922
f 298/298/298 922/922/922 924/924/924
f 302/302/302 298/298/298 924/924/924
f 302/302/302 924/924/924 926/926/926
f 303/303/303 302/302/302 926/926/926
f 303/303/303 926/926/926 928/928/928
f 303/303/303 928/928/928 940/940/940
f 303/303/303 940/940/940 311/311/311
f 940/940/940 929/929/929 942/942/942
f 940/940/940 942/942/942 311/311/311
f 942/942/942 929/929/929 931/931/931
f 942/942/942 931/931/931 943/943/943
f 943/943/943 931/931/931 932/932/932
f 943/943/943 932/932/932 944/944/944
f 932/932/932 934/934/934 945/945/945
f 932/932/932 945/945/945 944/944/944
f 946/946/946 945/945/945 934/934/934
f 946/946/946 934/934/934 937/937/937
f 937/937/937 938/938/938 947/947/947
f 937/937/937 947/947/947 946/946/946
f 947/947/947 938/938/938 939/939/939
f 947/947/947 939/939/939 948/948/948
f 919/919/919 922/922/922 941/941/941
f 919/919/919 941/941/941 949/949/949
f 949/949/949 948/948/948 939/939/939
f 949/949/949 939/939/939 919/919/919
f 948/948/948 949/949/949 950/950/950
f 948/948/948 950/950/950 951/951/951
f 273/273/273 278/278/278 947/947/947
f 273/273/273 947/947/947 948/948/948
f 947/947/947 278/278/278 277/277/277
f 947/947/947 277/277/277 946/946/946
f 949/949/949 941/941/941 952/952/952
f 949/949/949 952/952/952 950/950/950
f 953/953/953 954/954/954 950/950/950
f 953/953/953 950/950/950 952/952/952
f 955/955/955 951/951/951 950/950/950
f 955/955/955 950/950/950 954/954/954
f 956/956/956 957/957/957 951/951/951
f 956/956/956 951/951/951 955/955/955
f 951/951/951 957/957/957 273/273/273
f 951/951/951 273/273/273 948/948/948
f 958/958/958 959/959/959 957/957/957
f 958/958/958 957/957/957 956/956/956
f 959/959/959 274/274/274 273/273/273
f 959/959/959 273/273/273 957/957/957
f 958/958/958 960/960/960 961/961/961
f 958/958/958 961/961/961 959/959/959
f 961/961/961 279/279/279 274/274/274
f 961/961/961 274/274/274 959/959/959
f 962/962/962 963/963/963 961/961/961
f 962/962/962 961/961/961 960/960/960
f 963/963/963 280/280/280 279/279/279
f 963/963/963 279/279/279 961/961/961
f 964/964/964 963/963/963 962/962/962
f 964/964/964 962/962/962 965/965/965
f 966/966/966 280/280/280 963/963/963
f 966/966/966 963/963/963 964/964/964
f 276/276/276 280/280/280 966/966/966
f 276/276/276 966/966/966 967/967/967
f 967/967/967 968/968/968 277/277/277
f 967/967/967 277/277/277 276/276/276
f 969/969/969 946/946/946 277/277/277
f 969/969/969 277/277/277 968/968/968
f 581/581/581 283/283/283 964/964/964
f 581/581/581 964/964/964 965/965/965
f 283/283/283 970/970/970 966/966/966
f 283/283/283 966/966/966 964/964/964
f 967/967/967 966/966/966 970/970/970
f 967/967/967 970/970/970 971/971/971
f 945/945/945 946/946/946 969/969/969
f 945/945/945 969/969/969 972/972/972
f 972/972/972 973/973/973 944/944/944
f 972/972/972 944/944/944 945/945/945
f 973/973/973 307/307/307 943/943/943
f 973/973/973 943/943/943 944/944/944
f 968/968/968 967/967/967 971/971/971
f 968/968/968 971/971/971 974/974/974
f 974/974/974 975/975/975 969/969/969
f 974/974/974 969/969/969 968/968/968
f 972/972/972 969/969/969 975/975/975
f 972/972/972 975/975/975 976/976/976
f 970/970/970 283/283/283 282/282/282
f 970/970/970 282/282/282 977/977/977
f 977/977/977 978/978/978 971/971/971
f 977/977/977 971/971/971 970/970/970
f 977/977/977 282/282/282 285/285/285
f 977/977/977 285/285/285 979/979/979
f 979/979/979 980/980/980 978/978/978
f 979/979/979 978/978/978 977/977/977
f 974/974/974 971/971/971 978/978/978
f 974/974/974 978/978/978 981/981/981
f 980/980/980 982/982/982 981/981/981
f 980/980/980 981/981/981 978/978/978
f 975/975/975 974/974/974 981/981/981
f 975/975/975 981/981/981 983/983/983
f 983/983/983 984/984/984 976/976/976
f 983/983/983 976/976/976 975/975/975
f 982/982/982 985/985/985 983/983/983
f 982/982/982 983/983/983 981/981/981
f 984/984/984 983/983/983 985/985/985
f 984/984/984 985/985/985 986/986/986
f 285/285/285 284/284/284 987/987/987
f 285/285/285 987/987/987 988/988/988
f 979/979/979 285/285/285 988/988/988
f 979/979/979 988/988/988 989/989/989
f 980/980/980 979/979/979 989/989/989
f 980/980/980 989/989/989 982/982/982
f 973/973/973 972/972/972 976/976/976
f 973/973/973 976/976/976 990/990/990
f 984/984/984 991/991/991 990/990/990
f 984/984/984 990/990/990 976/976/976
f 986/986/986 306/306/306 991/991/991
f 986/986/986 991/991/991 984/984/984
f 941/941/941 298/298/298 300/300/300
f 941/941/941 300/300/300 952/952/952
f 992/992/992 953/953/953 952/952/952
f 992/992/992 952/952/952 300/300/300
f 993/993/993 295/295/295 994/994/994
f 993/993/993 994/994/994 995/995/995
f 294/294/294 996/996/996 994/994/994
f 294/294/294 994/994/994 295/295/295
f 287/287/287 286/286/286 996/996/996
f 287/287/287 996/996/996 294/294/294
f 587/587/587 292/292/292 291/291/291
f 587/587/587 291/291/291 997/997/997
f 296/296/296 587/587/587 287/287/287
f 296/296/296 287/287/287 294/294/294
f 297/297/297 296/296/296 295/295/295
f 297/297/297 295/295/295 993/993/993
f 988/988/988 987/987/987 998/998/998
f 988/988/988 998/998/998 999/999/999
f 999/999/999 1000/1000/1000 989/989/989
f 999/999/999 989/989/989 988/988/988
f 1000/1000/1000 985/985/985 982/982/982
f 1000/1000/1000 982/982/982 989/989/989
f 1001/1001/1001 1002/1002/1002 999/999/999
f 1001/1001/1001 999/999/999 998/998/998
f 1000/1000/1000 999/999/999 1002/1002/1002
f 1000/1000/1000 1002/1002/1002 1003/1003/1003
f 1003/1003/1003 986/986/986 985/985/985
f 1003/1003/1003 985/985/985 1000/1000/1000
f 597/597/597 306/306/306 986/986/986
f 597/597/597 986/986/986 1003/1003/1003
f 1003/1003/1003 1002/1002/1002 1004/1004/1004
f 1003/1003/1003 1004/1004/1004 597/597/597
f 1005/1005/1005 1004/1004/1004 1002/1002/1002
f 1005/1005/1005 1002/1002/1002 1001/1001/1001
f 1006/1006/1006 307/307/307 973/973/973
f 1006/1006/1006 973/973/973 990/990/990
f 991/991/991 1007/1007/1007 1006/1006/1006
f 991/991/991 1006/1006/1006 990/990/990
f 306/306/306 305/305/305 1007/1007/1007
f 306/306/306 1007/1007/1007 991/991/991
f 597/597/597 1004/1004/1004 1008/1008/1008
f 597/597/597 1008/1008/1008 596/596/596
f 1009/1009/1009 1008/1008/1008 1004/1004/1004
f 1009/1009/1009 1004/1004/1004 1005/1005/1005
f 1010/1010/1010 992/992/992 300/300/300
f 1010/1010/1010 300/300/300 299/299/299
f 583/583/583 299/299/299 298/298/298
f 583/583/583 298/298/298 302/302/302
f 582/582/582 311/311/311 942/942/942
f 582/582/582 942/942/942 309/309/309
f 943/943/943 307/307/307 309/309/309
f 943/943/943 309/309/309 942/942/942
f 308/308/308 307/307/307 1006/1006/1006
f 308/308/308 1006/1006/1006 1011/1011/1011
f 1006/1006/1006 1007/1007/1007 1012/1012/1012
f 1006/1006/1006 1012/1012/1012 1011/1011/1011
f 579/579/579 1012/1012/1012 1007/1007/1007
f 579/579/579 1007/1007/1007 305/305/305
f 308/308/308 1013/1013/1013 1014/1014/1014
f 308/308/308 1014/1014/1014 309/309/309
f 308/308/308 1011/1011/1011 1015/1015/1015
f 308/308/308 1015/1015/1015 1013/1013/1013
f 1011/1011/1011 1012/1012/1012 1016/1016/1016
f 1011/1011/1011 1016/1016/1016 1015/1015/1015
f 1012/1012/1012 579/579/579 1017/1017/1017
f 1012/1012/1012 1017/1017/1017 1016/1016/1016
f 582/582/582 309/309/309 1014/1014/1014
f 582/582/582 1014/1014/1014 1018/1018/1018
f 1019/1019/1019 312/312/312 582/582/582
f 1019/1019/1019 582/582/582 1018/1018/1018
f 312/312/312 1019/1019/1019 1020/1020/1020
f 312/312/312 1020/1020/1020 310/310/310
f 310/310/310 1020/1020/1020 1021/1021/1021
f 310/310/310 1021/1021/1021 301/301/301
f 1022/1022/1022 583/583/583 301/301/301
f 1022/1022/1022 301/301/301 1021/1021/1021
f 583/583/583 1022/1022/1022 1023/1023/1023
f 583/583/583 1023/1023/1023 299/299/299
f 1023/1023/1023 1024/1024/1024 1010/1010/1010
f 1023/1023/1023 1010/1010/1010 299/299/299
f 1023/1023/1023 1025/1025/1025 1026/1026/1026
f 1023/1023/1023 1026/1026/1026 1024/1024/1024
f 1025/1025/1025 1023/1023/1023 1022/1022/1022
f 1025/1025/1025 1022/1022/1022 1027/1027/1027
f 1027/1027/1027 1022/1022/1022 1021/1021/1021
f 1027/1027/1027 1021/1021/1021 1028/1028/1028
f 1020/1020/1020 1029/1029/1029 1028/1028/1028
f 1020/1020/1020 1028/1028/1028 1021/1021/1021
f 1019/1019/1019 1030/1030/1030 1029/1029/1029
f 1019/1019/1019 1029/1029/1029 1020/1020/1020
f 1030/1030/1030 1019/1019/1019 1018/1018/1018
f 1030/1030/1030 1018/1018/1018 1031/1031/1031
f 1031/1031/1031 1018/1018/1018 1014/1014/1014
f 1031/1031/1031 1014/1014/1014 1032/1032/1032
f 1032/1032/1032 1014/1014/1014 1013/1013/1013
f 1032/1032/1032 1013/1013/1013 1033/1033/1033
f 1033/1033/1033 1013/1013/1013 1015/1015/1015
f 1033/1033/1033 1015/1015/1015 323/323/323
f 323/323/323 1015/1015/1015 1016/1016/1016
f 323/323/323 1016/1016/1016 321/321/321
f 321/321/321 1016/1016/1016 1017/1017/1017
f 321/321/321 1017/1017/1017 598/598/598
f 358/358/358 1017/1017/1017 579/579/579
f 358/358/358 579/579/579 356/356/356
f 1017/1017/1017 358/358/358 357/357/357
f 1017/1017/1017 357/357/357 598/598/598
f 1034/1034/1034 1035/1035/1035 1036/1036/1036
f 1034/1034/1034 1036/1036/1036 1037/1037/1037
f 1038/1038/1038 1036/1036/1036 1035/1035/1035
f 1038/1038/1038 1035/1035/1035 1039/1039/1039
f 1040/1040/1040 1041/1041/1041 1042/1042/1042
f 1040/1040/1040 1042/1042/1042 1043/1043/1043
f 1044/1044/1044 1045/1045/1045 1040/1040/1040
f 1044/1044/1044 1040/1040/1040 1043/1043/1043
f 1046/1046/1046 1045/1045/1045 1044/1044/1044
f 1046/1046/1046 1044/1044/1044 1047/1047/1047
f 501/501/501 500/500/500 1046/1046/1046
f 501/501/501 1046/1046/1046 1047/1047/1047
f 291/291/291 314/314/314 1048/1048/1048
f 291/291/291 1048/1048/1048 997/997/997
f 1049/1049/1049 289/289/289 290/290/290
f 1049/1049/1049 290/290/290 1050/1050/1050
f 585/585/585 286/286/286 288/288/288
f 585/585/585 288/288/288 1051/1051/1051
f 338/338/338 337/337/337 995/995/995
f 338/338/338 995/995/995 994/994/994
f 584/584/584 338/338/338 994/994/994
f 584/584/584 994/994/994 996/996/996
f 286/286/286 585/585/585 584/584/584
f 286/286/286 584/584/584 996/996/996
f 1052/1052/1052 328/328/328 1053/1053/1053
f 1052/1052/1052 1053/1053/1053 1054/1054/1054
f 1055/1055/1055 1028/1028/1028 1029/1029/1029
f 1055/1055/1055 1029/1029/1029 1056/1056/1056
f 1056/1056/1056 1047/1047/1047 1044/1044/1044
f 1056/1056/1056 1044/1044/1044 1055/1055/1055
f 1030/1030/1030 1057/1057/1057 1056/1056/1056
f 1030/1030/1030 1056/1056/1056 1029/1029/1029
f 1057/1057/1057 501/501/501 1047/1047/1047
f 1057/1057/1057 1047/1047/1047 1056/1056/1056
f 1028/1028/1028 1055/1055/1055 1058/1058/1058
f 1028/1028/1028 1058/1058/1058 1027/1027/1027
f 1055/1055/1055 1044/1044/1044 1043/1043/1043
f 1055/1055/1055 1043/1043/1043 1058/1058/1058
f 1059/1059/1059 1025/1025/1025 1027/1027/1027
f 1059/1059/1059 1027/1027/1027 1058/1058/1058
f 1058/1058/1058 1043/1043/1043 1042/1042/1042
f 1058/1058/1058 1042/1042/1042 1059/1059/1059
f 1025/1025/1025 1059/1059/1059 318/318/318
f 1025/1025/1025 318/318/318 1026/1026/1026
f 319/319/319 318/318/318 1059/1059/1059
f 319/319/319 1059/1059/1059 1042/1042/1042
f 1060/1060/1060 319/319/319 1042/1042/1042
f 1060/1060/1060 1042/1042/1042 1041/1041/1041
f 319/319/319 1060/1060/1060 1061/1061/1061
f 319/319/319 1061/1061/1061 320/320/320
f 1062/1062/1062 1061/1061/1061 1060/1060/1060
f 1062/1062/1062 1060/1060/1060 1063/1063/1063
f 1064/1064/1064 1063/1063/1063 1060/1060/1060
f 1064/1064/1064 1060/1060/1060 1041/1041/1041
f 1031/1031/1031 1065/1065/1065 1057/1057/1057
f 1031/1031/1031 1057/1057/1057 1030/1030/1030
f 1065/1065/1065 1031/1031/1031 1032/1032/1032
f 1065/1065/1065 1032/1032/1032 1066/1066/1066
f 1066/1066/1066 1032/1032/1032 1033/1033/1033
f 1066/1066/1066 1033/1033/1033 1067/1067/1067
f 323/323/323 322/322/322 1067/1067/1067
f 323/323/323 1067/1067/1067 1033/1033/1033
f 1065/1065/1065 499/499/499 501/501/501
f 1065/1065/1065 501/501/501 1057/1057/1057
f 1066/1066/1066 1068/1068/1068 499/499/499
f 1066/1066/1066 499/499/499 1065/1065/1065
f 1067/1067/1067 326/326/326 1068/1068/1068
f 1067/1067/1067 1068/1068/1068 1066/1066/1066
f 1069/1069/1069 1070/1070/1070 500/500/500
f 1069/1069/1069 500/500/500 499/499/499
f 1069/1069/1069 499/499/499 1068/1068/1068
f 1069/1069/1069 1068/1068/1068 1071/1071/1071
f 1072/1072/1072 1073/1073/1073 1074/1074/1074
f 1072/1072/1072 1074/1074/1074 1075/1075/1075
f 1076/1076/1076 1077/1077/1077 1073/1073/1073
f 1076/1076/1076 1073/1073/1073 1072/1072/1072
f 1076/1076/1076 1078/1078/1078 1079/1079/1079
f 1076/1076/1076 1079/1079/1079 1077/1077/1077
f 1078/1078/1078 1080/1080/1080 1081/1081/1081
f 1078/1078/1078 1081/1081/1081 1079/1079/1079
f 1082/1082/1082 1081/1081/1081 1080/1080/1080
f 1082/1082/1082 1080/1080/1080 1083/1083/1083
f 1083/1083/1083 1084/1084/1084 1085/1085/1085
f 1083/1083/1083 1085/1085/1085 1082/1082/1082
f 1077/1077/1077 357/357/357 359/359/359
f 1077/1077/1077 359/359/359 1073/1073/1073
f 1077/1077/1077 1079/1079/1079 598/598/598
f 1077/1077/1077 598/598/598 357/357/357
f 1079/1079/1079 1081/1081/1081 324/324/324
f 1079/1079/1079 324/324/324 598/598/598
f 1086/1086/1086 324/324/324 1081/1081/1081
f 1086/1086/1086 1081/1081/1081 1082/1082/1082
f 324/324/324 1086/1086/1086 327/327/327
f 324/324/324 327/327/327 322/322/322
f 1082/1082/1082 1085/1085/1085 1087/1087/1087
f 1082/1082/1082 1087/1087/1087 1086/1086/1086
f 1088/1088/1088 1085/1085/1085 1084/1084/1084
f 1088/1088/1088 1084/1084/1084 1089/1089/1089
f 1090/1090/1090 1091/1091/1091 1092/1092/1092
f 1090/1090/1090 1092/1092/1092 1093/1093/1093
f 1085/1085/1085 1088/1088/1088 1094/1094/1094
f 1085/1085/1085 1094/1094/1094 1087/1087/1087
f 1095/1095/1095 1091/1091/1091 1090/1090/1090
f 1095/1095/1095 1090/1090/1090 1096/1096/1096
f 1067/1067/1067 322/322/322 327/327/327
f 1067/1067/1067 327/327/327 326/326/326
f 325/325/325 327/327/327 1086/1086/1086
f 325/325/325 1086/1086/1086 1087/1087/1087
f 1071/1071/1071 1068/1068/1068 326/326/326
f 1071/1071/1071 326/326/326 325/325/325
f 1087/1087/1087 1094/1094/1094 1097/1097/1097
f 1087/1087/1087 1097/1097/1097 325/325/325
f 1053/1053/1053 328/328/328 330/330/330
f 1053/1053/1053 330/330/330 1098/1098/1098
f 331/331/331 333/333/333 1070/1070/1070
f 331/331/331 1070/1070/1070 1069/1069/1069
f 1099/1099/1099 331/331/331 1069/1069/1069
f 1099/1099/1099 1069/1069/1069 1071/1071/1071
f 503/503/503 335/335/335 331/331/331
f 503/503/503 331/331/331 1099/1099/1099
f 1071/1071/1071 325/325/325 1097/1097/1097
f 1071/1071/1071 1097/1097/1097 1099/1099/1099
f 1097/1097/1097 504/504/504 503/503/503
f 1097/1097/1097 503/503/503 1099/1099/1099
f 1094/1094/1094 1100/1100/1100 504/504/504
f 1094/1094/1094 504/504/504 1097/1097/1097
f 1088/1088/1088 1101/1101/1101 1100/1100/1100
f 1088/1088/1088 1100/1100/1100 1094/1094/1094
f 1101/1101/1101 1088/1088/1088 1089/1089/1089
f 1101/1101/1101 1089/1089/1089 1102/1102/1102
f 1091/1091/1091 1101/1101/1101 1102/1102/1102
f 1091/1091/1091 1102/1102/1102 1092/1092/1092
f 1095/1095/1095 1100/1100/1100 1101/1101/1101
f 1095/1095/1095 1101/1101/1101 1091/1091/1091
f 1103/1103/1103 504/504/504 1100/1100/1100
f 1103/1103/1103 1100/1100/1100 1095/1095/1095
f 1095/1095/1095 1096/1096/1096 1104/1104/1104
f 1095/1095/1095 1104/1104/1104 1103/1103/1103
f 1103/1103/1103 1104/1104/1104 1105/1105/1105
f 1103/1103/1103 1105/1105/1105 1106/1106/1106
f 1107/1107/1107 1106/1106/1106 1105/1105/1105
f 1107/1107/1107 1105/1105/1105 1108/1108/1108
f 1106/1106/1106 502/502/502 504/504/504
f 1106/1106/1106 504/504/504 1103/1103/1103
f 342/342/342 1107/1107/1107 1108/1108/1108
f 342/342/342 1108/1108/1108 1109/1109/1109
f 1063/1063/1063 343/343/343 1110/1110/1110
f 1063/1063/1063 1110/1110/1110 1062/1062/1062
f 1109/1109/1109 1110/1110/1110 343/343/343
f 1109/1109/1109 343/343/343 342/342/342
f 1107/1107/1107 589/589/589 502/502/502
f 1107/1107/1107 502/502/502 1106/1106/1106
f 589/589/589 335/335/335 503/503/503
f 589/589/589 503/503/503 502/502/502
f 589/589/589 1107/1107/1107 342/342/342
f 589/589/589 342/342/342 334/334/334
f 344/344/344 343/343/343 1063/1063/1063
f 344/344/344 1063/1063/1063 1064/1064/1064
f 340/340/340 1053/1053/1053 1098/1098/1098
f 340/340/340 1098/1098/1098 341/341/341
f 1054/1054/1054 514/514/514 516/516/516
f 1054/1054/1054 516/516/516 917/917/917
f 585/585/585 1111/1111/1111 918/918/918
f 585/585/585 918/918/918 586/586/586
f 514/514/514 340/340/340 336/336/336
f 514/514/514 336/336/336 515/515/515
f 1112/1112/1112 337/337/337 336/336/336
f 1112/1112/1112 336/336/336 339/339/339
f 347/347/347 921/921/921 920/920/920
f 347/347/347 920/920/920 345/345/345
f 348/348/348 923/923/923 921/921/921
f 348/348/348 921/921/921 347/347/347
f 348/348/348 349/349/349 925/925/925
f 348/348/348 925/925/925 923/923/923
f 349/349/349 350/350/350 927/927/927
f 349/349/349 927/927/927 925/925/925
f 350/350/350 351/351/351 930/930/930
f 350/350/350 930/930/930 927/927/927
f 352/352/352 933/933/933 930/930/930
f 352/352/352 930/930/930 351/351/351
f 352/352/352 353/353/353 935/935/935
f 352/352/352 935/935/935 933/933/933
f 354/354/354 936/936/936 935/935/935
f 354/354/354 935/935/935 353/353/353
f 354/354/354 345/345/345 920/920/920
f 354/354/354 920/920/920 936/936/936
f 1113/1113/1113 1074/1074/1074 1073/1073/1073
f 1113/1113/1113 1073/1073/1073 359/359/359
f 1037/1037/1037 1036/1036/1036 1074/1074/1074
f 1037/1037/1037 1074/1074/1074 1113/1113/1113
f 1036/1036/1036 1038/1038/1038 1075/1075/1075
f 1036/1036/1036 1075/1075/1075 1074/1074/1074
f 1037/1037/1037 1008/1008/1008 1009/1009/1009
f 1037/1037/1037 1009/1009/1009 1034/1034/1034
f 596/596/596 1008/1008/1008 1037/1037/1037
f 596/596/596 1037/1037/1037 1113/1113/1113
f 355/355/355 596/596/596 1113/1113/1113
f 355/355/355 1113/1113/1113 359/359/359
f 358/358/358 356/356/356 355/355/355
f 358/358/358 355/355/355 359/359/359
f 1114/1114/1114 1115/1115/1115 1116/1116/1116
f 1114/1114/1114 1116/1116/1116 1117/1117/1117
f 1118/1118/1118 1119/1119/1119 1117/1117/1117
f 1118/1118/1118 1117/1117/1117 1116/1116/1116
f 1119/1119/1119 1118/1118/1118 365/365/365
f 1119/1119/1119 365/365/365 1120/1120/1120
f 1121/1121/1121 1120/1120/1120 365/365/365
f 1121/1121/1121 365/365/365 364/364/364
f 1115/1115/1115 1114/1114/1114 1122/1122/1122
f 1115/1115/1115 1122/1122/1122 1123/1123/1123
f 1123/1123/1123 1122/1122/1122 367/367/367
f 1123/1123/1123 367/367/367 360/360/360
f 364/364/364 1124/1124/1124 1125/1125/1125
f 364/364/364 1125/1125/1125 1121/1121/1121
f 1118/1118/1118 1116/1116/1116 1126/1126/1126
f 1118/1118/1118 1126/1126/1126 1127/1127/1127
f 365/365/365 1118/1118/1118 1127/1127/1127
f 365/365/365 1127/1127/1127 366/366/366
f 1115/1115/1115 1128/1128/1128 1126/1126/1126
f 1115/1115/1115 1126/1126/1126 1116/1116/1116
f 1123/1123/1123 1129/1129/1129 1128/1128/1128
f 1123/1123/1123 1128/1128/1128 1115/1115/1115
f 367/367/367 1122/1122/1122 1130/1130/1130
f 367/367/367 1130/1130/1130 368/368/368
f 1131/1131/1131 1130/1130/1130 1122/1122/1122
f 1131/1131/1131 1122/1122/1122 1114/1114/1114
f 1114/1114/1114 1117/1117/1117 1132/1132/1132
f 1114/1114/1114 1132/1132/1132 1131/1131/1131
f 1119/1119/1119 1133/1133/1133 1132/1132/1132
f 1119/1119/1119 1132/1132/1132 1117/1117/1117
f 1133/1133/1133 1119/1119/1119 1120/1120/1120
f 1133/1133/1133 1120/1120/1120 1134/1134/1134
f 1134/1134/1134 1120/1120/1120 1121/1121/1121
f 1134/1134/1134 1121/1121/1121 1135/1135/1135
f 1125/1125/1125 1136/1136/1136 1135/1135/1135
f 1125/1125/1125 1135/1135/1135 1121/1121/1121
f 1135/1135/1135 382/382/382 1137/1137/1137
f 1135/1135/1135 1137/1137/1137 1134/1134/1134
f 1136/1136/1136 380/380/380 382/382/382
f 1136/1136/1136 382/382/382 1135/1135/1135
f 1134/1134/1134 1137/1137/1137 370/370/370
f 1134/1134/1134 370/370/370 1133/1133/1133
f 1133/1133/1133 370/370/370 372/372/372
f 1133/1133/1133 372/372/372 1132/1132/1132
f 1131/1131/1131 1132/1132/1132 372/372/372
f 1131/1131/1131 372/372/372 1138/1138/1138
f 1130/1130/1130 1131/1131/1131 1138/1138/1138
f 1130/1130/1130 1138/1138/1138 375/375/375
f 375/375/375 374/374/374 368/368/368
f 375/375/375 368/368/368 1130/1130/1130
f 1139/1139/1139 1140/1140/1140 380/380/380
f 1139/1139/1139 380/380/380 1136/1136/1136
f 1125/1125/1125 1141/1141/1141 1139/1139/1139
f 1125/1125/1125 1139/1139/1139 1136/1136/1136
f 1141/1141/1141 1125/1125/1125 1124/1124/1124
f 1141/1141/1141 1124/1124/1124 1142/1142/1142
f 567/567/567 1140/1140/1140 1139/1139/1139
f 567/567/567 1139/1139/1139 578/578/578
f 578/578/578 1139/1139/1139 1141/1141/1141
f 578/578/578 1141/1141/1141 1143/1143/1143
f 1141/1141/1141 1142/1142/1142 1144/1144/1144
f 1141/1141/1141 1144/1144/1144 1143/1143/1143
f 1138/1138/1138 372/372/372 371/371/371
f 1138/1138/1138 371/371/371 1145/1145/1145
f 1145/1145/1145 373/373/373 375/375/375
f 1145/1145/1145 375/375/375 1138/1138/1138
f 1140/1140/1140 555/555/555 381/381/381
f 1140/1140/1140 381/381/381 380/380/380
f 556/556/556 555/555/555 1140/1140/1140
f 556/556/556 1140/1140/1140 567/567/567
f 379/379/379 376/376/376 374/374/374
f 379/379/379 374/374/374 373/373/373
f 1146/1146/1146 1147/1147/1147 1148/1148/1148
f 1146/1146/1146 1148/1148/1148 1149/1149/1149
f 1150/1150/1150 1151/1151/1151 1149/1149/1149
f 1150/1150/1150 1149/1149/1149 1148/1148/1148
f 1151/1151/1151 1150/1150/1150 1152/1152/1152
f 1151/1151/1151 1152/1152/1152 1153/1153/1153
f 1154/1154/1154 1153/1153/1153 1152/1152/1152
f 1154/1154/1154 1152/1152/1152 1155/1155/1155
f 1155/1155/1155 1142/1142/1142 366/366/366
f 1155/1155/1155 366/366/366 1154/1154/1154
f 553/553/553 371/371/371 370/370/370
f 553/553/553 370/370/370 1137/1137/1137
f 553/553/553 1137/1137/1137 382/382/382
f 553/553/553 382/382/382 381/381/381
f 1156/1156/1156 1157/1157/1157 1158/1158/1158
f 1156/1156/1156 1158/1158/1158 1159/1159/1159
f 1160/1160/1160 1161/1161/1161 1162/1162/1162
f 1160/1160/1160 1162/1162/1162 1163/1163/1163
f 1164/1164/1164 1162/1162/1162 1161/1161/1161
f 1164/1164/1164 1161/1161/1161 1165/1165/1165
f 1166/1166/1166 1156/1156/1156 1159/1159/1159
f 1166/1166/1166 1159/1159/1159 1167/1167/1167
f 1168/1168/1168 1166/1166/1166 1167/1167/1167
f 1168/1168/1168 1167/1167/1167 1169/1169/1169
f 385/385/385 591/591/591 1170/1170/1170
f 385/385/385 1170/1170/1170 590/590/590
f 1171/1171/1171 391/391/391 590/590/590
f 1171/1171/1171 590/590/590 1170/1170/1170
f 391/391/391 390/390/390 383/383/383
f 391/391/391 383/383/383 590/590/590
f 1158/1158/1158 1163/1163/1163 1172/1172/1172
f 1158/1158/1158 1172/1172/1172 1173/1173/1173
f 1174/1174/1174 1172/1172/1172 1163/1163/1163
f 1174/1174/1174 1163/1163/1163 1162/1162/1162
f 1162/1162/1162 1164/1164/1164 1175/1175/1175
f 1162/1162/1162 1175/1175/1175 1174/1174/1174
f 1165/1165/1165 1176/1176/1176 1177/1177/1177
f 1165/1165/1165 1177/1177/1177 1164/1164/1164
f 1164/1164/1164 1177/1177/1177 1178/1178/1178
f 1164/1164/1164 1178/1178/1178 1175/1175/1175
f 1163/1163/1163 1158/1158/1158 1157/1157/1157
f 1163/1163/1163 1157/1157/1157 1160/1160/1160
f 1159/1159/1159 1158/1158/1158 1173/1173/1173
f 1159/1159/1159 1173/1173/1173 1179/1179/1179
f 1179/1179/1179 1180/1180/1180 1167/1167/1167
f 1179/1179/1179 1167/1167/1167 1159/1159/1159
f 1181/1181/1181 1182/1182/1182 1183/1183/1183
f 1181/1181/1181 1183/1183/1183 1184/1184/1184
f 1184/1184/1184 1185/1185/1185 1186/1186/1186
f 1184/1184/1184 1186/1186/1186 1181/1181/1181
f 1183/1183/1183 383/383/383 390/390/390
f 1183/1183/1183 390/390/390 1184/1184/1184
f 1177/1177/1177 518/518/518 487/487/487
f 1177/1177/1177 487/487/487 1178/1178/1178
f 1176/1176/1176 1187/1187/1187 518/518/518
f 1176/1176/1176 518/518/518 1177/1177/1177
f 1182/1182/1182 1181/1181/1181 1188/1188/1188
f 1182/1182/1182 1188/1188/1188 1189/1189/1189
f 1181/1181/1181 1186/1186/1186 1190/1190/1190
f 1181/1181/1181 1190/1190/1190 1188/1188/1188
f 1189/1189/1189 1188/1188/1188 1191/1191/1191
f 1189/1189/1189 1191/1191/1191 1192/1192/1192
f 1188/1188/1188 1190/1190/1190 1193/1193/1193
f 1188/1188/1188 1193/1193/1193 1191/1191/1191
f 1192/1192/1192 1191/1191/1191 402/402/402
f 1192/1192/1192 402/402/402 1194/1194/1194
f 1195/1195/1195 402/402/402 1191/1191/1191
f 1195/1195/1195 1191/1191/1191 1193/1193/1193
f 1169/1169/1169 1167/1167/1167 1180/1180/1180
f 1169/1169/1169 1180/1180/1180 1196/1196/1196
f 1172/1172/1172 1174/1174/1174 464/464/464
f 1172/1172/1172 464/464/464 463/463/463
f 1174/1174/1174 1175/1175/1175 1197/1197/1197
f 1174/1174/1174 1197/1197/1197 464/464/464
f 1178/1178/1178 1198/1198/1198 1197/1197/1197
f 1178/1178/1178 1197/1197/1197 1175/1175/1175
f 487/487/487 486/486/486 1198/1198/1198
f 487/487/487 1198/1198/1198 1178/1178/1178
f 1173/1173/1173 1172/1172/1172 463/463/463
f 1173/1173/1173 463/463/463 467/467/467
f 1179/1179/1179 1173/1173/1173 467/467/467
f 1179/1179/1179 467/467/467 469/469/469
f 469/469/469 468/468/468 1180/1180/1180
f 469/469/469 1180/1180/1180 1179/1179/1179
f 1199/1199/1199 403/403/403 402/402/402
f 1199/1199/1199 402/402/402 1195/1195/1195
f 1200/1200/1200 1201/1201/1201 403/403/403
f 1200/1200/1200 403/403/403 1199/1199/1199
f 1202/1202/1202 1201/1201/1201 1200/1200/1200
f 1202/1202/1202 1200/1200/1200 1203/1203/1203
f 1204/1204/1204 1205/1205/1205 1202/1202/1202
f 1204/1204/1204 1202/1202/1202 1203/1203/1203
f 1206/1206/1206 1207/1207/1207 1205/1205/1205
f 1206/1206/1206 1205/1205/1205 1204/1204/1204
f 1208/1208/1208 1207/1207/1207 1206/1206/1206
f 1208/1208/1208 1206/1206/1206 1209/1209/1209
f 1210/1210/1210 1211/1211/1211 1208/1208/1208
f 1210/1210/1210 1208/1208/1208 1209/1209/1209
f 1211/1211/1211 1210/1210/1210 1212/1212/1212
f 1211/1211/1211 1212/1212/1212 1213/1213/1213
f 1214/1214/1214 1215/1215/1215 1213/1213/1213
f 1214/1214/1214 1213/1213/1213 1212/1212/1212
f 1215/1215/1215 1214/1214/1214 1216/1216/1216
f 1215/1215/1215 1216/1216/1216 1217/1217/1217
f 1218/1218/1218 1217/1217/1217 1216/1216/1216
f 1218/1218/1218 1216/1216/1216 1219/1219/1219
f 416/416/416 1218/1218/1218 1219/1219/1219
f 416/416/416 1219/1219/1219 1220/1220/1220
f 1220/1220/1220 1221/1221/1221 414/414/414
f 1220/1220/1220 414/414/414 416/416/416
f 1222/1222/1222 414/414/414 1221/1221/1221
f 1222/1222/1222 1221/1221/1221 1223/1223/1223
f 1222/1222/1222 1224/1224/1224 1225/1225/1225
f 1222/1222/1222 1225/1225/1225 414/414/414
f 1226/1226/1226 387/387/387 1222/1222/1222
f 1226/1226/1226 1222/1222/1222 1223/1223/1223
f 1227/1227/1227 1224/1224/1224 1222/1222/1222
f 1227/1227/1227 1222/1222/1222 387/387/387
f 1228/1228/1228 1229/1229/1229 389/389/389
f 1228/1228/1228 389/389/389 1230/1230/1230
f 1231/1231/1231 1228/1228/1228 1230/1230/1230
f 1231/1231/1231 1230/1230/1230 1232/1232/1232
f 1233/1233/1233 1231/1231/1231 1232/1232/1232
f 1233/1233/1233 1232/1232/1232 1234/1234/1234
f 1235/1235/1235 1233/1233/1233 1234/1234/1234
f 1235/1235/1235 1234/1234/1234 1236/1236/1236
f 1236/1236/1236 1237/1237/1237 1238/1238/1238
f 1236/1236/1236 1238/1238/1238 1235/1235/1235
f 1229/1229/1229 1227/1227/1227 387/387/387
f 1229/1229/1229 387/387/387 389/389/389
f 1239/1239/1239 388/388/388 387/387/387
f 1239/1239/1239 387/387/387 1226/1226/1226
f 1240/1240/1240 388/388/388 1239/1239/1239
f 1240/1240/1240 1239/1239/1239 1241/1241/1241
f 1242/1242/1242 392/392/392 1240/1240/1240
f 1242/1242/1242 1240/1240/1240 1241/1241/1241
f 1243/1243/1243 390/390/390 392/392/392
f 1243/1243/1243 392/392/392 1242/1242/1242
f 391/391/391 1171/1171/1171 1244/1244/1244
f 391/391/391 1244/1244/1244 392/392/392
f 1245/1245/1245 389/389/389 388/388/388
f 1245/1245/1245 388/388/388 1240/1240/1240
f 1244/1244/1244 1245/1245/1245 1240/1240/1240
f 1244/1244/1244 1240/1240/1240 392/392/392
f 398/398/398 397/397/397 1246/1246/1246
f 398/398/398 1246/1246/1246 1247/1247/1247
f 1248/1248/1248 1247/1247/1247 1246/1246/1246
f 1248/1248/1248 1246/1246/1246 1249/1249/1249
f 395/395/395 1248/1248/1248 1249/1249/1249
f 395/395/395 1249/1249/1249 393/393/393
f 1250/1250/1250 1251/1251/1251 394/394/394
f 1250/1250/1250 394/394/394 393/393/393
f 396/396/396 1252/1252/1252 1253/1253/1253
f 396/396/396 1253/1253/1253 397/397/397
f 397/397/397 1253/1253/1253 1254/1254/1254
f 397/397/397 1254/1254/1254 1246/1246/1246
f 1254/1254/1254 1255/1255/1255 1249/1249/1249
f 1254/1254/1254 1249/1249/1249 1246/1246/1246
f 1255/1255/1255 1250/1250/1250 393/393/393
f 1255/1255/1255 393/393/393 1249/1249/1249
f 1256/1256/1256 1257/1257/1257 1251/1251/1251
f 1256/1256/1256 1251/1251/1251 1250/1250/1250
f 1252/1252/1252 1258/1258/1258 399/399/399
f 1252/1252/1252 399/399/399 1253/1253/1253
f 1259/1259/1259 1254/1254/1254 1253/1253/1253
f 1259/1259/1259 1253/1253/1253 399/399/399
f 1259/1259/1259 1260/1260/1260 1255/1255/1255
f 1259/1259/1259 1255/1255/1255 1254/1254/1254
f 1260/1260/1260 1256/1256/1256 1250/1250/1250
f 1260/1260/1260 1250/1250/1250 1255/1255/1255
f 1261/1261/1261 1262/1262/1262 1257/1257/1257
f 1261/1261/1261 1257/1257/1257 1256/1256/1256
f 1263/1263/1263 1261/1261/1261 1256/1256/1256
f 1263/1263/1263 1256/1256/1256 1260/1260/1260
f 1264/1264/1264 1263/1263/1263 1260/1260/1260
f 1264/1264/1264 1260/1260/1260 1259/1259/1259
f 401/401/401 1264/1264/1264 1259/1259/1259
f 401/401/401 1259/1259/1259 399/399/399
f 400/400/400 399/399/399 1258/1258/1258
f 400/400/400 1258/1258/1258 1265/1265/1265
f 1266/1266/1266 400/400/400 1265/1265/1265
f 1266/1266/1266 1265/1265/1265 1267/1267/1267
f 1268/1268/1268 1266/1266/1266 1267/1267/1267
f 1268/1268/1268 1267/1267/1267 1269/1269/1269
f 1270/1270/1270 401/401/401 400/400/400
f 1270/1270/1270 400/400/400 1266/1266/1266
f 1266/1266/1266 1268/1268/1268 1271/1271/1271
f 1266/1266/1266 1271/1271/1271 1270/1270/1270
f 1270/1270/1270 1272/1272/1272 1264/1264/1264
f 1270/1270/1270 1264/1264/1264 401/401/401
f 1270/1270/1270 1271/1271/1271 1273/1273/1273
f 1270/1270/1270 1273/1273/1273 1272/1272/1272
f 1263/1263/1263 1264/1264/1264 1272/1272/1272
f 1263/1263/1263 1272/1272/1272 1274/1274/1274
f 1274/1274/1274 1272/1272/1272 1273/1273/1273
f 1274/1274/1274 1273/1273/1273 1275/1275/1275
f 406/406/406 1276/1276/1276 1262/1262/1262
f 406/406/406 1262/1262/1262 1261/1261/1261
f 1276/1276/1276 406/406/406 405/405/405
f 1276/1276/1276 405/405/405 1277/1277/1277
f 1274/1274/1274 406/406/406 1261/1261/1261
f 1274/1274/1274 1261/1261/1261 1263/1263/1263
f 1169/1169/1169 472/472/472 1278/1278/1278
f 1169/1169/1169 1278/1278/1278 1168/1168/1168
f 472/472/472 1169/1169/1169 1196/1196/1196
f 472/472/472 1196/1196/1196 470/470/470
f 1194/1194/1194 402/402/402 404/404/404
f 1194/1194/1194 404/404/404 1279/1279/1279
f 404/404/404 1280/1280/1280 1281/1281/1281
f 404/404/404 1281/1281/1281 1279/1279/1279
f 517/517/517 518/518/518 1187/1187/1187
f 517/517/517 1187/1187/1187 1282/1282/1282
f 403/403/403 1201/1201/1201 1280/1280/1280
f 403/403/403 1280/1280/1280 404/404/404
f 1283/1283/1283 1268/1268/1268 1269/1269/1269
f 1283/1283/1283 1269/1269/1269 1284/1284/1284
f 1268/1268/1268 1283/1283/1283 1285/1285/1285
f 1268/1268/1268 1285/1285/1285 1271/1271/1271
f 1286/1286/1286 1287/1287/1287 1283/1283/1283
f 1286/1286/1286 1283/1283/1283 1284/1284/1284
f 1271/1271/1271 1285/1285/1285 1288/1288/1288
f 1271/1271/1271 1288/1288/1288 1273/1273/1273
f 1289/1289/1289 1290/1290/1290 1288/1288/1288
f 1289/1289/1289 1288/1288/1288 1285/1285/1285
f 1288/1288/1288 1291/1291/1291 1275/1275/1275
f 1288/1288/1288 1275/1275/1275 1273/1273/1273
f 1277/1277/1277 405/405/405 409/409/409
f 1277/1277/1277 409/409/409 1292/1292/1292
f 411/411/411 1293/1293/1293 1292/1292/1292
f 411/411/411 1292/1292/1292 409/409/409
f 1293/1293/1293 411/411/411 1294/1294/1294
f 1293/1293/1293 1294/1294/1294 1295/1295/1295
f 1291/1291/1291 1288/1288/1288 1290/1290/1290
f 1291/1291/1291 1290/1290/1290 1296/1296/1296
f 1297/1297/1297 1298/1298/1298 1295/1295/1295
f 1297/1297/1297 1295/1295/1295 1294/1294/1294
f 1299/1299/1299 1300/1300/1300 1298/1298/1298
f 1299/1299/1299 1298/1298/1298 1297/1297/1297
f 1301/1301/1301 1302/1302/1302 1303/1303/1303
f 1301/1301/1301 1303/1303/1303 1304/1304/1304
f 1305/1305/1305 1306/1306/1306 1304/1304/1304
f 1305/1305/1305 1304/1304/1304 1303/1303/1303
f 1306/1306/1306 1305/1305/1305 1286/1286/1286
f 1306/1306/1306 1286/1286/1286 1284/1284/1284
f 1307/1307/1307 1286/1286/1286 1305/1305/1305
f 1307/1307/1307 1305/1305/1305 1308/1308/1308
f 1307/1307/1307 1309/1309/1309 1287/1287/1287
f 1307/1307/1307 1287/1287/1287 1286/1286/1286
f 1309/1309/1309 1310/1310/1310 1289/1289/1289
f 1309/1309/1309 1289/1289/1289 1287/1287/1287
f 1290/1290/1290 1289/1289/1289 1310/1310/1310
f 1290/1290/1290 1310/1310/1310 1311/1311/1311
f 1311/1311/1311 1312/1312/1312 1296/1296/1296
f 1311/1311/1311 1296/1296/1296 1290/1290/1290
f 407/407/407 406/406/406 1274/1274/1274
f 407/407/407 1274/1274/1274 1275/1275/1275
f 1291/1291/1291 1313/1313/1313 407/407/407
f 1291/1291/1291 407/407/407 1275/1275/1275
f 1313/1313/1313 1291/1291/1291 1296/1296/1296
f 1313/1313/1313 1296/1296/1296 1314/1314/1314
f 1314/1314/1314 1296/1296/1296 1312/1312/1312
f 1314/1314/1314 1312/1312/1312 1315/1315/1315
f 405/405/405 407/407/407 1313/1313/1313
f 405/405/405 1313/1313/1313 408/408/408
f 408/408/408 1313/1313/1313 1314/1314/1314
f 408/408/408 1314/1314/1314 1316/1316/1316
f 1316/1316/1316 1314/1314/1314 1315/1315/1315
f 1316/1316/1316 1315/1315/1315 1317/1317/1317
f 1316/1316/1316 410/410/410 409/409/409
f 1316/1316/1316 409/409/409 408/408/408
f 411/411/411 410/410/410 413/413/413
f 411/411/411 413/413/413 1294/1294/1294
f 1317/1317/1317 412/412/412 410/410/410
f 1317/1317/1317 410/410/410 1316/1316/1316
f 1294/1294/1294 413/413/413 1318/1318/1318
f 1294/1294/1294 1318/1318/1318 1297/1297/1297
f 1297/1297/1297 1318/1318/1318 1319/1319/1319
f 1297/1297/1297 1319/1319/1319 1299/1299/1299
f 1302/1302/1302 1320/1320/1320 1321/1321/1321
f 1302/1302/1302 1321/1321/1321 1303/1303/1303
f 1303/1303/1303 1321/1321/1321 1308/1308/1308
f 1303/1303/1303 1308/1308/1308 1305/1305/1305
f 415/415/415 414/414/414 1225/1225/1225
f 415/415/415 1225/1225/1225 1322/1322/1322
f 1323/1323/1323 1324/1324/1324 1325/1325/1325
f 1323/1323/1323 1325/1325/1325 1326/1326/1326
f 1323/1323/1323 1327/1327/1327 1328/1328/1328
f 1323/1323/1323 1328/1328/1328 1324/1324/1324
f 1322/1322/1322 1328/1328/1328 1327/1327/1327
f 1322/1322/1322 1327/1327/1327 415/415/415
f 1218/1218/1218 416/416/416 415/415/415
f 1218/1218/1218 415/415/415 1327/1327/1327
f 1329/1329/1329 1217/1217/1217 1218/1218/1218
f 1329/1329/1329 1218/1218/1218 1327/1327/1327
f 1326/1326/1326 1330/1330/1330 1331/1331/1331
f 1326/1326/1326 1331/1331/1331 1323/1323/1323
f 1323/1323/1323 1331/1331/1331 1329/1329/1329
f 1323/1323/1323 1329/1329/1329 1327/1327/1327
f 507/507/507 1215/1215/1215 1217/1217/1217
f 507/507/507 1217/1217/1217 1329/1329/1329
f 1330/1330/1330 1332/1332/1332 508/508/508
f 1330/1330/1330 508/508/508 1331/1331/1331
f 1331/1331/1331 508/508/508 507/507/507
f 1331/1331/1331 507/507/507 1329/1329/1329
f 1215/1215/1215 507/507/507 506/506/506
f 1215/1215/1215 506/506/506 1213/1213/1213
f 1333/1333/1333 506/506/506 508/508/508
f 1333/1333/1333 508/508/508 1332/1332/1332
f 1334/1334/1334 1335/1335/1335 506/506/506
f 1334/1334/1334 506/506/506 1333/1333/1333
f 1213/1213/1213 506/506/506 1335/1335/1335
f 1213/1213/1213 1335/1335/1335 1211/1211/1211
f 1336/1336/1336 1337/1337/1337 1335/1335/1335
f 1336/1336/1336 1335/1335/1335 1334/1334/1334
f 1337/1337/1337 1208/1208/1208 1211/1211/1211
f 1337/1337/1337 1211/1211/1211 1335/1335/1335
f 1338/1338/1338 1339/1339/1339 1337/1337/1337
f 1338/1338/1338 1337/1337/1337 1336/1336/1336
f 1208/1208/1208 1337/1337/1337 1339/1339/1339
f 1208/1208/1208 1339/1339/1339 1207/1207/1207
f 1339/1339/1339 1338/1338/1338 1340/1340/1340
f 1339/1339/1339 1340/1340/1340 1341/1341/1341
f 1341/1341/1341 1205/1205/1205 1207/1207/1207
f 1341/1341/1341 1207/1207/1207 1339/1339/1339
f 1205/1205/1205 1341/1341/1341 417/417/417
f 1205/1205/1205 417/417/417 1202/1202/1202
f 1342/1342/1342 417/417/417 1341/1341/1341
f 1342/1342/1342 1341/1341/1341 1340/1340/1340
f 419/419/419 1201/1201/1201 1202/1202/1202
f 419/419/419 1202/1202/1202 417/417/417
f 419/419/419 1343/1343/1343 1280/1280/1280
f 419/419/419 1280/1280/1280 1201/1201/1201
f 418/418/418 417/417/417 1342/1342/1342
f 418/418/418 1342/1342/1342 1344/1344/1344
f 1345/1345/1345 1343/1343/1343 419/419/419
f 1345/1345/1345 419/419/419 418/418/418
f 1346/1346/1346 1345/1345/1345 418/418/418
f 1346/1346/1346 418/418/418 1344/1344/1344
f 1280/1280/1280 1343/1343/1343 1347/1347/1347
f 1280/1280/1280 1347/1347/1347 1281/1281/1281
f 1347/1347/1347 1343/1343/1343 1348/1348/1348
f 1347/1347/1347 1348/1348/1348 1349/1349/1349
f 1345/1345/1345 1346/1346/1346 1350/1350/1350
f 1345/1345/1345 1350/1350/1350 1351/1351/1351
f 1345/1345/1345 1351/1351/1351 1348/1348/1348
f 1345/1345/1345 1348/1348/1348 1343/1343/1343
f 1350/1350/1350 1352/1352/1352 1353/1353/1353
f 1350/1350/1350 1353/1353/1353 1351/1351/1351
f 1354/1354/1354 1355/1355/1355 1349/1349/1349
f 1354/1354/1354 1349/1349/1349 1348/1348/1348
f 1348/1348/1348 1351/1351/1351 1353/1353/1353
f 1348/1348/1348 1353/1353/1353 1354/1354/1354
f 468/468/468 509/509/509 1196/1196/1196
f 468/468/468 1196/1196/1196 1180/1180/1180
f 470/470/470 1196/1196/1196 509/509/509
f 470/470/470 509/509/509 1356/1356/1356
f 1357/1357/1357 1358/1358/1358 1359/1359/1359
f 1357/1357/1357 1359/1359/1359 1360/1360/1360
f 1361/1361/1361 1362/1362/1362 1360/1360/1360
f 1361/1361/1361 1360/1360/1360 1359/1359/1359
f 1362/1362/1362 1361/1361/1361 421/421/421
f 1362/1362/1362 421/421/421 1363/1363/1363
f 1364/1364/1364 1363/1363/1363 421/421/421
f 1364/1364/1364 421/421/421 420/420/420
f 1358/1358/1358 1357/1357/1357 1365/1365/1365
f 1358/1358/1358 1365/1365/1365 1366/1366/1366
f 1366/1366/1366 1365/1365/1365 1367/1367/1367
f 1366/1366/1366 1367/1367/1367 1368/1368/1368
f 1369/1369/1369 1370/1370/1370 1368/1368/1368
f 1369/1369/1369 1368/1368/1368 1367/1367/1367
f 1370/1370/1370 1369/1369/1369 524/524/524
f 1370/1370/1370 524/524/524 1371/1371/1371
f 420/420/420 1372/1372/1372 1373/1373/1373
f 420/420/420 1373/1373/1373 1364/1364/1364
f 1361/1361/1361 1359/1359/1359 1374/1374/1374
f 1361/1361/1361 1374/1374/1374 1375/1375/1375
f 421/421/421 1361/1361/1361 1375/1375/1375
f 421/421/421 1375/1375/1375 422/422/422
f 1358/1358/1358 1376/1376/1376 1374/1374/1374
f 1358/1358/1358 1374/1374/1374 1359/1359/1359
f 1366/1366/1366 1377/1377/1377 1376/1376/1376
f 1366/1366/1366 1376/1376/1376 1358/1358/1358
f 1367/1367/1367 1365/1365/1365 1378/1378/1378
f 1367/1367/1367 1378/1378/1378 1379/1379/1379
f 1380/1380/1380 1378/1378/1378 1365/1365/1365
f 1380/1380/1380 1365/1365/1365 1357/1357/1357
f 1357/1357/1357 1360/1360/1360 1381/1381/1381
f 1357/1357/1357 1381/1381/1381 1380/1380/1380
f 1362/1362/1362 1382/1382/1382 1381/1381/1381
f 1362/1362/1362 1381/1381/1381 1360/1360/1360
f 426/426/426 1369/1369/1369 1367/1367/1367
f 426/426/426 1367/1367/1367 1379/1379/1379
f 1382/1382/1382 1362/1362/1362 1363/1363/1363
f 1382/1382/1382 1363/1363/1363 1383/1383/1383
f 1383/1383/1383 1363/1363/1363 1364/1364/1364
f 1383/1383/1383 1364/1364/1364 1384/1384/1384
f 1385/1385/1385 1384/1384/1384 1364/1364/1364
f 1385/1385/1385 1364/1364/1364 1373/1373/1373
f 1384/1384/1384 431/431/431 1386/1386/1386
f 1384/1384/1384 1386/1386/1386 1383/1383/1383
f 1385/1385/1385 429/429/429 431/431/431
f 1385/1385/1385 431/431/431 1384/1384/1384
f 1383/1383/1383 1386/1386/1386 423/423/423
f 1383/1383/1383 423/423/423 1382/1382/1382
f 1382/1382/1382 423/423/423 425/425/425
f 1382/1382/1382 425/425/425 1381/1381/1381
f 1380/1380/1380 1381/1381/1381 425/425/425
f 1380/1380/1380 425/425/425 1387/1387/1387
f 1378/1378/1378 1380/1380/1380 1387/1387/1387
f 1378/1378/1378 1387/1387/1387 1388/1388/1388
f 1388/1388/1388 1389/1389/1389 1379/1379/1379
f 1388/1388/1388 1379/1379/1379 1378/1378/1378
f 1390/1390/1390 1391/1391/1391 429/429/429
f 1390/1390/1390 429/429/429 1385/1385/1385
f 1373/1373/1373 1392/1392/1392 1390/1390/1390
f 1373/1373/1373 1390/1390/1390 1385/1385/1385
f 1392/1392/1392 1373/1373/1373 1372/1372/1372
f 1392/1392/1392 1372/1372/1372 1393/1393/1393
f 550/550/550 1391/1391/1391 1390/1390/1390
f 550/550/550 1390/1390/1390 551/551/551
f 551/551/551 1390/1390/1390 1392/1392/1392
f 551/551/551 1392/1392/1392 1394/1394/1394
f 1392/1392/1392 1393/1393/1393 1395/1395/1395
f 1392/1392/1392 1395/1395/1395 1394/1394/1394
f 494/494/494 1387/1387/1387 425/425/425
f 494/494/494 425/425/425 424/424/424
f 494/494/494 532/532/532 1388/1388/1388
f 494/494/494 1388/1388/1388 1387/1387/1387
f 1389/1389/1389 1388/1388/1388 532/532/532
f 1389/1389/1389 532/532/532 536/536/536
f 1391/1391/1391 530/530/530 430/430/430
f 1391/1391/1391 430/430/430 429/429/429
f 530/530/530 1391/1391/1391 550/550/550
f 530/530/530 550/550/550 537/537/537
f 1389/1389/1389 427/427/427 426/426/426
f 1389/1389/1389 426/426/426 1379/1379/1379
f 536/536/536 535/535/535 427/427/427
f 536/536/536 427/427/427 1389/1389/1389
f 428/428/428 524/524/524 1369/1369/1369
f 428/428/428 1369/1369/1369 426/426/426
f 427/427/427 535/535/535 534/534/534
f 427/427/427 534/534/534 428/428/428
f 1396/1396/1396 1397/1397/1397 1398/1398/1398
f 1396/1396/1396 1398/1398/1398 1399/1399/1399
f 1400/1400/1400 1401/1401/1401 1399/1399/1399
f 1400/1400/1400 1399/1399/1399 1398/1398/1398
f 1402/1402/1402 1401/1401/1401 1400/1400/1400
f 1402/1402/1402 1400/1400/1400 1403/1403/1403
f 1404/1404/1404 1402/1402/1402 1403/1403/1403
f 1404/1404/1404 1403/1403/1403 1405/1405/1405
f 1405/1405/1405 1393/1393/1393 1406/1406/1406
f 1405/1405/1405 1406/1406/1406 1404/1404/1404
f 492/492/492 424/424/424 423/423/423
f 492/492/492 423/423/423 1386/1386/1386
f 492/492/492 1386/1386/1386 431/431/431
f 492/492/492 431/431/431 430/430/430
f 1245/1245/1245 1407/1407/1407 1230/1230/1230
f 1245/1245/1245 1230/1230/1230 389/389/389
f 1408/1408/1408 1237/1237/1237 1236/1236/1236
f 1408/1408/1408 1236/1236/1236 1409/1409/1409
f 1410/1410/1410 1409/1409/1409 1236/1236/1236
f 1410/1410/1410 1236/1236/1236 1234/1234/1234
f 1234/1234/1234 1232/1232/1232 1411/1411/1411
f 1234/1234/1234 1411/1411/1411 1410/1410/1410
f 1407/1407/1407 1411/1411/1411 1232/1232/1232
f 1407/1407/1407 1232/1232/1232 1230/1230/1230
f 1409/1409/1409 1412/1412/1412 1413/1413/1413
f 1409/1409/1409 1413/1413/1413 1408/1408/1408
f 1414/1414/1414 1412/1412/1412 1409/1409/1409
f 1414/1414/1414 1409/1409/1409 1410/1410/1410
f 1410/1410/1410 1411/1411/1411 1415/1415/1415
f 1410/1410/1410 1415/1415/1415 1414/1414/1414
f 1411/1411/1411 1407/1407/1407 1416/1416/1416
f 1411/1411/1411 1416/1416/1416 1415/1415/1415
f 1244/1244/1244 1416/1416/1416 1407/1407/1407
f 1244/1244/1244 1407/1407/1407 1245/1245/1245
f 1416/1416/1416 1244/1244/1244 1171/1171/1171
f 1416/1416/1416 1171/1171/1171 1417/1417/1417
f 1415/1415/1415 1416/1416/1416 1417/1417/1417
f 1415/1415/1415 1417/1417/1417 1418/1418/1418
f 1418/1418/1418 1419/1419/1419 1414/1414/1414
f 1418/1418/1418 1414/1414/1414 1415/1415/1415
f 1420/1420/1420 1412/1412/1412 1414/1414/1414
f 1420/1420/1420 1414/1414/1414 1419/1419/1419
f 1412/1412/1412 1420/1420/1420 1421/1421/1421
f 1412/1412/1412 1421/1421/1421 1413/1413/1413
f 1421/1421/1421 1420/1420/1420 1422/1422/1422
f 1421/1421/1421 1422/1422/1422 1423/1423/1423
f 1420/1420/1420 1419/1419/1419 1424/1424/1424
f 1420/1420/1420 1424/1424/1424 1422/1422/1422
f 1419/1419/1419 1418/1418/1418 1425/1425/1425
f 1419/1419/1419 1425/1425/1425 1424/1424/1424
f 1426/1426/1426 1425/1425/1425 1418/1418/1418
f 1426/1426/1426 1418/1418/1418 1417/1417/1417
f 1417/1417/1417 1171/1171/1171 1170/1170/1170
f 1417/1417/1417 1170/1170/1170 1426/1426/1426
f 1427/1427/1427 1428/1428/1428 1423/1423/1423
f 1427/1427/1427 1423/1423/1423 1422/1422/1422
f 1429/1429/1429 1427/1427/1427 1422/1422/1422
f 1429/1429/1429 1422/1422/1422 1424/1424/1424
f 1424/1424/1424 1425/1425/1425 1430/1430/1430
f 1424/1424/1424 1430/1430/1430 1429/1429/1429
f 1431/1431/1431 1430/1430/1430 1425/1425/1425
f 1431/1431/1431 1425/1425/1425 1426/1426/1426
f 1426/1426/1426 1170/1170/1170 591/591/591
f 1426/1426/1426 591/591/591 1431/1431/1431
f 1428/1428/1428 1427/1427/1427 1432/1432/1432
f 1428/1428/1428 1432/1432/1432 1433/1433/1433
f 1434/1434/1434 1432/1432/1432 1427/1427/1427
f 1434/1434/1434 1427/1427/1427 1429/1429/1429
f 1429/1429/1429 1430/1430/1430 1435/1435/1435
f 1429/1429/1429 1435/1435/1435 1434/1434/1434
f 1436/1436/1436 1435/1435/1435 1430/1430/1430
f 1436/1436/1436 1430/1430/1430 1431/1431/1431
f 1431/1431/1431 591/591/591 386/386/386
f 1431/1431/1431 386/386/386 1436/1436/1436
f 1434/1434/1434 1435/1435/1435 1437/1437/1437
f 1434/1434/1434 1437/1437/1437 1438/1438/1438
f 475/475/475 1437/1437/1437 1435/1435/1435
f 475/475/475 1435/1435/1435 1436/1436/1436
f 473/473/473 475/475/475 1436/1436/1436
f 473/473/473 1436/1436/1436 386/386/386
f 1439/1439/1439 1440/1440/1440 1441/1441/1441
f 1439/1439/1439 1441/1441/1441 1442/1442/1442
f 1443/1443/1443 1444/1444/1444 1440/1440/1440
f 1443/1443/1443 1440/1440/1440 1439/1439/1439
f 1445/1445/1445 1444/1444/1444 1443/1443/1443
f 1445/1445/1445 1443/1443/1443 1446/1446/1446
f 1447/1447/1447 1445/1445/1445 1446/1446/1446
f 1447/1447/1447 1446/1446/1446 1448/1448/1448
f 1449/1449/1449 1447/1447/1447 1448/1448/1448
f 1449/1449/1449 1448/1448/1448 1450/1450/1450
f 1450/1450/1450 1451/1451/1451 1452/1452/1452
f 1450/1450/1450 1452/1452/1452 1449/1449/1449
f 1451/1451/1451 1453/1453/1453 1454/1454/1454
f 1451/1451/1451 1454/1454/1454 1452/1452/1452
f 1455/1455/1455 1456/1456/1456 1454/1454/1454
f 1455/1455/1455 1454/1454/1454 1453/1453/1453
f 1457/1457/1457 1458/1458/1458 1445/1445/1445
f 1457/1457/1457 1445/1445/1445 1447/1447/1447
f 1447/1447/1447 1449/1449/1449 1459/1459/1459
f 1447/1447/1447 1459/1459/1459 1457/1457/1457
f 1460/1460/1460 1459/1459/1459 1449/1449/1449
f 1460/1460/1460 1449/1449/1449 1452/1452/1452
f 1452/1452/1452 1454/1454/1454 1461/1461/1461
f 1452/1452/1452 1461/1461/1461 1460/1460/1460
f 1461/1461/1461 1454/1454/1454 1456/1456/1456
f 1461/1461/1461 1456/1456/1456 1462/1462/1462
f 1445/1445/1445 1458/1458/1458 1463/1463/1463
f 1445/1445/1445 1463/1463/1463 1444/1444/1444
f 1444/1444/1444 1463/1463/1463 432/432/432
f 1444/1444/1444 432/432/432 1440/1440/1440
f 1464/1464/1464 1441/1441/1441 1440/1440/1440
f 1464/1464/1464 1440/1440/1440 432/432/432
f 1464/1464/1464 432/432/432 434/434/434
f 1464/1464/1464 434/434/434 1465/1465/1465
f 433/433/433 432/432/432 1463/1463/1463
f 433/433/433 1463/1463/1463 1466/1466/1466
f 1466/1466/1466 1463/1463/1463 1458/1458/1458
f 1466/1466/1466 1458/1458/1458 1467/1467/1467
f 1457/1457/1457 1468/1468/1468 1467/1467/1467
f 1457/1457/1457 1467/1467/1467 1458/1458/1458
f 1468/1468/1468 1457/1457/1457 1459/1459/1459
f 1468/1468/1468 1459/1459/1459 1469/1469/1469
f 1470/1470/1470 1469/1469/1469 1459/1459/1459
f 1470/1470/1470 1459/1459/1459 1460/1460/1460
f 1460/1460/1460 1461/1461/1461 1471/1471/1471
f 1460/1460/1460 1471/1471/1471 1470/1470/1470
f 1462/1462/1462 1472/1472/1472 1471/1471/1471
f 1462/1462/1462 1471/1471/1471 1461/1461/1461
f 1473/1473/1473 1474/1474/1474 1471/1471/1471
f 1473/1473/1473 1471/1471/1471 1472/1472/1472
f 1474/1474/1474 1475/1475/1475 1470/1470/1470
f 1474/1474/1474 1470/1470/1470 1471/1471/1471
f 1476/1476/1476 1469/1469/1469 1470/1470/1470
f 1476/1476/1476 1470/1470/1470 1475/1475/1475
f 1469/1469/1469 1476/1476/1476 1477/1477/1477
f 1469/1469/1469 1477/1477/1477 1468/1468/1468
f 440/440/440 1477/1477/1477 1476/1476/1476
f 440/440/440 1476/1476/1476 511/511/511
f 1478/1478/1478 511/511/511 1476/1476/1476
f 1478/1478/1478 1476/1476/1476 1475/1475/1475
f 1479/1479/1479 1478/1478/1478 1475/1475/1475
f 1479/1479/1479 1475/1475/1475 1474/1474/1474
f 1474/1474/1474 1473/1473/1473 1480/1480/1480
f 1474/1474/1474 1480/1480/1480 1479/1479/1479
f 1468/1468/1468 1477/1477/1477 437/437/437
f 1468/1468/1468 437/437/437 1467/1467/1467
f 435/435/435 437/437/437 1477/1477/1477
f 435/435/435 1477/1477/1477 440/440/440
f 436/436/436 1466/1466/1466 1467/1467/1467
f 436/436/436 1467/1467/1467 437/437/437
f 434/434/434 457/457/457 1481/1481/1481
f 434/434/434 1481/1481/1481 1465/1465/1465
f 457/457/457 434/434/434 433/433/433
f 457/457/457 433/433/433 442/442/442
f 1466/1466/1466 436/436/436 442/442/442
f 1466/1466/1466 442/442/442 433/433/433
f 1479/1479/1479 1480/1480/1480 1482/1482/1482
f 1479/1479/1479 1482/1482/1482 1483/1483/1483
f 1483/1483/1483 1482/1482/1482 1484/1484/1484
f 1483/1483/1483 1484/1484/1484 1485/1485/1485
f 1484/1484/1484 1486/1486/1486 1487/1487/1487
f 1484/1484/1484 1487/1487/1487 1485/1485/1485
f 1488/1488/1488 1487/1487/1487 1486/1486/1486
f 1488/1488/1488 1486/1486/1486 1489/1489/1489
f 1483/1483/1483 1490/1490/1490 1478/1478/1478
f 1483/1483/1483 1478/1478/1478 1479/1479/1479
f 1490/1490/1490 510/510/510 511/511/511
f 1490/1490/1490 511/511/511 1478/1478/1478
f 1490/1490/1490 1483/1483/1483 1485/1485/1485
f 1490/1490/1490 1485/1485/1485 1491/1491/1491
f 1491/1491/1491 1492/1492/1492 510/510/510
f 1491/1491/1491 510/510/510 1490/1490/1490
f 1491/1491/1491 1485/1485/1485 1487/1487/1487
f 1491/1491/1491 1487/1487/1487 1493/1493/1493
f 1492/1492/1492 1491/1491/1491 1493/1493/1493
f 1492/1492/1492 1493/1493/1493 1494/1494/1494
f 1488/1488/1488 1495/1495/1495 1493/1493/1493
f 1488/1488/1488 1493/1493/1493 1487/1487/1487
f 1494/1494/1494 1493/1493/1493 1495/1495/1495
f 1494/1494/1494 1495/1495/1495 1496/1496/1496
f 1492/1492/1492 439/439/439 440/440/440
f 1492/1492/1492 440/440/440 510/510/510
f 435/435/435 439/439/439 1497/1497/1497
f 435/435/435 1497/1497/1497 438/438/438
f 1494/1494/1494 1497/1497/1497 439/439/439
f 1494/1494/1494 439/439/439 1492/1492/1492
f 1496/1496/1496 1498/1498/1498 1497/1497/1497
f 1496/1496/1496 1497/1497/1497 1494/1494/1494
f 1498/1498/1498 1499/1499/1499 438/438/438
f 1498/1498/1498 438/438/438 1497/1497/1497
f 1499/1499/1499 441/441/441 436/436/436
f 1499/1499/1499 436/436/436 438/438/438
f 1500/1500/1500 1501/1501/1501 1488/1488/1488
f 1500/1500/1500 1488/1488/1488 1489/1489/1489
f 1495/1495/1495 1488/1488/1488 1501/1501/1501
f 1495/1495/1495 1501/1501/1501 1502/1502/1502
f 1496/1496/1496 1495/1495/1495 1502/1502/1502
f 1496/1496/1496 1502/1502/1502 1503/1503/1503
f 1503/1503/1503 1504/1504/1504 1498/1498/1498
f 1503/1503/1503 1498/1498/1498 1496/1496/1496
f 1504/1504/1504 1505/1505/1505 1499/1499/1499
f 1504/1504/1504 1499/1499/1499 1498/1498/1498
f 1505/1505/1505 1506/1506/1506 441/441/441
f 1505/1505/1505 441/441/441 1499/1499/1499
f 441/441/441 1506/1506/1506 462/462/462
f 441/441/441 462/462/462 442/442/442
f 1501/1501/1501 1500/1500/1500 1507/1507/1507
f 1501/1501/1501 1507/1507/1507 1508/1508/1508
f 1508/1508/1508 595/595/595 1502/1502/1502
f 1508/1508/1508 1502/1502/1502 1501/1501/1501
f 1503/1503/1503 1502/1502/1502 595/595/595
f 1503/1503/1503 595/595/595 445/445/445
f 445/445/445 446/446/446 1504/1504/1504
f 445/445/445 1504/1504/1504 1503/1503/1503
f 1507/1507/1507 1509/1509/1509 1510/1510/1510
f 1507/1507/1507 1510/1510/1510 1508/1508/1508
f 595/595/595 1508/1508/1508 1510/1510/1510
f 595/595/595 1510/1510/1510 443/443/443
f 1505/1505/1505 1504/1504/1504 446/446/446
f 1505/1505/1505 446/446/446 1511/1511/1511
f 1506/1506/1506 1505/1505/1505 1511/1511/1511
f 1506/1506/1506 1511/1511/1511 1512/1512/1512
f 1511/1511/1511 446/446/446 444/444/444
f 1511/1511/1511 444/444/444 1513/1513/1513
f 1513/1513/1513 1514/1514/1514 1512/1512/1512
f 1513/1513/1513 1512/1512/1512 1511/1511/1511
f 1510/1510/1510 1509/1509/1509 1515/1515/1515
f 1510/1510/1510 1515/1515/1515 1516/1516/1516
f 443/443/443 1510/1510/1510 1516/1516/1516
f 443/443/443 1516/1516/1516 594/594/594
f 1517/1517/1517 1518/1518/1518 1516/1516/1516
f 1517/1517/1517 1516/1516/1516 1515/1515/1515
f 1516/1516/1516 1518/1518/1518 1519/1519/1519
f 1516/1516/1516 1519/1519/1519 594/594/594
f 1518/1518/1518 1520/1520/1520 1521/1521/1521
f 1518/1518/1518 1521/1521/1521 1519/1519/1519
f 1522/1522/1522 1520/1520/1520 1518/1518/1518
f 1522/1522/1522 1518/1518/1518 1517/1517/1517
f 1523/1523/1523 447/447/447 594/594/594
f 1523/1523/1523 594/594/594 1519/1519/1519
f 1524/1524/1524 1523/1523/1523 1519/1519/1519
f 1524/1524/1524 1519/1519/1519 1521/1521/1521
f 1514/1514/1514 1513/1513/1513 1523/1523/1523
f 1514/1514/1514 1523/1523/1523 1524/1524/1524
f 447/447/447 1523/1523/1523 1513/1513/1513
f 447/447/447 1513/1513/1513 444/444/444
f 1520/1520/1520 1522/1522/1522 1525/1525/1525
f 1520/1520/1520 1525/1525/1525 1526/1526/1526
f 1526/1526/1526 513/513/513 1521/1521/1521
f 1526/1526/1526 1521/1521/1521 1520/1520/1520
f 1521/1521/1521 513/513/513 512/512/512
f 1521/1521/1521 512/512/512 1524/1524/1524
f 1524/1524/1524 512/512/512 1527/1527/1527
f 1524/1524/1524 1527/1527/1527 1514/1514/1514
f 1528/1528/1528 1512/1512/1512 1514/1514/1514
f 1528/1528/1528 1514/1514/1514 1527/1527/1527
f 1528/1528/1528 462/462/462 1506/1506/1506
f 1528/1528/1528 1506/1506/1506 1512/1512/1512
f 1529/1529/1529 451/451/451 448/448/448
f 1529/1529/1529 448/448/448 592/592/592
f 592/592/592 1530/1530/1530 1531/1531/1531
f 592/592/592 1531/1531/1531 1529/1529/1529
f 1526/1526/1526 1525/1525/1525 1531/1531/1531
f 1526/1526/1526 1531/1531/1531 1530/1530/1530
f 513/513/513 1526/1526/1526 1530/1530/1530
f 513/513/513 1530/1530/1530 453/453/453
f 1530/1530/1530 592/592/592 450/450/450
f 1530/1530/1530 450/450/450 453/453/453
f 512/512/512 453/453/453 454/454/454
f 512/512/512 454/454/454 1527/1527/1527
f 1532/1532/1532 1528/1528/1528 1527/1527/1527
f 1532/1532/1532 1527/1527/1527 454/454/454
f 455/455/455 1532/1532/1532 454/454/454
f 455/455/455 454/454/454 450/450/450
f 462/462/462 1528/1528/1528 1532/1532/1532
f 462/462/462 1532/1532/1532 456/456/456
f 455/455/455 458/458/458 456/456/456
f 455/455/455 456/456/456 1532/1532/1532
f 455/455/455 449/449/449 460/460/460
f 455/455/455 460/460/460 458/458/458
f 1481/1481/1481 457/457/457 458/458/458
f 1481/1481/1481 458/458/458 459/459/459
f 461/461/461 593/593/593 460/460/460
f 461/461/461 460/460/460 449/449/449
f 1533/1533/1533 465/465/465 464/464/464
f 1533/1533/1533 464/464/464 1197/1197/1197
f 1534/1534/1534 482/482/482 1535/1535/1535
f 1534/1534/1534 1535/1535/1535 1536/1536/1536
f 1356/1356/1356 509/509/509 482/482/482
f 1356/1356/1356 482/482/482 1534/1534/1534
f 1537/1537/1537 471/471/471 470/470/470
f 1537/1537/1537 470/470/470 1356/1356/1356
f 1534/1534/1534 1538/1538/1538 1537/1537/1537
f 1534/1534/1534 1537/1537/1537 1356/1356/1356
f 1432/1432/1432 1539/1539/1539 1540/1540/1540
f 1432/1432/1432 1540/1540/1540 1433/1433/1433
f 1438/1438/1438 1539/1539/1539 1432/1432/1432
f 1438/1438/1438 1432/1432/1432 1434/1434/1434
f 1541/1541/1541 1542/1542/1542 1539/1539/1539
f 1541/1541/1541 1539/1539/1539 1438/1438/1438
f 1543/1543/1543 1541/1541/1541 1438/1438/1438
f 1543/1543/1543 1438/1438/1438 1437/1437/1437
f 475/475/475 474/474/474 1543/1543/1543
f 475/475/475 1543/1543/1543 1437/1437/1437
f 1544/1544/1544 1278/1278/1278 472/472/472
f 1544/1544/1544 472/472/472 471/471/471
f 1545/1545/1545 1546/1546/1546 522/522/522
f 1545/1545/1545 522/522/522 1547/1547/1547
f 1547/1547/1547 1548/1548/1548 1549/1549/1549
f 1547/1547/1547 1549/1549/1549 1545/1545/1545
f 1550/1550/1550 1549/1549/1549 1548/1548/1548
f 1550/1550/1550 1548/1548/1548 1551/1551/1551
f 1552/1552/1552 1553/1553/1553 1550/1550/1550
f 1552/1552/1552 1550/1550/1550 1551/1551/1551
f 1553/1553/1553 1552/1552/1552 1554/1554/1554
f 1553/1553/1553 1554/1554/1554 1555/1555/1555
f 1555/1555/1555 1554/1554/1554 1556/1556/1556
f 1555/1555/1555 1556/1556/1556 1557/1557/1557
f 1557/1557/1557 1556/1556/1556 483/483/483
f 1557/1557/1557 483/483/483 1558/1558/1558
f 1558/1558/1558 483/483/483 1559/1559/1559
f 1558/1558/1558 1559/1559/1559 1560/1560/1560
f 1547/1547/1547 522/522/522 521/521/521
f 1547/1547/1547 521/521/521 1561/1561/1561
f 1542/1542/1542 1541/1541/1541 1561/1561/1561
f 1542/1542/1542 1561/1561/1561 521/521/521
f 1562/1562/1562 1548/1548/1548 1547/1547/1547
f 1562/1562/1562 1547/1547/1547 1561/1561/1561
f 1543/1543/1543 1562/1562/1562 1561/1561/1561
f 1543/1543/1543 1561/1561/1561 1541/1541/1541
f 1548/1548/1548 1562/1562/1562 1563/1563/1563
f 1548/1548/1548 1563/1563/1563 1551/1551/1551
f 1562/1562/1562 1543/1543/1543 474/474/474
f 1562/1562/1562 474/474/474 1563/1563/1563
f 1564/1564/1564 1552/1552/1552 1551/1551/1551
f 1564/1564/1564 1551/1551/1551 1563/1563/1563
f 1565/1565/1565 1544/1544/1544 471/471/471
f 1565/1565/1565 471/471/471 1566/1566/1566
f 1567/1567/1567 1554/1554/1554 1552/1552/1552
f 1567/1567/1567 1552/1552/1552 1564/1564/1564
f 1554/1554/1554 1567/1567/1567 481/481/481
f 1554/1554/1554 481/481/481 1556/1556/1556
f 1556/1556/1556 481/481/481 480/480/480
f 1556/1556/1556 480/480/480 483/483/483
f 1566/1566/1566 471/471/471 1537/1537/1537
f 1566/1566/1566 1537/1537/1537 476/476/476
f 1538/1538/1538 477/477/477 476/476/476
f 1538/1538/1538 476/476/476 1537/1537/1537
f 1538/1538/1538 1534/1534/1534 1536/1536/1536
f 1538/1538/1538 1536/1536/1536 1568/1568/1568
f 1198/1198/1198 1569/1569/1569 1533/1533/1533
f 1198/1198/1198 1533/1533/1533 1197/1197/1197
f 1569/1569/1569 1198/1198/1198 486/486/486
f 1569/1569/1569 486/486/486 1570/1570/1570
f 539/539/539 541/541/541 480/480/480
f 539/539/539 480/480/480 479/479/479
f 484/484/484 1571/1571/1571 1559/1559/1559
f 484/484/484 1559/1559/1559 483/483/483
f 1571/1571/1571 484/484/484 1572/1572/1572
f 1571/1571/1571 1572/1572/1572 1573/1573/1573
f 541/541/541 1572/1572/1572 484/484/484
f 541/541/541 484/484/484 480/480/480
f 1573/1573/1573 1572/1572/1572 1574/1574/1574
f 1573/1573/1573 1574/1574/1574 1575/1575/1575
f 1572/1572/1572 541/541/541 1576/1576/1576
f 1572/1572/1572 1576/1576/1576 1574/1574/1574
f 540/540/540 1577/1577/1577 1576/1576/1576
f 540/540/540 1576/1576/1576 541/541/541
f 1575/1575/1575 1574/1574/1574 1578/1578/1578
f 1575/1575/1575 1578/1578/1578 1579/1579/1579
f 1576/1576/1576 1580/1580/1580 1578/1578/1578
f 1576/1576/1576 1578/1578/1578 1574/1574/1574
f 1581/1581/1581 1582/1582/1582 1579/1579/1579
f 1581/1581/1581 1579/1579/1579 1578/1578/1578
f 1582/1582/1582 1581/1581/1581 1353/1353/1353
f 1582/1582/1582 1353/1353/1353 1352/1352/1352
f 1580/1580/1580 1576/1576/1576 1577/1577/1577
f 1580/1580/1580 1577/1577/1577 1583/1583/1583
f 1584/1584/1584 517/517/517 1282/1282/1282
f 1584/1584/1584 1282/1282/1282 1585/1585/1585
f 490/490/490 1584/1584/1584 1585/1585/1585
f 490/490/490 1585/1585/1585 1586/1586/1586
f 1587/1587/1587 488/488/488 490/490/490
f 1587/1587/1587 490/490/490 1586/1586/1586
f 1588/1588/1588 488/488/488 1587/1587/1587
f 1588/1588/1588 1587/1587/1587 1589/1589/1589
f 1589/1589/1589 1590/1590/1590 1591/1591/1591
f 1589/1589/1589 1591/1591/1591 1588/1588/1588
f 1590/1590/1590 1592/1592/1592 1593/1593/1593
f 1590/1590/1590 1593/1593/1593 1591/1591/1591
f 1594/1594/1594 1595/1595/1595 498/498/498
f 1594/1594/1594 498/498/498 1596/1596/1596
f 1597/1597/1597 1598/1598/1598 1536/1536/1536
f 1597/1597/1597 1536/1536/1536 1535/1535/1535
f 478/478/478 477/477/477 1599/1599/1599
f 478/478/478 1599/1599/1599 1600/1600/1600
f 477/477/477 1538/1538/1538 1568/1568/1568
f 477/477/477 1568/1568/1568 1599/1599/1599
f 1601/1601/1601 1602/1602/1602 1594/1594/1594
f 1601/1601/1601 1594/1594/1594 1596/1596/1596
f 1287/1287/1287 1289/1289/1289 1285/1285/1285
f 1287/1287/1287 1285/1285/1285 1283/1283/1283
f 1595/1595/1595 1594/1594/1594 1599/1599/1599
f 1595/1595/1595 1599/1599/1599 1568/1568/1568
f 1603/1603/1603 1604/1604/1604 528/528/528
f 1603/1603/1603 528/528/528 485/485/485
f 529/529/529 486/486/486 485/485/485
f 529/529/529 485/485/485 528/528/528
f 517/517/517 1603/1603/1603 485/485/485
f 517/517/517 485/485/485 487/487/487
f 1584/1584/1584 1604/1604/1604 1603/1603/1603
f 1584/1584/1584 1603/1603/1603 517/517/517
f 489/489/489 1604/1604/1604 1584/1584/1584
f 489/489/489 1584/1584/1584 490/490/490
f 1592/1592/1592 1605/1605/1605 1606/1606/1606
f 1592/1592/1592 1606/1606/1606 1593/1593/1593
f 1593/1593/1593 1606/1606/1606 544/544/544
f 1593/1593/1593 544/544/544 1607/1607/1607
f 1608/1608/1608 527/527/527 488/488/488
f 1608/1608/1608 488/488/488 1588/1588/1588
f 488/488/488 527/527/527 526/526/526
f 488/488/488 526/526/526 489/489/489
f 529/529/529 538/538/538 1570/1570/1570
f 529/529/529 1570/1570/1570 486/486/486
f 495/495/495 1535/1535/1535 482/482/482
f 495/495/495 482/482/482 466/466/466
f 495/495/495 465/465/465 1533/1533/1533
f 495/495/495 1533/1533/1533 1609/1609/1609
f 1609/1609/1609 1597/1597/1597 1535/1535/1535
f 1609/1609/1609 1535/1535/1535 495/495/495
f 538/538/538 1610/1610/1610 1611/1611/1611
f 538/538/538 1611/1611/1611 1570/1570/1570
f 1612/1612/1612 1569/1569/1569 1570/1570/1570
f 1612/1612/1612 1570/1570/1570 1611/1611/1611
f 1569/1569/1569 1612/1612/1612 1609/1609/1609
f 1569/1569/1569 1609/1609/1609 1533/1533/1533
f 1597/1597/1597 1609/1609/1609 1612/1612/1612
f 1597/1597/1597 1612/1612/1612 520/520/520
f 1598/1598/1598 1595/1595/1595 1568/1568/1568
f 1598/1598/1598 1568/1568/1568 1536/1536/1536
f 1595/1595/1595 1598/1598/1598 496/496/496
f 1595/1595/1595 496/496/496 498/498/498
f 1598/1598/1598 1597/1597/1597 520/520/520
f 1598/1598/1598 520/520/520 496/496/496
f 1611/1611/1611 519/519/519 520/520/520
f 1611/1611/1611 520/520/520 1612/1612/1612
f 519/519/519 1611/1611/1611 1610/1610/1610
f 519/519/519 1610/1610/1610 1613/1613/1613
f 496/496/496 519/519/519 1613/1613/1613
f 496/496/496 1613/1613/1613 497/497/497
f 1614/1614/1614 1613/1613/1613 1610/1610/1610
f 1614/1614/1614 1610/1610/1610 1615/1615/1615
f 1616/1616/1616 1617/1617/1617 1618/1618/1618
f 1616/1616/1616 1618/1618/1618 1619/1619/1619
f 1617/1617/1617 1620/1620/1620 1621/1621/1621
f 1617/1617/1617 1621/1621/1621 1618/1618/1618
f 1601/1601/1601 1596/1596/1596 1617/1617/1617
f 1601/1601/1601 1617/1617/1617 1616/1616/1616
f 1620/1620/1620 1617/1617/1617 1596/1596/1596
f 1620/1620/1620 1596/1596/1596 498/498/498
f 498/498/498 497/497/497 1622/1622/1622
f 498/498/498 1622/1622/1622 1620/1620/1620
f 1614/1614/1614 1622/1622/1622 497/497/497
f 1614/1614/1614 497/497/497 1613/1613/1613
f 1621/1621/1621 1620/1620/1620 1622/1622/1622
f 1621/1621/1621 1622/1622/1622 1623/1623/1623
f 1622/1622/1622 1614/1614/1614 1624/1624/1624
f 1622/1622/1622 1624/1624/1624 1623/1623/1623
f 1625/1625/1625 1608/1608/1608 1588/1588/1588
f 1625/1625/1625 1588/1588/1588 1591/1591/1591
f 1591/1591/1591 1593/1593/1593 1607/1607/1607
f 1591/1591/1591 1607/1607/1607 1625/1625/1625
f 544/544/544 543/543/543 1626/1626/1626
f 544/544/544 1626/1626/1626 1607/1607/1607
f 1581/1581/1581 1578/1578/1578 1580/1580/1580
f 1581/1581/1581 1580/1580/1580 1627/1627/1627
f 1353/1353/1353 1581/1581/1581 1627/1627/1627
f 1353/1353/1353 1627/1627/1627 1354/1354/1354
f 1614/1614/1614 1615/1615/1615 1628/1628/1628
f 1614/1614/1614 1628/1628/1628 1624/1624/1624
f 1610/1610/1610 538/538/538 549/549/549
f 1610/1610/1610 549/549/549 1615/1615/1615
f 584/584/584 516/516/516 515/515/515
f 584/584/584 515/515/515 338/338/338
f 1184/1184/1184 390/390/390 1243/1243/1243
f 1184/1184/1184 1243/1243/1243 1185/1185/1185
f 514/514/514 1054/1054/1054 1053/1053/1053
f 514/514/514 1053/1053/1053 340/340/340
f 1629/1629/1629 1540/1540/1540 1539/1539/1539
f 1629/1629/1629 1539/1539/1539 1542/1542/1542
f 1542/1542/1542 521/521/521 523/523/523
f 1542/1542/1542 523/523/523 1629/1629/1629
f 428/428/428 534/534/534 526/526/526
f 428/428/428 526/526/526 525/525/525
f 524/524/524 525/525/525 1630/1630/1630
f 524/524/524 1630/1630/1630 1371/1371/1371
f 1631/1631/1631 1630/1630/1630 525/525/525
f 1631/1631/1631 525/525/525 527/527/527
f 1608/1608/1608 1632/1632/1632 1631/1631/1631
f 1608/1608/1608 1631/1631/1631 527/527/527
f 1633/1633/1633 1632/1632/1632 1608/1608/1608
f 1633/1633/1633 1608/1608/1608 1625/1625/1625
f 1625/1625/1625 1607/1607/1607 1626/1626/1626
f 1625/1625/1625 1626/1626/1626 1633/1633/1633
f 1397/1397/1397 1634/1634/1634 1635/1635/1635
f 1397/1397/1397 1635/1635/1635 1398/1398/1398
f 1636/1636/1636 1635/1635/1635 1634/1634/1634
f 1636/1636/1636 1634/1634/1634 1637/1637/1637
f 1637/1637/1637 1638/1638/1638 1639/1639/1639
f 1637/1637/1637 1639/1639/1639 1636/1636/1636
f 1640/1640/1640 1639/1639/1639 1638/1638/1638
f 1640/1640/1640 1638/1638/1638 1641/1641/1641
f 1641/1641/1641 1642/1642/1642 1643/1643/1643
f 1641/1641/1641 1643/1643/1643 1640/1640/1640
f 1642/1642/1642 1619/1619/1619 1644/1644/1644
f 1642/1642/1642 1644/1644/1644 1643/1643/1643
f 1618/1618/1618 1645/1645/1645 1644/1644/1644
f 1618/1618/1618 1644/1644/1644 1619/1619/1619
f 1646/1646/1646 1640/1640/1640 1643/1643/1643
f 1646/1646/1646 1643/1643/1643 1644/1644/1644
f 1639/1639/1639 1640/1640/1640 1646/1646/1646
f 1639/1639/1639 1646/1646/1646 1647/1647/1647
f 1639/1639/1639 1647/1647/1647 1648/1648/1648
f 1639/1639/1639 1648/1648/1648 1636/1636/1636
f 1635/1635/1635 1636/1636/1636 1648/1648/1648
f 1635/1635/1635 1648/1648/1648 1649/1649/1649
f 1377/1377/1377 1366/1366/1366 1368/1368/1368
f 1377/1377/1377 1368/1368/1368 1370/1370/1370
f 1398/1398/1398 1635/1635/1635 1649/1649/1649
f 1398/1398/1398 1649/1649/1649 1400/1400/1400
f 549/549/549 538/538/538 537/537/537
f 549/549/549 537/537/537 550/550/550
f 1604/1604/1604 531/531/531 493/493/493
f 1604/1604/1604 493/493/493 528/528/528
f 531/531/531 533/533/533 535/535/535
f 531/531/531 535/535/535 536/536/536
f 1604/1604/1604 489/489/489 533/533/533
f 1604/1604/1604 533/533/533 531/531/531
f 534/534/534 533/533/533 489/489/489
f 534/534/534 489/489/489 526/526/526
f 1650/1650/1650 1606/1606/1606 1605/1605/1605
f 1650/1650/1650 1605/1605/1605 1651/1651/1651
f 542/542/542 544/544/544 1606/1606/1606
f 542/542/542 1606/1606/1606 1650/1650/1650
f 1354/1354/1354 1627/1627/1627 1652/1652/1652
f 1354/1354/1354 1652/1652/1652 1355/1355/1355
f 1583/1583/1583 1652/1652/1652 1627/1627/1627
f 1583/1583/1583 1627/1627/1627 1580/1580/1580
f 1621/1621/1621 548/548/548 1645/1645/1645
f 1621/1621/1621 1645/1645/1645 1618/1618/1618
f 1653/1653/1653 1628/1628/1628 1615/1615/1615
f 1653/1653/1653 1615/1615/1615 549/549/549
f 551/551/551 1394/1394/1394 1653/1653/1653
f 551/551/551 1653/1653/1653 549/549/549
f 1654/1654/1654 1653/1653/1653 1394/1394/1394
f 1654/1654/1654 1394/1394/1394 1395/1395/1395
f 1655/1655/1655 1628/1628/1628 1653/1653/1653
f 1655/1655/1655 1653/1653/1653 1654/1654/1654
f 1655/1655/1655 546/546/546 1624/1624/1624
f 1655/1655/1655 1624/1624/1624 1628/1628/1628
f 1406/1406/1406 1393/1393/1393 1372/1372/1372
f 1406/1406/1406 1372/1372/1372 420/420/420
f 545/545/545 1623/1623/1623 1624/1624/1624
f 545/545/545 1624/1624/1624 546/546/546
f 1656/1656/1656 1657/1657/1657 1654/1654/1654
f 1656/1656/1656 1654/1654/1654 1395/1395/1395
f 1623/1623/1623 545/545/545 548/548/548
f 1623/1623/1623 548/548/548 1621/1621/1621
f 1658/1658/1658 1659/1659/1659 1649/1649/1649
f 1658/1658/1658 1649/1649/1649 1648/1648/1648
f 1657/1657/1657 1656/1656/1656 1659/1659/1659
f 1657/1657/1657 1659/1659/1659 1658/1658/1658
f 1656/1656/1656 1395/1395/1395 1393/1393/1393
f 1656/1656/1656 1393/1393/1393 1405/1405/1405
f 1403/1403/1403 1659/1659/1659 1656/1656/1656
f 1403/1403/1403 1656/1656/1656 1405/1405/1405
f 1400/1400/1400 1649/1649/1649 1659/1659/1659
f 1400/1400/1400 1659/1659/1659 1403/1403/1403
f 1660/1660/1660 1647/1647/1647 1646/1646/1646
f 1660/1660/1660 1646/1646/1646 1661/1661/1661
f 1662/1662/1662 1660/1660/1660 1661/1661/1661
f 1662/1662/1662 1661/1661/1661 547/547/547
f 546/546/546 1655/1655/1655 1662/1662/1662
f 546/546/546 1662/1662/1662 547/547/547
f 1657/1657/1657 1662/1662/1662 1655/1655/1655
f 1657/1657/1657 1655/1655/1655 1654/1654/1654
f 1658/1658/1658 1660/1660/1660 1662/1662/1662
f 1658/1658/1658 1662/1662/1662 1657/1657/1657
f 1648/1648/1648 1647/1647/1647 1660/1660/1660
f 1648/1648/1648 1660/1660/1660 1658/1658/1658
f 1645/1645/1645 1661/1661/1661 1646/1646/1646
f 1645/1645/1645 1646/1646/1646 1644/1644/1644
f 548/548/548 547/547/547 1661/1661/1661
f 548/548/548 1661/1661/1661 1645/1645/1645
f 1310/1310/1310 1309/1309/1309 1663/1663/1663
f 1310/1310/1310 1663/1663/1663 552/552/552
f 554/554/554 1311/1311/1311 1310/1310/1310
f 554/554/554 1310/1310/1310 552/552/552
f 1311/1311/1311 554/554/554 1664/1664/1664
f 1311/1311/1311 1664/1664/1664 1312/1312/1312
f 1665/1665/1665 1315/1315/1315 1312/1312/1312
f 1665/1665/1665 1312/1312/1312 1664/1664/1664
f 1665/1665/1665 1666/1666/1666 1317/1317/1317
f 1665/1665/1665 1317/1317/1317 1315/1315/1315
f 1666/1666/1666 1667/1667/1667 412/412/412
f 1666/1666/1666 412/412/412 1317/1317/1317
f 413/413/413 412/412/412 1667/1667/1667
f 413/413/413 1667/1667/1667 1668/1668/1668
f 1318/1318/1318 413/413/413 1668/1668/1668
f 1318/1318/1318 1668/1668/1668 1669/1669/1669
f 1319/1319/1319 1318/1318/1318 1669/1669/1669
f 1319/1319/1319 1669/1669/1669 1670/1670/1670
f 1320/1320/1320 557/557/557 577/577/577
f 1320/1320/1320 577/577/577 1321/1321/1321
f 1321/1321/1321 577/577/577 1671/1671/1671
f 1321/1321/1321 1671/1671/1671 1308/1308/1308
f 1672/1672/1672 1663/1663/1663 1309/1309/1309
f 1672/1672/1672 1309/1309/1309 1307/1307/1307
f 1672/1672/1672 1307/1307/1307 1308/1308/1308
f 1672/1672/1672 1308/1308/1308 1671/1671/1671
f 373/373/373 1145/1145/1145 1672/1672/1672
f 373/373/373 1672/1672/1672 1671/1671/1671
f 1663/1663/1663 1672/1672/1672 1145/1145/1145
f 1663/1663/1663 1145/1145/1145 371/371/371
f 553/553/553 552/552/552 1663/1663/1663
f 553/553/553 1663/1663/1663 371/371/371
f 556/556/556 566/566/566 1664/1664/1664
f 556/556/556 1664/1664/1664 554/554/554
f 1664/1664/1664 566/566/566 1673/1673/1673
f 1664/1664/1664 1673/1673/1673 1665/1665/1665
f 1666/1666/1666 1665/1665/1665 1673/1673/1673
f 1666/1666/1666 1673/1673/1673 1674/1674/1674
f 1674/1674/1674 1675/1675/1675 1667/1667/1667
f 1674/1674/1674 1667/1667/1667 1666/1666/1666
f 1675/1675/1675 1676/1676/1676 1668/1668/1668
f 1675/1675/1675 1668/1668/1668 1667/1667/1667
f 1669/1669/1669 1668/1668/1668 1676/1676/1676
f 1669/1669/1669 1676/1676/1676 1677/1677/1677
f 1670/1670/1670 1669/1669/1669 1677/1677/1677
f 1670/1670/1670 1677/1677/1677 1678/1678/1678
f 379/379/379 373/373/373 1671/1671/1671
f 379/379/379 1671/1671/1671 577/577/577
f 558/558/558 1679/1679/1679 363/363/363
f 558/558/558 363/363/363 377/377/377
f 1679/1679/1679 1680/1680/1680 580/580/580
f 1679/1679/1679 580/580/580 363/363/363
f 1677/1677/1677 560/560/560 562/562/562
f 1677/1677/1677 562/562/562 1678/1678/1678
f 1676/1676/1676 1675/1675/1675 574/574/574
f 1676/1676/1676 574/574/574 563/563/563
f 1677/1677/1677 1676/1676/1676 563/563/563
f 1677/1677/1677 563/563/563 560/560/560
f 1674/1674/1674 570/570/570 574/574/574
f 1674/1674/1674 574/574/574 1675/1675/1675
f 1673/1673/1673 568/568/568 570/570/570
f 1673/1673/1673 570/570/570 1674/1674/1674
f 565/565/565 568/568/568 1673/1673/1673
f 565/565/565 1673/1673/1673 566/566/566
f 565/565/565 578/578/578 1143/1143/1143
f 565/565/565 1143/1143/1143 569/569/569
f 569/569/569 1143/1143/1143 1144/1144/1144
f 569/569/569 1144/1144/1144 571/571/571
f 568/568/568 569/569/569 571/571/571
f 568/568/568 571/571/571 570/570/570
f 575/575/575 573/573/573 563/563/563
f 575/575/575 563/563/563 574/574/574
f 1129/1129/1129 1123/1123/1123 360/360/360
f 1129/1129/1129 360/360/360 362/362/362
f 1124/1124/1124 364/364/364 366/366/366
f 1124/1124/1124 366/366/366 1142/1142/1142
f 1681/1681/1681 572/572/572 571/571/571
f 1681/1681/1681 571/571/571 1144/1144/1144
f 1682/1682/1682 1683/1683/1683 573/573/573
f 1682/1682/1682 573/573/573 575/575/575
f 1682/1682/1682 575/575/575 572/572/572
f 1682/1682/1682 572/572/572 1681/1681/1681
f 1683/1683/1683 576/576/576 564/564/564
f 1683/1683/1683 564/564/564 573/573/573
f 1681/1681/1681 1144/1144/1144 1142/1142/1142
f 1681/1681/1681 1142/1142/1142 1155/1155/1155
f 1152/1152/1152 1682/1682/1682 1681/1681/1681
f 1152/1152/1152 1681/1681/1681 1155/1155/1155
f 1150/1150/1150 1683/1683/1683 1682/1682/1682
f 1150/1150/1150 1682/1682/1682 1152/1152/1152
f 1148/1148/1148 576/576/576 1683/1683/1683
f 1148/1148/1148 1683/1683/1683 1150/1150/1150
f 1147/1147/1147 561/561/561 576/576/576
f 1147/1147/1147 576/576/576 1148/1148/1148
f 559/559/559 378/378/378 379/379/379
f 559/559/559 379/379/379 577/577/577
f 377/377/377 378/378/378 559/559/559
f 377/377/377 559/559/559 558/558/558
f 1594/1594/1594 1602/1602/1602 1600/1600/1600
f 1594/1594/1594 1600/1600/1600 1599/1599/1599
f 1684/1684/1684 1685/1685/1685 1686/1686/1686
f 1684/1684/1684 1686/1686/1686 1687/1687/1687
f 1688/1688/1688 1684/1684/1684 1687/1687/1687
f 1688/1688/1688 1687/1687/1687 1689/1689/1689
f 1688/1688/1688 1689/1689/1689 1690/1690/1690
f 1688/1688/1688 1690/1690/1690 1691/1691/1691
f 1691/1691/1691 1690/1690/1690 1692/1692/1692
f 1691/1691/1691 1692/1692/1692 1693/1693/1693
f 1694/1694/1694 1695/1695/1695 1696/1696/1696
f 1694/1694/1694 1696/1696/1696 1693/1693/1693
f 1697/1697/1697 1698/1698/1698 1696/1696/1696
f 1697/1697/1697 1696/1696/1696 1695/1695/1695
f 1698/1698/1698 1697/1697/1697 1699/1699/1699
f 1698/1698/1698 1699/1699/1699 1700/1700/1700
f 1701/1701/1701 1700/1700/1700 1699/1699/1699
f 1701/1701/1701 1699/1699/1699 1702/1702/1702
f 1701/1701/1701 1702/1702/1702 1703/1703/1703
f 1701/1701/1701 1703/1703/1703 1685/1685/1685
f 1703/1703/1703 1704/1704/1704 1686/1686/1686
f 1703/1703/1703 1686/1686/1686 1685/1685/1685
f 1693/1693/1693 1692/1692/1692 1705/1705/1705
f 1693/1693/1693 1705/1705/1705 1694/1694/1694
f 621/621/621 1689/1689/1689 1687/1687/1687
f 621/621/621 1687/1687/1687 1706/1706/1706
f 623/623/623 1690/1690/1690 1689/1689/1689
f 623/623/623 1689/1689/1689 621/621/621
f 625/625/625 1692/1692/1692 1690/1690/1690
f 625/625/625 1690/1690/1690 623/623/623
f 625/625/625 633/633/633 1705/1705/1705
f 625/625/625 1705/1705/1705 1692/1692/1692
f 1705/1705/1705 633/633/633 1707/1707/1707
f 1705/1705/1705 1707/1707/1707 1694/1694/1694
f 1695/1695/1695 1694/1694/1694 1707/1707/1707
f 1695/1695/1695 1707/1707/1707 1708/1708/1708
f 1697/1697/1697 1695/1695/1695 1708/1708/1708
f 1697/1697/1697 1708/1708/1708 1709/1709/1709
f 1697/1697/1697 1709/1709/1709 1710/1710/1710
f 1697/1697/1697 1710/1710/1710 1699/1699/1699
f 1711/1711/1711 1702/1702/1702 1699/1699/1699
f 1711/1711/1711 1699/1699/1699 1710/1710/1710
f 1702/1702/1702 1711/1711/1711 1712/1712/1712
f 1702/1702/1702 1712/1712/1712 1703/1703/1703
f 1712/1712/1712 1713/1713/1713 1704/1704/1704
f 1712/1712/1712 1704/1704/1704 1703/1703/1703
f 1686/1686/1686 1714/1714/1714 1706/1706/1706
f 1686/1686/1686 1706/1706/1706 1687/1687/1687
f 1714/1714/1714 1686/1686/1686 1704/1704/1704
f 1714/1714/1714 1704/1704/1704 1713/1713/1713
f 1715/1715/1715 1714/1714/1714 1713/1713/1713
f 1715/1715/1715 1713/1713/1713 1716/1716/1716
f 1712/1712/1712 604/604/604 600/600/600
f 1712/1712/1712 600/600/600 1713/1713/1713
f 1712/1712/1712 1711/1711/1711 602/602/602
f 1712/1712/1712 602/602/602 604/604/604
f 1714/1714/1714 1715/1715/1715 1717/1717/1717
f 1714/1714/1714 1717/1717/1717 1706/1706/1706
f 1715/1715/1715 954/954/954 953/953/953
f 1715/1715/1715 953/953/953 1717/1717/1717
f 1715/1715/1715 1716/1716/1716 955/955/955
f 1715/1715/1715 955/955/955 954/954/954
f 956/956/956 955/955/955 1716/1716/1716
f 956/956/956 1716/1716/1716 1718/1718/1718
f 1716/1716/1716 1713/1713/1713 600/600/600
f 1716/1716/1716 600/600/600 1718/1718/1718
f 958/958/958 956/956/956 1718/1718/1718
f 958/958/958 1718/1718/1718 1719/1719/1719
f 1719/1719/1719 1718/1718/1718 600/600/600
f 1719/1719/1719 600/600/600 599/599/599
f 1720/1720/1720 960/960/960 958/958/958
f 1720/1720/1720 958/958/958 1719/1719/1719
f 599/599/599 605/605/605 1720/1720/1720
f 599/599/599 1720/1720/1720 1719/1719/1719
f 962/962/962 960/960/960 1720/1720/1720
f 962/962/962 1720/1720/1720 1721/1721/1721
f 1721/1721/1721 1720/1720/1720 605/605/605
f 1721/1721/1721 605/605/605 606/606/606
f 1722/1722/1722 965/965/965 962/962/962
f 1722/1722/1722 962/962/962 1721/1721/1721
f 1723/1723/1723 1722/1722/1722 1721/1721/1721
f 1723/1723/1723 1721/1721/1721 606/606/606
f 603/603/603 1724/1724/1724 1723/1723/1723
f 603/603/603 1723/1723/1723 606/606/606
f 1724/1724/1724 603/603/603 602/602/602
f 1724/1724/1724 602/602/602 1725/1725/1725
f 1726/1726/1726 1725/1725/1725 602/602/602
f 1726/1726/1726 602/602/602 1711/1711/1711
f 581/581/581 965/965/965 1722/1722/1722
f 581/581/581 1722/1722/1722 608/608/608
f 608/608/608 1722/1722/1722 1723/1723/1723
f 608/608/608 1723/1723/1723 1727/1727/1727
f 1724/1724/1724 1728/1728/1728 1727/1727/1727
f 1724/1724/1724 1727/1727/1727 1723/1723/1723
f 1710/1710/1710 1729/1729/1729 1726/1726/1726
f 1710/1710/1710 1726/1726/1726 1711/1711/1711
f 1709/1709/1709 1730/1730/1730 1729/1729/1729
f 1709/1709/1709 1729/1729/1729 1710/1710/1710
f 1708/1708/1708 630/630/630 1730/1730/1730
f 1708/1708/1708 1730/1730/1730 1709/1709/1709
f 1725/1725/1725 1731/1731/1731 1728/1728/1728
f 1725/1725/1725 1728/1728/1728 1724/1724/1724
f 1731/1731/1731 1725/1725/1725 1726/1726/1726
f 1731/1731/1731 1726/1726/1726 1732/1732/1732
f 1729/1729/1729 1733/1733/1733 1732/1732/1732
f 1729/1729/1729 1732/1732/1732 1726/1726/1726
f 607/607/607 608/608/608 1727/1727/1727
f 607/607/607 1727/1727/1727 1734/1734/1734
f 1734/1734/1734 1727/1727/1727 1728/1728/1728
f 1734/1734/1734 1728/1728/1728 1735/1735/1735
f 1734/1734/1734 1736/1736/1736 609/609/609
f 1734/1734/1734 609/609/609 607/607/607
f 1736/1736/1736 1734/1734/1734 1735/1735/1735
f 1736/1736/1736 1735/1735/1735 1737/1737/1737
f 1731/1731/1731 1738/1738/1738 1735/1735/1735
f 1731/1731/1731 1735/1735/1735 1728/1728/1728
f 1737/1737/1737 1735/1735/1735 1738/1738/1738
f 1737/1737/1737 1738/1738/1738 1739/1739/1739
f 1732/1732/1732 1740/1740/1740 1738/1738/1738
f 1732/1732/1732 1738/1738/1738 1731/1731/1731
f 1740/1740/1740 1732/1732/1732 1733/1733/1733
f 1740/1740/1740 1733/1733/1733 1741/1741/1741
f 1739/1739/1739 1738/1738/1738 1740/1740/1740
f 1739/1739/1739 1740/1740/1740 1742/1742/1742
f 1741/1741/1741 1743/1743/1743 1742/1742/1742
f 1741/1741/1741 1742/1742/1742 1740/1740/1740
f 609/609/609 1744/1744/1744 987/987/987
f 609/609/609 987/987/987 284/284/284
f 1736/1736/1736 1745/1745/1745 1744/1744/1744
f 1736/1736/1736 1744/1744/1744 609/609/609
f 1737/1737/1737 1739/1739/1739 1745/1745/1745
f 1737/1737/1737 1745/1745/1745 1736/1736/1736
f 1733/1733/1733 1729/1729/1729 1730/1730/1730
f 1733/1733/1733 1730/1730/1730 1746/1746/1746
f 1746/1746/1746 1747/1747/1747 1741/1741/1741
f 1746/1746/1746 1741/1741/1741 1733/1733/1733
f 1743/1743/1743 1741/1741/1741 1747/1747/1747
f 1743/1743/1743 1747/1747/1747 628/628/628
f 1706/1706/1706 1717/1717/1717 622/622/622
f 1706/1706/1706 622/622/622 621/621/621
f 992/992/992 622/622/622 1717/1717/1717
f 992/992/992 1717/1717/1717 953/953/953
f 1748/1748/1748 616/616/616 1749/1749/1749
f 1748/1748/1748 1749/1749/1749 1750/1750/1750
f 617/617/617 616/616/616 1748/1748/1748
f 617/617/617 1748/1748/1748 1751/1751/1751
f 1751/1751/1751 913/913/913 610/610/610
f 1751/1751/1751 610/610/610 617/617/617
f 610/610/610 911/911/911 1752/1752/1752
f 610/610/610 1752/1752/1752 900/900/900
f 614/614/614 613/613/613 900/900/900
f 614/614/614 900/900/900 1752/1752/1752
f 618/618/618 617/617/617 610/610/610
f 618/618/618 610/610/610 900/900/900
f 619/619/619 1749/1749/1749 616/616/616
f 619/619/619 616/616/616 618/618/618
f 998/998/998 987/987/987 1744/1744/1744
f 998/998/998 1744/1744/1744 1753/1753/1753
f 1745/1745/1745 1754/1754/1754 1753/1753/1753
f 1745/1745/1745 1753/1753/1753 1744/1744/1744
f 1754/1754/1754 1745/1745/1745 1739/1739/1739
f 1754/1754/1754 1739/1739/1739 1742/1742/1742
f 1753/1753/1753 1755/1755/1755 1756/1756/1756
f 1753/1753/1753 1756/1756/1756 998/998/998
f 1755/1755/1755 1753/1753/1753 1754/1754/1754
f 1755/1755/1755 1754/1754/1754 1757/1757/1757
f 1757/1757/1757 1754/1754/1754 1742/1742/1742
f 1757/1757/1757 1742/1742/1742 1743/1743/1743
f 909/909/909 1757/1757/1757 1743/1743/1743
f 909/909/909 1743/1743/1743 628/628/628
f 1757/1757/1757 909/909/909 1758/1758/1758
f 1757/1757/1757 1758/1758/1758 1755/1755/1755
f 1755/1755/1755 1758/1758/1758 1759/1759/1759
f 1755/1755/1755 1759/1759/1759 1756/1756/1756
f 1760/1760/1760 1746/1746/1746 1730/1730/1730
f 1760/1760/1760 1730/1730/1730 630/630/630
f 1747/1747/1747 1746/1746/1746 1760/1760/1760
f 1747/1747/1747 1760/1760/1760 1761/1761/1761
f 1761/1761/1761 626/626/626 628/628/628
f 1761/1761/1761 628/628/628 1747/1747/1747
f 909/909/909 908/908/908 1762/1762/1762
f 909/909/909 1762/1762/1762 1758/1758/1758
f 1763/1763/1763 1759/1759/1759 1758/1758/1758
f 1763/1763/1763 1758/1758/1758 1762/1762/1762
f 622/622/622 992/992/992 1010/1010/1010
f 622/622/622 1010/1010/1010 620/620/620
f 897/897/897 623/623/623 621/621/621
f 897/897/897 621/621/621 620/620/620
f 1707/1707/1707 633/633/633 896/896/896
f 1707/1707/1707 896/896/896 631/631/631
f 631/631/631 630/630/630 1708/1708/1708
f 631/631/631 1708/1708/1708 1707/1707/1707
f 1760/1760/1760 630/630/630 629/629/629
f 1760/1760/1760 629/629/629 1764/1764/1764
f 1765/1765/1765 1761/1761/1761 1760/1760/1760
f 1765/1765/1765 1760/1760/1760 1764/1764/1764
f 1761/1761/1761 1765/1765/1765 894/894/894
f 1761/1761/1761 894/894/894 626/626/626
f 1766/1766/1766 1767/1767/1767 629/629/629
f 1766/1766/1766 629/629/629 631/631/631
f 629/629/629 1767/1767/1767 1768/1768/1768
f 629/629/629 1768/1768/1768 1764/1764/1764
f 1769/1769/1769 1765/1765/1765 1764/1764/1764
f 1769/1769/1769 1764/1764/1764 1768/1768/1768
f 1765/1765/1765 1769/1769/1769 1770/1770/1770
f 1765/1765/1765 1770/1770/1770 894/894/894
f 1766/1766/1766 631/631/631 896/896/896
f 1766/1766/1766 896/896/896 1771/1771/1771
f 896/896/896 634/634/634 1772/1772/1772
f 896/896/896 1772/1772/1772 1771/1771/1771
f 634/634/634 632/632/632 1773/1773/1773
f 634/634/634 1773/1773/1773 1772/1772/1772
f 632/632/632 624/624/624 1774/1774/1774
f 632/632/632 1774/1774/1774 1773/1773/1773
f 1775/1775/1775 1774/1774/1774 624/624/624
f 1775/1775/1775 624/624/624 897/897/897
f 897/897/897 620/620/620 1776/1776/1776
f 897/897/897 1776/1776/1776 1775/1775/1775
f 1776/1776/1776 620/620/620 1010/1010/1010
f 1776/1776/1776 1010/1010/1010 1024/1024/1024
f 1026/1026/1026 1777/1777/1777 1776/1776/1776
f 1026/1026/1026 1776/1776/1776 1024/1024/1024
f 1775/1775/1775 1776/1776/1776 1777/1777/1777
f 1775/1775/1775 1777/1777/1777 1778/1778/1778
f 1774/1774/1774 1775/1775/1775 1778/1778/1778
f 1774/1774/1774 1778/1778/1778 1779/1779/1779
f 1779/1779/1779 1780/1780/1780 1773/1773/1773
f 1779/1779/1779 1773/1773/1773 1774/1774/1774
f 1772/1772/1772 1773/1773/1773 1780/1780/1780
f 1772/1772/1772 1780/1780/1780 1781/1781/1781
f 1781/1781/1781 1782/1782/1782 1771/1771/1771
f 1781/1781/1781 1771/1771/1771 1772/1772/1772
f 1782/1782/1782 1783/1783/1783 1766/1766/1766
f 1782/1782/1782 1766/1766/1766 1771/1771/1771
f 1767/1767/1767 1766/1766/1766 1783/1783/1783
f 1767/1767/1767 1783/1783/1783 1784/1784/1784
f 1784/1784/1784 641/641/641 1768/1768/1768
f 1784/1784/1784 1768/1768/1768 1767/1767/1767
f 1769/1769/1769 1768/1768/1768 641/641/641
f 1769/1769/1769 641/641/641 640/640/640
f 1770/1770/1770 1769/1769/1769 640/640/640
f 1770/1770/1770 640/640/640 910/910/910
f 675/675/675 673/673/673 894/894/894
f 675/675/675 894/894/894 1770/1770/1770
f 1770/1770/1770 910/910/910 676/676/676
f 1770/1770/1770 676/676/676 675/675/675
f 1785/1785/1785 1786/1786/1786 1787/1787/1787
f 1785/1785/1785 1787/1787/1787 1788/1788/1788
f 1786/1786/1786 1785/1785/1785 1789/1789/1789
f 1786/1786/1786 1789/1789/1789 1790/1790/1790
f 1791/1791/1791 1792/1792/1792 1793/1793/1793
f 1791/1791/1791 1793/1793/1793 1794/1794/1794
f 1795/1795/1795 1792/1792/1792 1791/1791/1791
f 1795/1795/1795 1791/1791/1791 1796/1796/1796
f 1797/1797/1797 1798/1798/1798 1795/1795/1795
f 1797/1797/1797 1795/1795/1795 1796/1796/1796
f 815/815/815 1798/1798/1798 1797/1797/1797
f 815/815/815 1797/1797/1797 813/813/813
f 614/614/614 1752/1752/1752 1799/1799/1799
f 614/614/614 1799/1799/1799 635/635/635
f 1800/1800/1800 1799/1799/1799 1752/1752/1752
f 1800/1800/1800 1752/1752/1752 911/911/911
f 1801/1801/1801 1802/1802/1802 612/612/612
f 1801/1801/1801 612/612/612 611/611/611
f 656/656/656 1748/1748/1748 1750/1750/1750
f 656/656/656 1750/1750/1750 654/654/654
f 898/898/898 1751/1751/1751 1748/1748/1748
f 898/898/898 1748/1748/1748 656/656/656
f 913/913/913 1751/1751/1751 898/898/898
f 913/913/913 898/898/898 916/916/916
f 1803/1803/1803 1804/1804/1804 1805/1805/1805
f 1803/1803/1803 1805/1805/1805 647/647/647
f 1803/1803/1803 912/912/912 816/816/816
f 1803/1803/1803 816/816/816 1804/1804/1804
f 1806/1806/1806 1807/1807/1807 1780/1780/1780
f 1806/1806/1806 1780/1780/1780 1779/1779/1779
f 1807/1807/1807 1806/1806/1806 1795/1795/1795
f 1807/1807/1807 1795/1795/1795 1798/1798/1798
f 1781/1781/1781 1780/1780/1780 1807/1807/1807
f 1781/1781/1781 1807/1807/1807 1808/1808/1808
f 1808/1808/1808 1807/1807/1807 1798/1798/1798
f 1808/1808/1808 1798/1798/1798 815/815/815
f 1779/1779/1779 1778/1778/1778 1809/1809/1809
f 1779/1779/1779 1809/1809/1809 1806/1806/1806
f 1806/1806/1806 1809/1809/1809 1792/1792/1792
f 1806/1806/1806 1792/1792/1792 1795/1795/1795
f 1810/1810/1810 1809/1809/1809 1778/1778/1778
f 1810/1810/1810 1778/1778/1778 1777/1777/1777
f 1809/1809/1809 1810/1810/1810 1793/1793/1793
f 1809/1809/1809 1793/1793/1793 1792/1792/1792
f 1777/1777/1777 1026/1026/1026 318/318/318
f 1777/1777/1777 318/318/318 1810/1810/1810
f 637/637/637 1793/1793/1793 1810/1810/1810
f 637/637/637 1810/1810/1810 318/318/318
f 1811/1811/1811 1794/1794/1794 1793/1793/1793
f 1811/1811/1811 1793/1793/1793 637/637/637
f 637/637/637 638/638/638 1812/1812/1812
f 637/637/637 1812/1812/1812 1811/1811/1811
f 1813/1813/1813 1814/1814/1814 1811/1811/1811
f 1813/1813/1813 1811/1811/1811 1812/1812/1812
f 1815/1815/1815 1794/1794/1794 1811/1811/1811
f 1815/1815/1815 1811/1811/1811 1814/1814/1814
f 1782/1782/1782 1781/1781/1781 1808/1808/1808
f 1782/1782/1782 1808/1808/1808 1816/1816/1816
f 1783/1783/1783 1782/1782/1782 1816/1816/1816
f 1783/1783/1783 1816/1816/1816 1817/1817/1817
f 1817/1817/1817 1818/1818/1818 1784/1784/1784
f 1817/1817/1817 1784/1784/1784 1783/1783/1783
f 641/641/641 1784/1784/1784 1818/1818/1818
f 641/641/641 1818/1818/1818 639/639/639
f 1816/1816/1816 1808/1808/1808 815/815/815
f 1816/1816/1816 815/815/815 814/814/814
f 814/814/814 1819/1819/1819 1817/1817/1817
f 814/814/814 1817/1817/1817 1816/1816/1816
f 1818/1818/1818 1817/1817/1817 1819/1819/1819
f 1818/1818/1818 1819/1819/1819 643/643/643
f 1820/1820/1820 814/814/814 813/813/813
f 1820/1820/1820 813/813/813 1821/1821/1821
f 1819/1819/1819 814/814/814 1820/1820/1820
f 1819/1819/1819 1820/1820/1820 1822/1822/1822
f 1823/1823/1823 1824/1824/1824 1825/1825/1825
f 1823/1823/1823 1825/1825/1825 1826/1826/1826
f 1824/1824/1824 1827/1827/1827 1828/1828/1828
f 1824/1824/1824 1828/1828/1828 1825/1825/1825
f 1828/1828/1828 1827/1827/1827 1829/1829/1829
f 1828/1828/1828 1829/1829/1829 1830/1830/1830
f 1830/1830/1830 1829/1829/1829 1831/1831/1831
f 1830/1830/1830 1831/1831/1831 1832/1832/1832
f 1832/1832/1832 1831/1831/1831 1833/1833/1833
f 1832/1832/1832 1833/1833/1833 1834/1834/1834
f 1834/1834/1834 1833/1833/1833 1835/1835/1835
f 1834/1834/1834 1835/1835/1835 1836/1836/1836
f 677/677/677 676/676/676 1827/1827/1827
f 677/677/677 1827/1827/1827 1824/1824/1824
f 1827/1827/1827 676/676/676 910/910/910
f 1827/1827/1827 910/910/910 1829/1829/1829
f 1829/1829/1829 910/910/910 642/642/642
f 1829/1829/1829 642/642/642 1831/1831/1831
f 1837/1837/1837 1833/1833/1833 1831/1831/1831
f 1837/1837/1837 1831/1831/1831 642/642/642
f 645/645/645 1837/1837/1837 642/642/642
f 645/645/645 642/642/642 639/639/639
f 1833/1833/1833 1837/1837/1837 1838/1838/1838
f 1833/1833/1833 1838/1838/1838 1835/1835/1835
f 1839/1839/1839 1840/1840/1840 1836/1836/1836
f 1839/1839/1839 1836/1836/1836 1835/1835/1835
f 1841/1841/1841 1842/1842/1842 1843/1843/1843
f 1841/1841/1841 1843/1843/1843 1844/1844/1844
f 1835/1835/1835 1838/1838/1838 1845/1845/1845
f 1835/1835/1835 1845/1845/1845 1839/1839/1839
f 1843/1843/1843 1842/1842/1842 1846/1846/1846
f 1843/1843/1843 1846/1846/1846 1847/1847/1847
f 1818/1818/1818 643/643/643 645/645/645
f 1818/1818/1818 645/645/645 639/639/639
f 644/644/644 1838/1838/1838 1837/1837/1837
f 644/644/644 1837/1837/1837 645/645/645
f 1822/1822/1822 644/644/644 643/643/643
f 1822/1822/1822 643/643/643 1819/1819/1819
f 1838/1838/1838 644/644/644 1848/1848/1848
f 1838/1838/1838 1848/1848/1848 1845/1845/1845
f 1805/1805/1805 1849/1849/1849 648/648/648
f 1805/1805/1805 648/648/648 647/647/647
f 650/650/650 1820/1820/1820 1821/1821/1821
f 650/650/650 1821/1821/1821 651/651/651
f 1850/1850/1850 1822/1822/1822 1820/1820/1820
f 1850/1850/1850 1820/1820/1820 650/650/650
f 819/819/819 1850/1850/1850 650/650/650
f 819/819/819 650/650/650 653/653/653
f 1822/1822/1822 1850/1850/1850 1848/1848/1848
f 1822/1822/1822 1848/1848/1848 644/644/644
f 1848/1848/1848 1850/1850/1850 819/819/819
f 1848/1848/1848 819/819/819 821/821/821
f 1845/1845/1845 1848/1848/1848 821/821/821
f 1845/1845/1845 821/821/821 1851/1851/1851
f 1851/1851/1851 1852/1852/1852 1839/1839/1839
f 1851/1851/1851 1839/1839/1839 1845/1845/1845
f 1852/1852/1852 1853/1853/1853 1840/1840/1840
f 1852/1852/1852 1840/1840/1840 1839/1839/1839
f 1842/1842/1842 1841/1841/1841 1853/1853/1853
f 1842/1842/1842 1853/1853/1853 1852/1852/1852
f 1846/1846/1846 1842/1842/1842 1852/1852/1852
f 1846/1846/1846 1852/1852/1852 1851/1851/1851
f 1854/1854/1854 1846/1846/1846 1851/1851/1851
f 1854/1854/1854 1851/1851/1851 821/821/821
f 1846/1846/1846 1854/1854/1854 1855/1855/1855
f 1846/1846/1846 1855/1855/1855 1847/1847/1847
f 1854/1854/1854 1856/1856/1856 1857/1857/1857
f 1854/1854/1854 1857/1857/1857 1855/1855/1855
f 1858/1858/1858 1859/1859/1859 1857/1857/1857
f 1858/1858/1858 1857/1857/1857 1856/1856/1856
f 1856/1856/1856 1854/1854/1854 821/821/821
f 1856/1856/1856 821/821/821 820/820/820
f 661/661/661 1860/1860/1860 1859/1859/1859
f 661/661/661 1859/1859/1859 1858/1858/1858
f 1814/1814/1814 1813/1813/1813 1861/1861/1861
f 1814/1814/1814 1861/1861/1861 660/660/660
f 1860/1860/1860 661/661/661 660/660/660
f 1860/1860/1860 660/660/660 1861/1861/1861
f 820/820/820 902/902/902 1858/1858/1858
f 820/820/820 1858/1858/1858 1856/1856/1856
f 902/902/902 820/820/820 819/819/819
f 902/902/902 819/819/819 653/653/653
f 902/902/902 652/652/652 661/661/661
f 902/902/902 661/661/661 1858/1858/1858
f 1814/1814/1814 660/660/660 662/662/662
f 1814/1814/1814 662/662/662 1815/1815/1815
f 657/657/657 659/659/659 1849/1849/1849
f 657/657/657 1849/1849/1849 1805/1805/1805
f 1804/1804/1804 816/816/816 833/833/833
f 1804/1804/1804 833/833/833 832/832/832
f 899/899/899 833/833/833 816/816/816
f 899/899/899 816/816/816 818/818/818
f 832/832/832 831/831/831 655/655/655
f 832/832/832 655/655/655 657/657/657
f 1862/1862/1862 658/658/658 655/655/655
f 1862/1862/1862 655/655/655 654/654/654
f 1685/1685/1685 1684/1684/1684 665/665/665
f 1685/1685/1685 665/665/665 664/664/664
f 1684/1684/1684 1688/1688/1688 666/666/666
f 1684/1684/1684 666/666/666 665/665/665
f 666/666/666 1688/1688/1688 1691/1691/1691
f 666/666/666 1691/1691/1691 667/667/667
f 667/667/667 1691/1691/1691 1693/1693/1693
f 667/667/667 1693/1693/1693 668/668/668
f 668/668/668 1693/1693/1693 1696/1696/1696
f 668/668/668 1696/1696/1696 669/669/669
f 1696/1696/1696 1698/1698/1698 670/670/670
f 1696/1696/1696 670/670/670 669/669/669
f 670/670/670 1698/1698/1698 1700/1700/1700
f 670/670/670 1700/1700/1700 671/671/671
f 1700/1700/1700 1701/1701/1701 672/672/672
f 1700/1700/1700 672/672/672 671/671/671
f 672/672/672 1701/1701/1701 1685/1685/1685
f 672/672/672 1685/1685/1685 664/664/664
f 1824/1824/1824 1823/1823/1823 1863/1863/1863
f 1824/1824/1824 1863/1863/1863 677/677/677
f 1823/1823/1823 1785/1785/1785 1788/1788/1788
f 1823/1823/1823 1788/1788/1788 1863/1863/1863
f 1785/1785/1785 1823/1823/1823 1826/1826/1826
f 1785/1785/1785 1826/1826/1826 1789/1789/1789
f 1788/1788/1788 1787/1787/1787 1763/1763/1763
f 1788/1788/1788 1763/1763/1763 1762/1762/1762
f 1788/1788/1788 1762/1762/1762 908/908/908
f 1788/1788/1788 908/908/908 1863/1863/1863
f 674/674/674 677/677/677 1863/1863/1863
f 674/674/674 1863/1863/1863 908/908/908
f 675/675/675 677/677/677 674/674/674
f 675/675/675 674/674/674 673/673/673
f 1864/1864/1864 1865/1865/1865 1866/1866/1866
f 1864/1864/1864 1866/1866/1866 1867/1867/1867
f 1868/1868/1868 1866/1866/1866 1865/1865/1865
f 1868/1868/1868 1865/1865/1865 1869/1869/1869
f 1869/1869/1869 1870/1870/1870 682/682/682
f 1869/1869/1869 682/682/682 1868/1868/1868
f 1871/1871/1871 683/683/683 682/682/682
f 1871/1871/1871 682/682/682 1870/1870/1870
f 1867/1867/1867 1872/1872/1872 1873/1873/1873
f 1867/1867/1867 1873/1873/1873 1864/1864/1864
f 1872/1872/1872 679/679/679 686/686/686
f 1872/1872/1872 686/686/686 1873/1873/1873
f 1874/1874/1874 1875/1875/1875 683/683/683
f 1874/1874/1874 683/683/683 1871/1871/1871
f 1868/1868/1868 1876/1876/1876 1877/1877/1877
f 1868/1868/1868 1877/1877/1877 1866/1866/1866
f 682/682/682 684/684/684 1876/1876/1876
f 682/682/682 1876/1876/1876 1868/1868/1868
f 1867/1867/1867 1866/1866/1866 1877/1877/1877
f 1867/1867/1867 1877/1877/1877 1878/1878/1878
f 1872/1872/1872 1867/1867/1867 1878/1878/1878
f 1872/1872/1872 1878/1878/1878 1879/1879/1879
f 686/686/686 685/685/685 1880/1880/1880
f 686/686/686 1880/1880/1880 1873/1873/1873
f 1881/1881/1881 1864/1864/1864 1873/1873/1873
f 1881/1881/1881 1873/1873/1873 1880/1880/1880
f 1864/1864/1864 1881/1881/1881 1882/1882/1882
f 1864/1864/1864 1882/1882/1882 1865/1865/1865
f 1869/1869/1869 1865/1865/1865 1882/1882/1882
f 1869/1869/1869 1882/1882/1882 1883/1883/1883
f 1883/1883/1883 1884/1884/1884 1870/1870/1870
f 1883/1883/1883 1870/1870/1870 1869/1869/1869
f 1884/1884/1884 1885/1885/1885 1871/1871/1871
f 1884/1884/1884 1871/1871/1871 1870/1870/1870
f 1874/1874/1874 1871/1871/1871 1885/1885/1885
f 1874/1874/1874 1885/1885/1885 1886/1886/1886
f 1885/1885/1885 1884/1884/1884 1887/1887/1887
f 1885/1885/1885 1887/1887/1887 700/700/700
f 1886/1886/1886 1885/1885/1885 700/700/700
f 1886/1886/1886 700/700/700 699/699/699
f 1884/1884/1884 1883/1883/1883 689/689/689
f 1884/1884/1884 689/689/689 1887/1887/1887
f 1883/1883/1883 1882/1882/1882 690/690/690
f 1883/1883/1883 690/690/690 689/689/689
f 1881/1881/1881 1888/1888/1888 690/690/690
f 1881/1881/1881 690/690/690 1882/1882/1882
f 1880/1880/1880 693/693/693 1888/1888/1888
f 1880/1880/1880 1888/1888/1888 1881/1881/1881
f 693/693/693 1880/1880/1880 685/685/685
f 693/693/693 685/685/685 691/691/691
f 1889/1889/1889 1886/1886/1886 699/699/699
f 1889/1889/1889 699/699/699 1890/1890/1890
f 1874/1874/1874 1886/1886/1886 1889/1889/1889
f 1874/1874/1874 1889/1889/1889 1891/1891/1891
f 1891/1891/1891 1892/1892/1892 1875/1875/1875
f 1891/1891/1891 1875/1875/1875 1874/1874/1874
f 882/882/882 893/893/893 1889/1889/1889
f 882/882/882 1889/1889/1889 1890/1890/1890
f 893/893/893 1893/1893/1893 1891/1891/1891
f 893/893/893 1891/1891/1891 1889/1889/1889
f 1891/1891/1891 1893/1893/1893 1894/1894/1894
f 1891/1891/1891 1894/1894/1894 1892/1892/1892
f 688/688/688 690/690/690 1888/1888/1888
f 688/688/688 1888/1888/1888 1895/1895/1895
f 693/693/693 692/692/692 1895/1895/1895
f 693/693/693 1895/1895/1895 1888/1888/1888
f 698/698/698 869/869/869 1890/1890/1890
f 698/698/698 1890/1890/1890 699/699/699
f 871/871/871 882/882/882 1890/1890/1890
f 871/871/871 1890/1890/1890 869/869/869
f 691/691/691 694/694/694 697/697/697
f 691/691/691 697/697/697 692/692/692
f 1896/1896/1896 1897/1897/1897 1898/1898/1898
f 1896/1896/1896 1898/1898/1898 1899/1899/1899
f 1900/1900/1900 1898/1898/1898 1897/1897/1897
f 1900/1900/1900 1897/1897/1897 1901/1901/1901
f 1902/1902/1902 1900/1900/1900 1901/1901/1901
f 1902/1902/1902 1901/1901/1901 1903/1903/1903
f 1904/1904/1904 1905/1905/1905 1902/1902/1902
f 1904/1904/1904 1902/1902/1902 1903/1903/1903
f 1905/1905/1905 1904/1904/1904 684/684/684
f 1905/1905/1905 684/684/684 1892/1892/1892
f 689/689/689 688/688/688 868/868/868
f 689/689/689 868/868/868 1887/1887/1887
f 868/868/868 698/698/698 700/700/700
f 868/868/868 700/700/700 1887/1887/1887
f 1906/1906/1906 1907/1907/1907 1908/1908/1908
f 1906/1906/1906 1908/1908/1908 1909/1909/1909
f 1910/1910/1910 1911/1911/1911 1912/1912/1912
f 1910/1910/1910 1912/1912/1912 1913/1913/1913
f 1914/1914/1914 1915/1915/1915 1913/1913/1913
f 1914/1914/1914 1913/1913/1913 1912/1912/1912
f 1916/1916/1916 1917/1917/1917 1909/1909/1909
f 1916/1916/1916 1909/1909/1909 1908/1908/1908
f 1917/1917/1917 1916/1916/1916 1918/1918/1918
f 1917/1917/1917 1918/1918/1918 1919/1919/1919
f 703/703/703 903/903/903 1920/1920/1920
f 703/703/703 1920/1920/1920 904/904/904
f 903/903/903 708/708/708 1921/1921/1921
f 903/903/903 1921/1921/1921 1920/1920/1920
f 702/702/702 709/709/709 708/708/708
f 702/702/702 708/708/708 903/903/903
f 1906/1906/1906 1922/1922/1922 1923/1923/1923
f 1906/1906/1906 1923/1923/1923 1911/1911/1911
f 1924/1924/1924 1912/1912/1912 1911/1911/1911
f 1924/1924/1924 1911/1911/1911 1923/1923/1923
f 1912/1912/1912 1924/1924/1924 1925/1925/1925
f 1912/1912/1912 1925/1925/1925 1914/1914/1914
f 1915/1915/1915 1914/1914/1914 1926/1926/1926
f 1915/1915/1915 1926/1926/1926 1927/1927/1927
f 1914/1914/1914 1925/1925/1925 1928/1928/1928
f 1914/1914/1914 1928/1928/1928 1926/1926/1926
f 1911/1911/1911 1910/1910/1910 1907/1907/1907
f 1911/1911/1911 1907/1907/1907 1906/1906/1906
f 1909/1909/1909 1929/1929/1929 1922/1922/1922
f 1909/1909/1909 1922/1922/1922 1906/1906/1906
f 1929/1929/1929 1909/1909/1909 1917/1917/1917
f 1929/1929/1929 1917/1917/1917 1930/1930/1930
f 1931/1931/1931 1932/1932/1932 1933/1933/1933
f 1931/1931/1931 1933/1933/1933 1934/1934/1934
f 1932/1932/1932 1931/1931/1931 1935/1935/1935
f 1932/1932/1932 1935/1935/1935 1936/1936/1936
f 1933/1933/1933 1932/1932/1932 709/709/709
f 1933/1933/1933 709/709/709 702/702/702
f 1926/1926/1926 1928/1928/1928 801/801/801
f 1926/1926/1926 801/801/801 835/835/835
f 1927/1927/1927 1926/1926/1926 835/835/835
f 1927/1927/1927 835/835/835 1937/1937/1937
f 1934/1934/1934 1938/1938/1938 1939/1939/1939
f 1934/1934/1934 1939/1939/1939 1931/1931/1931
f 1940/1940/1940 1935/1935/1935 1931/1931/1931
f 1940/1940/1940 1931/1931/1931 1939/1939/1939
f 1938/1938/1938 1941/1941/1941 1942/1942/1942
f 1938/1938/1938 1942/1942/1942 1939/1939/1939
f 1939/1939/1939 1942/1942/1942 1943/1943/1943
f 1939/1939/1939 1943/1943/1943 1940/1940/1940
f 1941/1941/1941 1944/1944/1944 721/721/721
f 1941/1941/1941 721/721/721 1942/1942/1942
f 1945/1945/1945 1943/1943/1943 1942/1942/1942
f 1945/1945/1945 1942/1942/1942 721/721/721
f 1919/1919/1919 1946/1946/1946 1930/1930/1930
f 1919/1919/1919 1930/1930/1930 1917/1917/1917
f 1923/1923/1923 778/778/778 777/777/777
f 1923/1923/1923 777/777/777 1924/1924/1924
f 1924/1924/1924 777/777/777 1947/1947/1947
f 1924/1924/1924 1947/1947/1947 1925/1925/1925
f 1947/1947/1947 1948/1948/1948 1928/1928/1928
f 1947/1947/1947 1928/1928/1928 1925/1925/1925
f 1948/1948/1948 799/799/799 801/801/801
f 1948/1948/1948 801/801/801 1928/1928/1928
f 1922/1922/1922 780/780/780 778/778/778
f 1922/1922/1922 778/778/778 1923/1923/1923
f 780/780/780 1922/1922/1922 1929/1929/1929
f 780/780/780 1929/1929/1929 783/783/783
f 783/783/783 1929/1929/1929 1930/1930/1930
f 783/783/783 1930/1930/1930 782/782/782
f 1949/1949/1949 1945/1945/1945 721/721/721
f 1949/1949/1949 721/721/721 720/720/720
f 720/720/720 1950/1950/1950 1951/1951/1951
f 720/720/720 1951/1951/1951 1949/1949/1949
f 1951/1951/1951 1950/1950/1950 1952/1952/1952
f 1951/1951/1951 1952/1952/1952 1953/1953/1953
f 1954/1954/1954 1953/1953/1953 1952/1952/1952
f 1954/1954/1954 1952/1952/1952 1955/1955/1955
f 1955/1955/1955 1956/1956/1956 1957/1957/1957
f 1955/1955/1955 1957/1957/1957 1954/1954/1954
f 1958/1958/1958 1959/1959/1959 1957/1957/1957
f 1958/1958/1958 1957/1957/1957 1956/1956/1956
f 1958/1958/1958 1960/1960/1960 1961/1961/1961
f 1958/1958/1958 1961/1961/1961 1959/1959/1959
f 1960/1960/1960 1962/1962/1962 1963/1963/1963
f 1960/1960/1960 1963/1963/1963 1961/1961/1961
f 1964/1964/1964 1963/1963/1963 1962/1962/1962
f 1964/1964/1964 1962/1962/1962 1965/1965/1965
f 1965/1965/1965 1966/1966/1966 1967/1967/1967
f 1965/1965/1965 1967/1967/1967 1964/1964/1964
f 1968/1968/1968 1969/1969/1969 1967/1967/1967
f 1968/1968/1968 1967/1967/1967 1966/1966/1966
f 734/734/734 1970/1970/1970 1969/1969/1969
f 734/734/734 1969/1969/1969 1968/1968/1968
f 1970/1970/1970 734/734/734 733/733/733
f 1970/1970/1970 733/733/733 1971/1971/1971
f 1971/1971/1971 733/733/733 1972/1972/1972
f 1971/1971/1971 1972/1972/1972 1973/1973/1973
f 1972/1972/1972 733/733/733 1974/1974/1974
f 1972/1972/1972 1974/1974/1974 1975/1975/1975
f 1972/1972/1972 706/706/706 1976/1976/1976
f 1972/1972/1972 1976/1976/1976 1973/1973/1973
f 1972/1972/1972 1975/1975/1975 1977/1977/1977
f 1972/1972/1972 1977/1977/1977 706/706/706
f 707/707/707 1978/1978/1978 1979/1979/1979
f 707/707/707 1979/1979/1979 1980/1980/1980
f 1980/1980/1980 1979/1979/1979 1981/1981/1981
f 1980/1980/1980 1981/1981/1981 1982/1982/1982
f 1983/1983/1983 1984/1984/1984 1982/1982/1982
f 1983/1983/1983 1982/1982/1982 1981/1981/1981
f 1984/1984/1984 1983/1983/1983 1985/1985/1985
f 1984/1984/1984 1985/1985/1985 1986/1986/1986
f 1238/1238/1238 1237/1237/1237 1986/1986/1986
f 1238/1238/1238 1986/1986/1986 1985/1985/1985
f 706/706/706 1977/1977/1977 1978/1978/1978
f 706/706/706 1978/1978/1978 707/707/707
f 706/706/706 705/705/705 1987/1987/1987
f 706/706/706 1987/1987/1987 1976/1976/1976
f 1987/1987/1987 705/705/705 1988/1988/1988
f 1987/1987/1987 1988/1988/1988 1989/1989/1989
f 1988/1988/1988 710/710/710 1990/1990/1990
f 1988/1988/1988 1990/1990/1990 1989/1989/1989
f 1991/1991/1991 1990/1990/1990 710/710/710
f 1991/1991/1991 710/710/710 709/709/709
f 708/708/708 710/710/710 1992/1992/1992
f 708/708/708 1992/1992/1992 1921/1921/1921
f 1993/1993/1993 1988/1988/1988 705/705/705
f 1993/1993/1993 705/705/705 707/707/707
f 1992/1992/1992 710/710/710 1988/1988/1988
f 1992/1992/1992 1988/1988/1988 1993/1993/1993
f 1994/1994/1994 714/714/714 716/716/716
f 1994/1994/1994 716/716/716 1995/1995/1995
f 1996/1996/1996 1997/1997/1997 1994/1994/1994
f 1996/1996/1996 1994/1994/1994 1995/1995/1995
f 713/713/713 712/712/712 1997/1997/1997
f 713/713/713 1997/1997/1997 1996/1996/1996
f 1998/1998/1998 712/712/712 711/711/711
f 1998/1998/1998 711/711/711 1999/1999/1999
f 715/715/715 714/714/714 2000/2000/2000
f 715/715/715 2000/2000/2000 2001/2001/2001
f 714/714/714 1994/1994/1994 2002/2002/2002
f 714/714/714 2002/2002/2002 2000/2000/2000
f 1997/1997/1997 2003/2003/2003 2002/2002/2002
f 1997/1997/1997 2002/2002/2002 1994/1994/1994
f 712/712/712 1998/1998/1998 2003/2003/2003
f 712/712/712 2003/2003/2003 1997/1997/1997
f 2004/2004/2004 1998/1998/1998 1999/1999/1999
f 2004/2004/2004 1999/1999/1999 2005/2005/2005
f 2001/2001/2001 2000/2000/2000 718/718/718
f 2001/2001/2001 718/718/718 2006/2006/2006
f 2007/2007/2007 718/718/718 2000/2000/2000
f 2007/2007/2007 2000/2000/2000 2002/2002/2002
f 2003/2003/2003 2008/2008/2008 2007/2007/2007
f 2003/2003/2003 2007/2007/2007 2002/2002/2002
f 2008/2008/2008 2003/2003/2003 1998/1998/1998
f 2008/2008/2008 1998/1998/1998 2004/2004/2004
f 2009/2009/2009 2004/2004/2004 2005/2005/2005
f 2009/2009/2009 2005/2005/2005 2010/2010/2010
f 2011/2011/2011 2008/2008/2008 2004/2004/2004
f 2011/2011/2011 2004/2004/2004 2009/2009/2009
f 2012/2012/2012 2007/2007/2007 2008/2008/2008
f 2012/2012/2012 2008/2008/2008 2011/2011/2011
f 719/719/719 718/718/718 2007/2007/2007
f 719/719/719 2007/2007/2007 2012/2012/2012
f 717/717/717 2013/2013/2013 2006/2006/2006
f 717/717/717 2006/2006/2006 718/718/718
f 2014/2014/2014 2015/2015/2015 2013/2013/2013
f 2014/2014/2014 2013/2013/2013 717/717/717
f 2016/2016/2016 2017/2017/2017 2015/2015/2015
f 2016/2016/2016 2015/2015/2015 2014/2014/2014
f 2018/2018/2018 2014/2014/2014 717/717/717
f 2018/2018/2018 717/717/717 719/719/719
f 2014/2014/2014 2018/2018/2018 2019/2019/2019
f 2014/2014/2014 2019/2019/2019 2016/2016/2016
f 2018/2018/2018 719/719/719 2012/2012/2012
f 2018/2018/2018 2012/2012/2012 2020/2020/2020
f 2018/2018/2018 2020/2020/2020 2021/2021/2021
f 2018/2018/2018 2021/2021/2021 2019/2019/2019
f 2011/2011/2011 2022/2022/2022 2020/2020/2020
f 2011/2011/2011 2020/2020/2020 2012/2012/2012
f 2021/2021/2021 2020/2020/2020 2022/2022/2022
f 2021/2021/2021 2022/2022/2022 2023/2023/2023
f 723/723/723 2009/2009/2009 2010/2010/2010
f 723/723/723 2010/2010/2010 2024/2024/2024
f 2024/2024/2024 2025/2025/2025 724/724/724
f 2024/2024/2024 724/724/724 723/723/723
f 2022/2022/2022 2011/2011/2011 2009/2009/2009
f 2022/2022/2022 2009/2009/2009 723/723/723
f 2026/2026/2026 786/786/786 1919/1919/1919
f 2026/2026/2026 1919/1919/1919 1918/1918/1918
f 786/786/786 785/785/785 1946/1946/1946
f 786/786/786 1946/1946/1946 1919/1919/1919
f 1944/1944/1944 2027/2027/2027 722/722/722
f 1944/1944/1944 722/722/722 721/721/721
f 2028/2028/2028 2029/2029/2029 722/722/722
f 2028/2028/2028 722/722/722 2027/2027/2027
f 834/834/834 2030/2030/2030 1937/1937/1937
f 834/834/834 1937/1937/1937 835/835/835
f 720/720/720 722/722/722 2029/2029/2029
f 720/720/720 2029/2029/2029 1950/1950/1950
f 2031/2031/2031 2032/2032/2032 2017/2017/2017
f 2031/2031/2031 2017/2017/2017 2016/2016/2016
f 2016/2016/2016 2019/2019/2019 2033/2033/2033
f 2016/2016/2016 2033/2033/2033 2031/2031/2031
f 2034/2034/2034 2032/2032/2032 2031/2031/2031
f 2034/2034/2034 2031/2031/2031 2035/2035/2035
f 2019/2019/2019 2021/2021/2021 2036/2036/2036
f 2019/2019/2019 2036/2036/2036 2033/2033/2033
f 2036/2036/2036 2037/2037/2037 2038/2038/2038
f 2036/2036/2036 2038/2038/2038 2033/2033/2033
f 2023/2023/2023 2039/2039/2039 2036/2036/2036
f 2023/2023/2023 2036/2036/2036 2021/2021/2021
f 2025/2025/2025 2040/2040/2040 727/727/727
f 2025/2025/2025 727/727/727 724/724/724
f 729/729/729 727/727/727 2040/2040/2040
f 729/729/729 2040/2040/2040 2041/2041/2041
f 2042/2042/2042 729/729/729 2041/2041/2041
f 2042/2042/2042 2041/2041/2041 2043/2043/2043
f 2039/2039/2039 2044/2044/2044 2037/2037/2037
f 2039/2039/2039 2037/2037/2037 2036/2036/2036
f 2043/2043/2043 2045/2045/2045 2046/2046/2046
f 2043/2043/2043 2046/2046/2046 2042/2042/2042
f 2047/2047/2047 2046/2046/2046 2045/2045/2045
f 2047/2047/2047 2045/2045/2045 2048/2048/2048
f 2049/2049/2049 2050/2050/2050 2051/2051/2051
f 2049/2049/2049 2051/2051/2051 2052/2052/2052
f 2053/2053/2053 2051/2051/2051 2050/2050/2050
f 2053/2053/2053 2050/2050/2050 2054/2054/2054
f 2054/2054/2054 2032/2032/2032 2034/2034/2034
f 2054/2054/2054 2034/2034/2034 2053/2053/2053
f 2055/2055/2055 2056/2056/2056 2053/2053/2053
f 2055/2055/2055 2053/2053/2053 2034/2034/2034
f 2035/2035/2035 2057/2057/2057 2055/2055/2055
f 2035/2035/2035 2055/2055/2055 2034/2034/2034
f 2038/2038/2038 2058/2058/2058 2057/2057/2057
f 2038/2038/2038 2057/2057/2057 2035/2035/2035
f 2037/2037/2037 2059/2059/2059 2058/2058/2058
f 2037/2037/2037 2058/2058/2058 2038/2038/2038
f 2044/2044/2044 2060/2060/2060 2059/2059/2059
f 2044/2044/2044 2059/2059/2059 2037/2037/2037
f 725/725/725 2023/2023/2023 2022/2022/2022
f 725/725/725 2022/2022/2022 723/723/723
f 2039/2039/2039 2023/2023/2023 725/725/725
f 2039/2039/2039 725/725/725 2061/2061/2061
f 2044/2044/2044 2039/2039/2039 2061/2061/2061
f 2044/2044/2044 2061/2061/2061 2062/2062/2062
f 2060/2060/2060 2044/2044/2044 2062/2062/2062
f 2060/2060/2060 2062/2062/2062 2063/2063/2063
f 724/724/724 726/726/726 2061/2061/2061
f 724/724/724 2061/2061/2061 725/725/725
f 726/726/726 2064/2064/2064 2062/2062/2062
f 726/726/726 2062/2062/2062 2061/2061/2061
f 2064/2064/2064 2065/2065/2065 2063/2063/2063
f 2064/2064/2064 2063/2063/2063 2062/2062/2062
f 2064/2064/2064 726/726/726 727/727/727
f 2064/2064/2064 727/727/727 728/728/728
f 729/729/729 2042/2042/2042 731/731/731
f 729/729/729 731/731/731 728/728/728
f 2065/2065/2065 2064/2064/2064 728/728/728
f 2065/2065/2065 728/728/728 730/730/730
f 2042/2042/2042 2046/2046/2046 2066/2066/2066
f 2042/2042/2042 2066/2066/2066 731/731/731
f 2046/2046/2046 2047/2047/2047 2067/2067/2067
f 2046/2046/2046 2067/2067/2067 2066/2066/2066
f 2052/2052/2052 2051/2051/2051 2068/2068/2068
f 2052/2052/2052 2068/2068/2068 2069/2069/2069
f 2051/2051/2051 2053/2053/2053 2056/2056/2056
f 2051/2051/2051 2056/2056/2056 2068/2068/2068
f 732/732/732 2070/2070/2070 1974/1974/1974
f 732/732/732 1974/1974/1974 733/733/733
f 2071/2071/2071 2072/2072/2072 2073/2073/2073
f 2071/2071/2071 2073/2073/2073 2074/2074/2074
f 2075/2075/2075 2076/2076/2076 2071/2071/2071
f 2075/2075/2075 2071/2071/2071 2074/2074/2074
f 2070/2070/2070 732/732/732 2076/2076/2076
f 2070/2070/2070 2076/2076/2076 2075/2075/2075
f 732/732/732 734/734/734 1968/1968/1968
f 732/732/732 1968/1968/1968 2076/2076/2076
f 2077/2077/2077 2076/2076/2076 1968/1968/1968
f 2077/2077/2077 1968/1968/1968 1966/1966/1966
f 2072/2072/2072 2071/2071/2071 2078/2078/2078
f 2072/2072/2072 2078/2078/2078 2079/2079/2079
f 2071/2071/2071 2076/2076/2076 2077/2077/2077
f 2071/2071/2071 2077/2077/2077 2078/2078/2078
f 823/823/823 2077/2077/2077 1966/1966/1966
f 823/823/823 1966/1966/1966 1965/1965/1965
f 2079/2079/2079 2078/2078/2078 825/825/825
f 2079/2079/2079 825/825/825 2080/2080/2080
f 2078/2078/2078 2077/2077/2077 823/823/823
f 2078/2078/2078 823/823/823 825/825/825
f 1965/1965/1965 1962/1962/1962 824/824/824
f 1965/1965/1965 824/824/824 823/823/823
f 2081/2081/2081 2080/2080/2080 825/825/825
f 2081/2081/2081 825/825/825 824/824/824
f 824/824/824 2082/2082/2082 2083/2083/2083
f 824/824/824 2083/2083/2083 2081/2081/2081
f 1962/1962/1962 1960/1960/1960 2082/2082/2082
f 1962/1962/1962 2082/2082/2082 824/824/824
f 2084/2084/2084 2083/2083/2083 2082/2082/2082
f 2084/2084/2084 2082/2082/2082 2085/2085/2085
f 2085/2085/2085 2082/2082/2082 1960/1960/1960
f 2085/2085/2085 1960/1960/1960 1958/1958/1958
f 2086/2086/2086 2084/2084/2084 2085/2085/2085
f 2086/2086/2086 2085/2085/2085 2087/2087/2087
f 2087/2087/2087 2085/2085/2085 1958/1958/1958
f 2087/2087/2087 1958/1958/1958 1956/1956/1956
f 2087/2087/2087 2088/2088/2088 2089/2089/2089
f 2087/2087/2087 2089/2089/2089 2086/2086/2086
f 2088/2088/2088 2087/2087/2087 1956/1956/1956
f 2088/2088/2088 1956/1956/1956 1955/1955/1955
f 1955/1955/1955 1952/1952/1952 736/736/736
f 1955/1955/1955 736/736/736 2088/2088/2088
f 2088/2088/2088 736/736/736 2090/2090/2090
f 2088/2088/2088 2090/2090/2090 2089/2089/2089
f 737/737/737 736/736/736 1952/1952/1952
f 737/737/737 1952/1952/1952 1950/1950/1950
f 2029/2029/2029 2091/2091/2091 737/737/737
f 2029/2029/2029 737/737/737 1950/1950/1950
f 2090/2090/2090 736/736/736 735/735/735
f 2090/2090/2090 735/735/735 2092/2092/2092
f 737/737/737 2091/2091/2091 2093/2093/2093
f 737/737/737 2093/2093/2093 735/735/735
f 2094/2094/2094 2092/2092/2092 735/735/735
f 2094/2094/2094 735/735/735 2093/2093/2093
f 2029/2029/2029 2028/2028/2028 2095/2095/2095
f 2029/2029/2029 2095/2095/2095 2091/2091/2091
f 2095/2095/2095 2096/2096/2096 2097/2097/2097
f 2095/2095/2095 2097/2097/2097 2091/2091/2091
f 2098/2098/2098 2094/2094/2094 2093/2093/2093
f 2098/2098/2098 2093/2093/2093 2099/2099/2099
f 2093/2093/2093 2091/2091/2091 2097/2097/2097
f 2093/2093/2093 2097/2097/2097 2099/2099/2099
f 2098/2098/2098 2099/2099/2099 2100/2100/2100
f 2098/2098/2098 2100/2100/2100 2101/2101/2101
f 2102/2102/2102 2097/2097/2097 2096/2096/2096
f 2102/2102/2102 2096/2096/2096 2103/2103/2103
f 2100/2100/2100 2099/2099/2099 2097/2097/2097
f 2100/2100/2100 2097/2097/2097 2102/2102/2102
f 1946/1946/1946 826/826/826 782/782/782
f 1946/1946/1946 782/782/782 1930/1930/1930
f 785/785/785 2104/2104/2104 826/826/826
f 785/785/785 826/826/826 1946/1946/1946
f 2105/2105/2105 2106/2106/2106 2107/2107/2107
f 2105/2105/2105 2107/2107/2107 2108/2108/2108
f 2109/2109/2109 2107/2107/2107 2106/2106/2106
f 2109/2109/2109 2106/2106/2106 2110/2110/2110
f 2110/2110/2110 2111/2111/2111 738/738/738
f 2110/2110/2110 738/738/738 2109/2109/2109
f 2112/2112/2112 739/739/739 738/738/738
f 2112/2112/2112 738/738/738 2111/2111/2111
f 2108/2108/2108 2113/2113/2113 2114/2114/2114
f 2108/2108/2108 2114/2114/2114 2105/2105/2105
f 2113/2113/2113 2115/2115/2115 2116/2116/2116
f 2113/2113/2113 2116/2116/2116 2114/2114/2114
f 2117/2117/2117 2116/2116/2116 2115/2115/2115
f 2117/2117/2117 2115/2115/2115 2118/2118/2118
f 2118/2118/2118 2119/2119/2119 839/839/839
f 2118/2118/2118 839/839/839 2117/2117/2117
f 2120/2120/2120 2121/2121/2121 739/739/739
f 2120/2120/2120 739/739/739 2112/2112/2112
f 2109/2109/2109 2122/2122/2122 2123/2123/2123
f 2109/2109/2109 2123/2123/2123 2107/2107/2107
f 738/738/738 740/740/740 2122/2122/2122
f 738/738/738 2122/2122/2122 2109/2109/2109
f 2108/2108/2108 2107/2107/2107 2123/2123/2123
f 2108/2108/2108 2123/2123/2123 2124/2124/2124
f 2113/2113/2113 2108/2108/2108 2124/2124/2124
f 2113/2113/2113 2124/2124/2124 2125/2125/2125
f 2116/2116/2116 2126/2126/2126 2127/2127/2127
f 2116/2116/2116 2127/2127/2127 2114/2114/2114
f 2128/2128/2128 2105/2105/2105 2114/2114/2114
f 2128/2128/2128 2114/2114/2114 2127/2127/2127
f 2105/2105/2105 2128/2128/2128 2129/2129/2129
f 2105/2105/2105 2129/2129/2129 2106/2106/2106
f 2110/2110/2110 2106/2106/2106 2129/2129/2129
f 2110/2110/2110 2129/2129/2129 2130/2130/2130
f 2116/2116/2116 2117/2117/2117 745/745/745
f 2116/2116/2116 745/745/745 2126/2126/2126
f 2130/2130/2130 2131/2131/2131 2111/2111/2111
f 2130/2130/2130 2111/2111/2111 2110/2110/2110
f 2131/2131/2131 2132/2132/2132 2112/2112/2112
f 2131/2131/2131 2112/2112/2112 2111/2111/2111
f 2112/2112/2112 2132/2132/2132 2133/2133/2133
f 2112/2112/2112 2133/2133/2133 2120/2120/2120
f 2132/2132/2132 2131/2131/2131 2134/2134/2134
f 2132/2132/2132 2134/2134/2134 749/749/749
f 2133/2133/2133 2132/2132/2132 749/749/749
f 2133/2133/2133 749/749/749 748/748/748
f 2131/2131/2131 2130/2130/2130 742/742/742
f 2131/2131/2131 742/742/742 2134/2134/2134
f 2130/2130/2130 2129/2129/2129 743/743/743
f 2130/2130/2130 743/743/743 742/742/742
f 2128/2128/2128 2135/2135/2135 743/743/743
f 2128/2128/2128 743/743/743 2129/2129/2129
f 2127/2127/2127 2136/2136/2136 2135/2135/2135
f 2127/2127/2127 2135/2135/2135 2128/2128/2128
f 2136/2136/2136 2127/2127/2127 2126/2126/2126
f 2136/2136/2136 2126/2126/2126 2137/2137/2137
f 2138/2138/2138 2133/2133/2133 748/748/748
f 2138/2138/2138 748/748/748 2139/2139/2139
f 2120/2120/2120 2133/2133/2133 2138/2138/2138
f 2120/2120/2120 2138/2138/2138 2140/2140/2140
f 2140/2140/2140 2141/2141/2141 2121/2121/2121
f 2140/2140/2140 2121/2121/2121 2120/2120/2120
f 864/864/864 866/866/866 2138/2138/2138
f 864/864/864 2138/2138/2138 2139/2139/2139
f 866/866/866 2142/2142/2142 2140/2140/2140
f 866/866/866 2140/2140/2140 2138/2138/2138
f 2140/2140/2140 2142/2142/2142 2143/2143/2143
f 2140/2140/2140 2143/2143/2143 2141/2141/2141
f 807/807/807 741/741/741 743/743/743
f 807/807/807 743/743/743 2135/2135/2135
f 2136/2136/2136 846/846/846 807/807/807
f 2136/2136/2136 807/807/807 2135/2135/2135
f 2137/2137/2137 851/851/851 846/846/846
f 2137/2137/2137 846/846/846 2136/2136/2136
f 747/747/747 845/845/845 2139/2139/2139
f 747/747/747 2139/2139/2139 748/748/748
f 864/864/864 2139/2139/2139 845/845/845
f 864/864/864 845/845/845 852/852/852
f 2137/2137/2137 2126/2126/2126 745/745/745
f 2137/2137/2137 745/745/745 744/744/744
f 851/851/851 2137/2137/2137 744/744/744
f 851/851/851 744/744/744 850/850/850
f 746/746/746 745/745/745 2117/2117/2117
f 746/746/746 2117/2117/2117 839/839/839
f 848/848/848 850/850/850 744/744/744
f 848/848/848 744/744/744 746/746/746
f 2144/2144/2144 2145/2145/2145 2146/2146/2146
f 2144/2144/2144 2146/2146/2146 2147/2147/2147
f 2148/2148/2148 2146/2146/2146 2145/2145/2145
f 2148/2148/2148 2145/2145/2145 2149/2149/2149
f 2150/2150/2150 2151/2151/2151 2148/2148/2148
f 2150/2150/2150 2148/2148/2148 2149/2149/2149
f 2152/2152/2152 2153/2153/2153 2151/2151/2151
f 2152/2152/2152 2151/2151/2151 2150/2150/2150
f 2153/2153/2153 2152/2152/2152 2154/2154/2154
f 2153/2153/2153 2154/2154/2154 2141/2141/2141
f 742/742/742 741/741/741 806/806/806
f 742/742/742 806/806/806 2134/2134/2134
f 806/806/806 747/747/747 749/749/749
f 806/806/806 749/749/749 2134/2134/2134
f 1993/1993/1993 707/707/707 1980/1980/1980
f 1993/1993/1993 1980/1980/1980 2155/2155/2155
f 1986/1986/1986 1237/1237/1237 1408/1408/1408
f 1986/1986/1986 1408/1408/1408 2156/2156/2156
f 1986/1986/1986 2156/2156/2156 2157/2157/2157
f 1986/1986/1986 2157/2157/2157 1984/1984/1984
f 2158/2158/2158 1982/1982/1982 1984/1984/1984
f 2158/2158/2158 1984/1984/1984 2157/2157/2157
f 1982/1982/1982 2158/2158/2158 2155/2155/2155
f 1982/1982/1982 2155/2155/2155 1980/1980/1980
f 2156/2156/2156 1408/1408/1408 1413/1413/1413
f 2156/2156/2156 1413/1413/1413 2159/2159/2159
f 2160/2160/2160 2157/2157/2157 2156/2156/2156
f 2160/2160/2160 2156/2156/2156 2159/2159/2159
f 2157/2157/2157 2160/2160/2160 2161/2161/2161
f 2157/2157/2157 2161/2161/2161 2158/2158/2158
f 2158/2158/2158 2161/2161/2161 2162/2162/2162
f 2158/2158/2158 2162/2162/2162 2155/2155/2155
f 2155/2155/2155 2162/2162/2162 1992/1992/1992
f 2155/2155/2155 1992/1992/1992 1993/1993/1993
f 2162/2162/2162 2163/2163/2163 1921/1921/1921
f 2162/2162/2162 1921/1921/1921 1992/1992/1992
f 2161/2161/2161 2164/2164/2164 2163/2163/2163
f 2161/2161/2161 2163/2163/2163 2162/2162/2162
f 2164/2164/2164 2161/2161/2161 2160/2160/2160
f 2164/2164/2164 2160/2160/2160 2165/2165/2165
f 2160/2160/2160 2159/2159/2159 2166/2166/2166
f 2160/2160/2160 2166/2166/2166 2165/2165/2165
f 1421/1421/1421 2166/2166/2166 2159/2159/2159
f 1421/1421/1421 2159/2159/2159 1413/1413/1413
f 1421/1421/1421 1423/1423/1423 2167/2167/2167
f 1421/1421/1421 2167/2167/2167 2166/2166/2166
f 2166/2166/2166 2167/2167/2167 2168/2168/2168
f 2166/2166/2166 2168/2168/2168 2165/2165/2165
f 2165/2165/2165 2168/2168/2168 2169/2169/2169
f 2165/2165/2165 2169/2169/2169 2164/2164/2164
f 2170/2170/2170 2163/2163/2163 2164/2164/2164
f 2170/2170/2170 2164/2164/2164 2169/2169/2169
f 2163/2163/2163 2170/2170/2170 1920/1920/1920
f 2163/2163/2163 1920/1920/1920 1921/1921/1921
f 1423/1423/1423 1428/1428/1428 2171/2171/2171
f 1423/1423/1423 2171/2171/2171 2167/2167/2167
f 2167/2167/2167 2171/2171/2171 2172/2172/2172
f 2167/2167/2167 2172/2172/2172 2168/2168/2168
f 2168/2168/2168 2172/2172/2172 2173/2173/2173
f 2168/2168/2168 2173/2173/2173 2169/2169/2169
f 2169/2169/2169 2173/2173/2173 2174/2174/2174
f 2169/2169/2169 2174/2174/2174 2170/2170/2170
f 2170/2170/2170 2174/2174/2174 904/904/904
f 2170/2170/2170 904/904/904 1920/1920/1920
f 2175/2175/2175 2171/2171/2171 1428/1428/1428
f 2175/2175/2175 1428/1428/1428 1433/1433/1433
f 2176/2176/2176 2172/2172/2172 2171/2171/2171
f 2176/2176/2176 2171/2171/2171 2175/2175/2175
f 2172/2172/2172 2176/2176/2176 2177/2177/2177
f 2172/2172/2172 2177/2177/2177 2173/2173/2173
f 2178/2178/2178 2174/2174/2174 2173/2173/2173
f 2178/2178/2178 2173/2173/2173 2177/2177/2177
f 2174/2174/2174 2178/2178/2178 704/704/704
f 2174/2174/2174 704/704/704 904/904/904
f 2176/2176/2176 2179/2179/2179 2180/2180/2180
f 2176/2176/2176 2180/2180/2180 2177/2177/2177
f 789/789/789 2178/2178/2178 2177/2177/2177
f 789/789/789 2177/2177/2177 2180/2180/2180
f 788/788/788 704/704/704 2178/2178/2178
f 788/788/788 2178/2178/2178 789/789/789
f 2181/2181/2181 1442/1442/1442 1441/1441/1441
f 2181/2181/2181 1441/1441/1441 2182/2182/2182
f 2183/2183/2183 2181/2181/2181 2182/2182/2182
f 2183/2183/2183 2182/2182/2182 2184/2184/2184
f 2185/2185/2185 2186/2186/2186 2183/2183/2183
f 2185/2185/2185 2183/2183/2183 2184/2184/2184
f 2187/2187/2187 2188/2188/2188 2186/2186/2186
f 2187/2187/2187 2186/2186/2186 2185/2185/2185
f 2189/2189/2189 2190/2190/2190 2188/2188/2188
f 2189/2189/2189 2188/2188/2188 2187/2187/2187
f 2190/2190/2190 2189/2189/2189 2191/2191/2191
f 2190/2190/2190 2191/2191/2191 2192/2192/2192
f 2192/2192/2192 2191/2191/2191 2193/2193/2193
f 2192/2192/2192 2193/2193/2193 2194/2194/2194
f 2193/2193/2193 2195/2195/2195 2196/2196/2196
f 2193/2193/2193 2196/2196/2196 2194/2194/2194
f 2197/2197/2197 2187/2187/2187 2185/2185/2185
f 2197/2197/2197 2185/2185/2185 2198/2198/2198
f 2187/2187/2187 2197/2197/2197 2199/2199/2199
f 2187/2187/2187 2199/2199/2199 2189/2189/2189
f 2200/2200/2200 2191/2191/2191 2189/2189/2189
f 2200/2200/2200 2189/2189/2189 2199/2199/2199
f 2191/2191/2191 2200/2200/2200 2201/2201/2201
f 2191/2191/2191 2201/2201/2201 2193/2193/2193
f 2195/2195/2195 2193/2193/2193 2201/2201/2201
f 2195/2195/2195 2201/2201/2201 2202/2202/2202
f 2185/2185/2185 2184/2184/2184 2203/2203/2203
f 2185/2185/2185 2203/2203/2203 2198/2198/2198
f 2184/2184/2184 2182/2182/2182 751/751/751
f 2184/2184/2184 751/751/751 2203/2203/2203
f 1464/1464/1464 751/751/751 2182/2182/2182
f 1464/1464/1464 2182/2182/2182 1441/1441/1441
f 752/752/752 751/751/751 1464/1464/1464
f 752/752/752 1464/1464/1464 1465/1465/1465
f 750/750/750 2204/2204/2204 2203/2203/2203
f 750/750/750 2203/2203/2203 751/751/751
f 2198/2198/2198 2203/2203/2203 2204/2204/2204
f 2198/2198/2198 2204/2204/2204 2205/2205/2205
f 2205/2205/2205 2206/2206/2206 2197/2197/2197
f 2205/2205/2205 2197/2197/2197 2198/2198/2198
f 2206/2206/2206 2207/2207/2207 2199/2199/2199
f 2206/2206/2206 2199/2199/2199 2197/2197/2197
f 2199/2199/2199 2207/2207/2207 2208/2208/2208
f 2199/2199/2199 2208/2208/2208 2200/2200/2200
f 2209/2209/2209 2201/2201/2201 2200/2200/2200
f 2209/2209/2209 2200/2200/2200 2208/2208/2208
f 2202/2202/2202 2201/2201/2201 2209/2209/2209
f 2202/2202/2202 2209/2209/2209 2210/2210/2210
f 2209/2209/2209 2211/2211/2211 2212/2212/2212
f 2209/2209/2209 2212/2212/2212 2210/2210/2210
f 2208/2208/2208 2213/2213/2213 2211/2211/2211
f 2208/2208/2208 2211/2211/2211 2209/2209/2209
f 2214/2214/2214 2213/2213/2213 2208/2208/2208
f 2214/2214/2214 2208/2208/2208 2207/2207/2207
f 2207/2207/2207 2206/2206/2206 2215/2215/2215
f 2207/2207/2207 2215/2215/2215 2214/2214/2214
f 758/758/758 828/828/828 2214/2214/2214
f 758/758/758 2214/2214/2214 2215/2215/2215
f 2214/2214/2214 828/828/828 2216/2216/2216
f 2214/2214/2214 2216/2216/2216 2213/2213/2213
f 2213/2213/2213 2216/2216/2216 2217/2217/2217
f 2213/2213/2213 2217/2217/2217 2211/2211/2211
f 2218/2218/2218 2212/2212/2212 2211/2211/2211
f 2218/2218/2218 2211/2211/2211 2217/2217/2217
f 2206/2206/2206 2205/2205/2205 755/755/755
f 2206/2206/2206 755/755/755 2215/2215/2215
f 2215/2215/2215 755/755/755 754/754/754
f 2215/2215/2215 754/754/754 758/758/758
f 753/753/753 755/755/755 2205/2205/2205
f 753/753/753 2205/2205/2205 2204/2204/2204
f 752/752/752 1465/1465/1465 1481/1481/1481
f 752/752/752 1481/1481/1481 772/772/772
f 750/750/750 752/752/752 772/772/772
f 750/750/750 772/772/772 759/759/759
f 2204/2204/2204 750/750/750 759/759/759
f 2204/2204/2204 759/759/759 753/753/753
f 2217/2217/2217 2219/2219/2219 2220/2220/2220
f 2217/2217/2217 2220/2220/2220 2218/2218/2218
f 2221/2221/2221 2220/2220/2220 2219/2219/2219
f 2221/2221/2221 2219/2219/2219 2222/2222/2222
f 2221/2221/2221 2222/2222/2222 2223/2223/2223
f 2221/2221/2221 2223/2223/2223 2224/2224/2224
f 2225/2225/2225 2226/2226/2226 2224/2224/2224
f 2225/2225/2225 2224/2224/2224 2223/2223/2223
f 2219/2219/2219 2217/2217/2217 2216/2216/2216
f 2219/2219/2219 2216/2216/2216 2227/2227/2227
f 2227/2227/2227 2216/2216/2216 828/828/828
f 2227/2227/2227 828/828/828 827/827/827
f 2222/2222/2222 2219/2219/2219 2227/2227/2227
f 2222/2222/2222 2227/2227/2227 2228/2228/2228
f 2228/2228/2228 2227/2227/2227 827/827/827
f 2228/2228/2228 827/827/827 2229/2229/2229
f 2228/2228/2228 2230/2230/2230 2223/2223/2223
f 2228/2228/2228 2223/2223/2223 2222/2222/2222
f 2229/2229/2229 2231/2231/2231 2230/2230/2230
f 2229/2229/2229 2230/2230/2230 2228/2228/2228
f 2230/2230/2230 2232/2232/2232 2225/2225/2225
f 2230/2230/2230 2225/2225/2225 2223/2223/2223
f 2231/2231/2231 2233/2233/2233 2232/2232/2232
f 2231/2231/2231 2232/2232/2232 2230/2230/2230
f 758/758/758 757/757/757 2229/2229/2229
f 758/758/758 2229/2229/2229 827/827/827
f 754/754/754 756/756/756 2234/2234/2234
f 754/754/754 2234/2234/2234 757/757/757
f 2231/2231/2231 2229/2229/2229 757/757/757
f 2231/2231/2231 757/757/757 2234/2234/2234
f 2233/2233/2233 2231/2231/2231 2234/2234/2234
f 2233/2233/2233 2234/2234/2234 2235/2235/2235
f 2235/2235/2235 2234/2234/2234 756/756/756
f 2235/2235/2235 756/756/756 2236/2236/2236
f 753/753/753 760/760/760 2236/2236/2236
f 753/753/753 2236/2236/2236 756/756/756
f 2237/2237/2237 2226/2226/2226 2225/2225/2225
f 2237/2237/2237 2225/2225/2225 2238/2238/2238
f 2232/2232/2232 2239/2239/2239 2238/2238/2238
f 2232/2232/2232 2238/2238/2238 2225/2225/2225
f 2239/2239/2239 2232/2232/2232 2233/2233/2233
f 2239/2239/2239 2233/2233/2233 2240/2240/2240
f 2240/2240/2240 2233/2233/2233 2235/2235/2235
f 2240/2240/2240 2235/2235/2235 2241/2241/2241
f 2241/2241/2241 2235/2235/2235 2236/2236/2236
f 2241/2241/2241 2236/2236/2236 2242/2242/2242
f 2242/2242/2242 2236/2236/2236 760/760/760
f 2242/2242/2242 760/760/760 2243/2243/2243
f 760/760/760 759/759/759 776/776/776
f 760/760/760 776/776/776 2243/2243/2243
f 2244/2244/2244 2237/2237/2237 2238/2238/2238
f 2244/2244/2244 2238/2238/2238 2245/2245/2245
f 2245/2245/2245 2238/2238/2238 2239/2239/2239
f 2245/2245/2245 2239/2239/2239 907/907/907
f 2240/2240/2240 763/763/763 907/907/907
f 2240/2240/2240 907/907/907 2239/2239/2239
f 2241/2241/2241 764/764/764 763/763/763
f 2241/2241/2241 763/763/763 2240/2240/2240
f 2246/2246/2246 2247/2247/2247 2244/2244/2244
f 2246/2246/2246 2244/2244/2244 2245/2245/2245
f 2246/2246/2246 2245/2245/2245 907/907/907
f 2246/2246/2246 907/907/907 762/762/762
f 2242/2242/2242 2248/2248/2248 764/764/764
f 2242/2242/2242 764/764/764 2241/2241/2241
f 2243/2243/2243 2249/2249/2249 2248/2248/2248
f 2243/2243/2243 2248/2248/2248 2242/2242/2242
f 761/761/761 764/764/764 2248/2248/2248
f 761/761/761 2248/2248/2248 2250/2250/2250
f 2250/2250/2250 2248/2248/2248 2249/2249/2249
f 2250/2250/2250 2249/2249/2249 2251/2251/2251
f 2246/2246/2246 2252/2252/2252 2253/2253/2253
f 2246/2246/2246 2253/2253/2253 2247/2247/2247
f 762/762/762 906/906/906 2252/2252/2252
f 762/762/762 2252/2252/2252 2246/2246/2246
f 2254/2254/2254 2253/2253/2253 2252/2252/2252
f 2254/2254/2254 2252/2252/2252 2255/2255/2255
f 2256/2256/2256 2255/2255/2255 2252/2252/2252
f 2256/2256/2256 2252/2252/2252 906/906/906
f 2257/2257/2257 2258/2258/2258 2255/2255/2255
f 2257/2257/2257 2255/2255/2255 2256/2256/2256
f 2255/2255/2255 2258/2258/2258 2259/2259/2259
f 2255/2255/2255 2259/2259/2259 2254/2254/2254
f 2260/2260/2260 2256/2256/2256 906/906/906
f 2260/2260/2260 906/906/906 765/765/765
f 2261/2261/2261 2257/2257/2257 2256/2256/2256
f 2261/2261/2261 2256/2256/2256 2260/2260/2260
f 2251/2251/2251 2261/2261/2261 2260/2260/2260
f 2251/2251/2251 2260/2260/2260 2250/2250/2250
f 765/765/765 761/761/761 2250/2250/2250
f 765/765/765 2250/2250/2250 2260/2260/2260
f 2262/2262/2262 2259/2259/2259 2258/2258/2258
f 2262/2262/2262 2258/2258/2258 2263/2263/2263
f 2257/2257/2257 830/830/830 2263/2263/2263
f 2257/2257/2257 2263/2263/2263 2258/2258/2258
f 2257/2257/2257 2261/2261/2261 829/829/829
f 2257/2257/2257 829/829/829 830/830/830
f 2261/2261/2261 2251/2251/2251 2264/2264/2264
f 2261/2261/2261 2264/2264/2264 829/829/829
f 2265/2265/2265 2264/2264/2264 2251/2251/2251
f 2265/2265/2265 2251/2251/2251 2249/2249/2249
f 2243/2243/2243 776/776/776 2265/2265/2265
f 2243/2243/2243 2265/2265/2265 2249/2249/2249
f 767/767/767 451/451/451 2266/2266/2266
f 767/767/767 2266/2266/2266 905/905/905
f 2267/2267/2267 2268/2268/2268 905/905/905
f 2267/2267/2267 905/905/905 2266/2266/2266
f 2263/2263/2263 2268/2268/2268 2267/2267/2267
f 2263/2263/2263 2267/2267/2267 2262/2262/2262
f 830/830/830 769/769/769 2268/2268/2268
f 830/830/830 2268/2268/2268 2263/2263/2263
f 768/768/768 905/905/905 2268/2268/2268
f 768/768/768 2268/2268/2268 769/769/769
f 829/829/829 2264/2264/2264 770/770/770
f 829/829/829 770/770/770 769/769/769
f 2269/2269/2269 770/770/770 2264/2264/2264
f 2269/2269/2269 2264/2264/2264 2265/2265/2265
f 771/771/771 768/768/768 770/770/770
f 771/771/771 770/770/770 2269/2269/2269
f 776/776/776 773/773/773 2269/2269/2269
f 776/776/776 2269/2269/2269 2265/2265/2265
f 771/771/771 2269/2269/2269 773/773/773
f 771/771/771 773/773/773 774/774/774
f 771/771/771 774/774/774 775/775/775
f 771/771/771 775/775/775 766/766/766
f 1481/1481/1481 459/459/459 774/774/774
f 1481/1481/1481 774/774/774 772/772/772
f 461/461/461 766/766/766 775/775/775
f 461/461/461 775/775/775 593/593/593
f 777/777/777 779/779/779 2270/2270/2270
f 777/777/777 2270/2270/2270 1947/1947/1947
f 2271/2271/2271 2272/2272/2272 2273/2273/2273
f 2271/2271/2271 2273/2273/2273 796/796/796
f 2104/2104/2104 2271/2271/2271 796/796/796
f 2104/2104/2104 796/796/796 826/826/826
f 2274/2274/2274 2104/2104/2104 785/785/785
f 2274/2274/2274 785/785/785 784/784/784
f 2271/2271/2271 2104/2104/2104 2274/2274/2274
f 2271/2271/2271 2274/2274/2274 2275/2275/2275
f 2175/2175/2175 1433/1433/1433 1540/1540/1540
f 2175/2175/2175 1540/1540/1540 2276/2276/2276
f 2179/2179/2179 2176/2176/2176 2175/2175/2175
f 2179/2179/2179 2175/2175/2175 2276/2276/2276
f 2277/2277/2277 2179/2179/2179 2276/2276/2276
f 2277/2277/2277 2276/2276/2276 2278/2278/2278
f 2279/2279/2279 2180/2180/2180 2179/2179/2179
f 2279/2279/2279 2179/2179/2179 2277/2277/2277
f 2279/2279/2279 787/787/787 789/789/789
f 2279/2279/2279 789/789/789 2180/2180/2180
f 786/786/786 2026/2026/2026 2280/2280/2280
f 786/786/786 2280/2280/2280 784/784/784
f 2281/2281/2281 2282/2282/2282 522/522/522
f 2281/2281/2281 522/522/522 1546/1546/1546
f 2282/2282/2282 2281/2281/2281 2283/2283/2283
f 2282/2282/2282 2283/2283/2283 2284/2284/2284
f 2285/2285/2285 2286/2286/2286 2284/2284/2284
f 2285/2285/2285 2284/2284/2284 2283/2283/2283
f 2287/2287/2287 2286/2286/2286 2285/2285/2285
f 2287/2287/2287 2285/2285/2285 2288/2288/2288
f 2288/2288/2288 2289/2289/2289 2290/2290/2290
f 2288/2288/2288 2290/2290/2290 2287/2287/2287
f 2289/2289/2289 2291/2291/2291 2292/2292/2292
f 2289/2289/2289 2292/2292/2292 2290/2290/2290
f 2291/2291/2291 2293/2293/2293 797/797/797
f 2291/2291/2291 797/797/797 2292/2292/2292
f 2293/2293/2293 2294/2294/2294 2295/2295/2295
f 2293/2293/2293 2295/2295/2295 797/797/797
f 2282/2282/2282 2296/2296/2296 838/838/838
f 2282/2282/2282 838/838/838 522/522/522
f 2278/2278/2278 838/838/838 2296/2296/2296
f 2278/2278/2278 2296/2296/2296 2277/2277/2277
f 2297/2297/2297 2296/2296/2296 2282/2282/2282
f 2297/2297/2297 2282/2282/2282 2284/2284/2284
f 2296/2296/2296 2297/2297/2297 2279/2279/2279
f 2296/2296/2296 2279/2279/2279 2277/2277/2277
f 2284/2284/2284 2286/2286/2286 2298/2298/2298
f 2284/2284/2284 2298/2298/2298 2297/2297/2297
f 2297/2297/2297 2298/2298/2298 787/787/787
f 2297/2297/2297 787/787/787 2279/2279/2279
f 2299/2299/2299 2298/2298/2298 2286/2286/2286
f 2299/2299/2299 2286/2286/2286 2287/2287/2287
f 784/784/784 2280/2280/2280 2300/2300/2300
f 784/784/784 2300/2300/2300 2301/2301/2301
f 2302/2302/2302 2299/2299/2299 2287/2287/2287
f 2302/2302/2302 2287/2287/2287 2290/2290/2290
f 2290/2290/2290 2292/2292/2292 795/795/795
f 2290/2290/2290 795/795/795 2302/2302/2302
f 2292/2292/2292 797/797/797 793/793/793
f 2292/2292/2292 793/793/793 795/795/795
f 2301/2301/2301 791/791/791 2274/2274/2274
f 2301/2301/2301 2274/2274/2274 784/784/784
f 2275/2275/2275 2274/2274/2274 791/791/791
f 2275/2275/2275 791/791/791 790/790/790
f 2275/2275/2275 2303/2303/2303 2272/2272/2272
f 2275/2275/2275 2272/2272/2272 2271/2271/2271
f 2270/2270/2270 2304/2304/2304 1948/1948/1948
f 2270/2270/2270 1948/1948/1948 1947/1947/1947
f 2304/2304/2304 2305/2305/2305 799/799/799
f 2304/2304/2304 799/799/799 1948/1948/1948
f 855/855/855 794/794/794 793/793/793
f 855/855/855 793/793/793 856/856/856
f 798/798/798 797/797/797 2295/2295/2295
f 798/798/798 2295/2295/2295 2306/2306/2306
f 2306/2306/2306 2307/2307/2307 2308/2308/2308
f 2306/2306/2306 2308/2308/2308 798/798/798
f 856/856/856 793/793/793 798/798/798
f 856/856/856 798/798/798 2308/2308/2308
f 2307/2307/2307 2309/2309/2309 2310/2310/2310
f 2307/2307/2307 2310/2310/2310 2308/2308/2308
f 2308/2308/2308 2310/2310/2310 2311/2311/2311
f 2308/2308/2308 2311/2311/2311 856/856/856
f 854/854/854 856/856/856 2311/2311/2311
f 854/854/854 2311/2311/2311 2312/2312/2312
f 2309/2309/2309 2313/2313/2313 2314/2314/2314
f 2309/2309/2309 2314/2314/2314 2310/2310/2310
f 2311/2311/2311 2310/2310/2310 2314/2314/2314
f 2311/2311/2311 2314/2314/2314 2315/2315/2315
f 2316/2316/2316 2314/2314/2314 2313/2313/2313
f 2316/2316/2316 2313/2313/2313 2317/2317/2317
f 2100/2100/2100 2316/2316/2316 2317/2317/2317
f 2100/2100/2100 2317/2317/2317 2101/2101/2101
f 2315/2315/2315 2318/2318/2318 2312/2312/2312
f 2315/2315/2315 2312/2312/2312 2311/2311/2311
f 2319/2319/2319 2320/2320/2320 2030/2030/2030
f 2319/2319/2319 2030/2030/2030 834/834/834
f 804/804/804 2321/2321/2321 2320/2320/2320
f 804/804/804 2320/2320/2320 2319/2319/2319
f 804/804/804 803/803/803 2322/2322/2322
f 804/804/804 2322/2322/2322 2321/2321/2321
f 2323/2323/2323 2324/2324/2324 2322/2322/2322
f 2323/2323/2323 2322/2322/2322 803/803/803
f 2325/2325/2325 2326/2326/2326 2324/2324/2324
f 2325/2325/2325 2324/2324/2324 2323/2323/2323
f 2326/2326/2326 2325/2325/2325 2327/2327/2327
f 2326/2326/2326 2327/2327/2327 2328/2328/2328
f 2329/2329/2329 2330/2330/2330 812/812/812
f 2329/2329/2329 812/812/812 2331/2331/2331
f 2332/2332/2332 2273/2273/2273 2272/2272/2272
f 2332/2332/2332 2272/2272/2272 2333/2333/2333
f 792/792/792 2334/2334/2334 2335/2335/2335
f 792/792/792 2335/2335/2335 790/790/790
f 790/790/790 2335/2335/2335 2303/2303/2303
f 790/790/790 2303/2303/2303 2275/2275/2275
f 2329/2329/2329 2336/2336/2336 2337/2337/2337
f 2329/2329/2329 2337/2337/2337 2330/2330/2330
f 2033/2033/2033 2038/2038/2038 2035/2035/2035
f 2033/2033/2033 2035/2035/2035 2031/2031/2031
f 2331/2331/2331 2303/2303/2303 2335/2335/2335
f 2331/2331/2331 2335/2335/2335 2329/2329/2329
f 2338/2338/2338 800/800/800 843/843/843
f 2338/2338/2338 843/843/843 2339/2339/2339
f 844/844/844 843/843/843 800/800/800
f 844/844/844 800/800/800 799/799/799
f 834/834/834 801/801/801 800/800/800
f 834/834/834 800/800/800 2338/2338/2338
f 2319/2319/2319 834/834/834 2338/2338/2338
f 2319/2319/2319 2338/2338/2338 2339/2339/2339
f 802/802/802 804/804/804 2319/2319/2319
f 802/802/802 2319/2319/2319 2339/2339/2339
f 2328/2328/2328 2327/2327/2327 2340/2340/2340
f 2328/2328/2328 2340/2340/2340 2341/2341/2341
f 2327/2327/2327 2342/2342/2342 859/859/859
f 2327/2327/2327 859/859/859 2340/2340/2340
f 803/803/803 841/841/841 2343/2343/2343
f 803/803/803 2343/2343/2343 2323/2323/2323
f 803/803/803 802/802/802 842/842/842
f 803/803/803 842/842/842 841/841/841
f 844/844/844 799/799/799 2305/2305/2305
f 844/844/844 2305/2305/2305 853/853/853
f 809/809/809 781/781/781 796/796/796
f 809/809/809 796/796/796 2273/2273/2273
f 809/809/809 2344/2344/2344 2270/2270/2270
f 809/809/809 2270/2270/2270 779/779/779
f 2344/2344/2344 809/809/809 2273/2273/2273
f 2344/2344/2344 2273/2273/2273 2332/2332/2332
f 853/853/853 2305/2305/2305 2345/2345/2345
f 853/853/853 2345/2345/2345 2346/2346/2346
f 2347/2347/2347 2345/2345/2345 2305/2305/2305
f 2347/2347/2347 2305/2305/2305 2304/2304/2304
f 2304/2304/2304 2270/2270/2270 2344/2344/2344
f 2304/2304/2304 2344/2344/2344 2347/2347/2347
f 2332/2332/2332 837/837/837 2347/2347/2347
f 2332/2332/2332 2347/2347/2347 2344/2344/2344
f 2333/2333/2333 2272/2272/2272 2303/2303/2303
f 2333/2333/2333 2303/2303/2303 2331/2331/2331
f 2331/2331/2331 812/812/812 811/811/811
f 2331/2331/2331 811/811/811 2333/2333/2333
f 2333/2333/2333 811/811/811 837/837/837
f 2333/2333/2333 837/837/837 2332/2332/2332
f 2345/2345/2345 2347/2347/2347 837/837/837
f 2345/2345/2345 837/837/837 836/836/836
f 836/836/836 2348/2348/2348 2346/2346/2346
f 836/836/836 2346/2346/2346 2345/2345/2345
f 2348/2348/2348 836/836/836 811/811/811
f 2348/2348/2348 811/811/811 810/810/810
f 2346/2346/2346 2348/2348/2348 2349/2349/2349
f 2346/2346/2346 2349/2349/2349 2350/2350/2350
f 2351/2351/2351 2352/2352/2352 2353/2353/2353
f 2351/2351/2351 2353/2353/2353 2354/2354/2354
f 2354/2354/2354 2353/2353/2353 2355/2355/2355
f 2354/2354/2354 2355/2355/2355 2356/2356/2356
f 2337/2337/2337 2351/2351/2351 2354/2354/2354
f 2337/2337/2337 2354/2354/2354 2330/2330/2330
f 2356/2356/2356 812/812/812 2330/2330/2330
f 2356/2356/2356 2330/2330/2330 2354/2354/2354
f 812/812/812 2356/2356/2356 2357/2357/2357
f 812/812/812 2357/2357/2357 810/810/810
f 2349/2349/2349 2348/2348/2348 810/810/810
f 2349/2349/2349 810/810/810 2357/2357/2357
f 2355/2355/2355 2358/2358/2358 2357/2357/2357
f 2355/2355/2355 2357/2357/2357 2356/2356/2356
f 2359/2359/2359 2349/2349/2349 2357/2357/2357
f 2359/2359/2359 2357/2357/2357 2358/2358/2358
f 2323/2323/2323 2343/2343/2343 2360/2360/2360
f 2323/2323/2323 2360/2360/2360 2325/2325/2325
f 2325/2325/2325 2360/2360/2360 2342/2342/2342
f 2325/2325/2325 2342/2342/2342 2327/2327/2327
f 2361/2361/2361 857/857/857 859/859/859
f 2361/2361/2361 859/859/859 2342/2342/2342
f 2315/2315/2315 2314/2314/2314 2316/2316/2316
f 2315/2315/2315 2316/2316/2316 2362/2362/2362
f 2100/2100/2100 2102/2102/2102 2362/2362/2362
f 2100/2100/2100 2362/2362/2362 2316/2316/2316
f 2363/2363/2363 2350/2350/2350 2349/2349/2349
f 2363/2363/2363 2349/2349/2349 2359/2359/2359
f 2346/2346/2346 2350/2350/2350 865/865/865
f 2346/2346/2346 865/865/865 853/853/853
f 831/831/831 833/833/833 898/898/898
f 831/831/831 898/898/898 656/656/656
f 1991/1991/1991 709/709/709 1932/1932/1932
f 1991/1991/1991 1932/1932/1932 1936/1936/1936
f 832/832/832 657/657/657 1805/1805/1805
f 832/832/832 1805/1805/1805 1804/1804/1804
f 1629/1629/1629 2278/2278/2278 2276/2276/2276
f 1629/1629/1629 2276/2276/2276 1540/1540/1540
f 2278/2278/2278 1629/1629/1629 523/523/523
f 2278/2278/2278 523/523/523 838/838/838
f 842/842/842 848/848/848 746/746/746
f 842/842/842 746/746/746 840/840/840
f 839/839/839 2119/2119/2119 2364/2364/2364
f 839/839/839 2364/2364/2364 840/840/840
f 2365/2365/2365 841/841/841 840/840/840
f 2365/2365/2365 840/840/840 2364/2364/2364
f 2365/2365/2365 2366/2366/2366 2343/2343/2343
f 2365/2365/2365 2343/2343/2343 841/841/841
f 2367/2367/2367 2360/2360/2360 2343/2343/2343
f 2367/2367/2367 2343/2343/2343 2366/2366/2366
f 2360/2360/2360 2367/2367/2367 2361/2361/2361
f 2360/2360/2360 2361/2361/2361 2342/2342/2342
f 2147/2147/2147 2146/2146/2146 2368/2368/2368
f 2147/2147/2147 2368/2368/2368 2369/2369/2369
f 2370/2370/2370 2371/2371/2371 2369/2369/2369
f 2370/2370/2370 2369/2369/2369 2368/2368/2368
f 2371/2371/2371 2370/2370/2370 2372/2372/2372
f 2371/2371/2371 2372/2372/2372 2373/2373/2373
f 2374/2374/2374 2375/2375/2375 2373/2373/2373
f 2374/2374/2374 2373/2373/2373 2372/2372/2372
f 2375/2375/2375 2374/2374/2374 2376/2376/2376
f 2375/2375/2375 2376/2376/2376 2377/2377/2377
f 2377/2377/2377 2376/2376/2376 2378/2378/2378
f 2377/2377/2377 2378/2378/2378 2352/2352/2352
f 2378/2378/2378 2379/2379/2379 2353/2353/2353
f 2378/2378/2378 2353/2353/2353 2352/2352/2352
f 2380/2380/2380 2378/2378/2378 2376/2376/2376
f 2380/2380/2380 2376/2376/2376 2374/2374/2374
f 2372/2372/2372 2381/2381/2381 2380/2380/2380
f 2372/2372/2372 2380/2380/2380 2374/2374/2374
f 2382/2382/2382 2381/2381/2381 2372/2372/2372
f 2382/2382/2382 2372/2372/2372 2370/2370/2370
f 2368/2368/2368 2383/2383/2383 2382/2382/2382
f 2368/2368/2368 2382/2382/2382 2370/2370/2370
f 2125/2125/2125 2118/2118/2118 2115/2115/2115
f 2125/2125/2125 2115/2115/2115 2113/2113/2113
f 2146/2146/2146 2148/2148/2148 2383/2383/2383
f 2146/2146/2146 2383/2383/2383 2368/2368/2368
f 865/865/865 864/864/864 852/852/852
f 865/865/865 852/852/852 853/853/853
f 2339/2339/2339 843/843/843 808/808/808
f 2339/2339/2339 808/808/808 847/847/847
f 847/847/847 851/851/851 850/850/850
f 847/847/847 850/850/850 849/849/849
f 2339/2339/2339 847/847/847 849/849/849
f 2339/2339/2339 849/849/849 802/802/802
f 848/848/848 842/842/842 802/802/802
f 848/848/848 802/802/802 849/849/849
f 2384/2384/2384 2385/2385/2385 2341/2341/2341
f 2384/2384/2384 2341/2341/2341 2340/2340/2340
f 858/858/858 2384/2384/2384 2340/2340/2340
f 858/858/858 2340/2340/2340 859/859/859
f 2386/2386/2386 2362/2362/2362 2102/2102/2102
f 2386/2386/2386 2102/2102/2102 2103/2103/2103
f 2318/2318/2318 2315/2315/2315 2362/2362/2362
f 2318/2318/2318 2362/2362/2362 2386/2386/2386
f 2355/2355/2355 2353/2353/2353 2379/2379/2379
f 2355/2355/2355 2379/2379/2379 863/863/863
f 2387/2387/2387 865/865/865 2350/2350/2350
f 2387/2387/2387 2350/2350/2350 2363/2363/2363
f 866/866/866 865/865/865 2387/2387/2387
f 866/866/866 2387/2387/2387 2142/2142/2142
f 2388/2388/2388 2143/2143/2143 2142/2142/2142
f 2388/2388/2388 2142/2142/2142 2387/2387/2387
f 2389/2389/2389 2388/2388/2388 2387/2387/2387
f 2389/2389/2389 2387/2387/2387 2363/2363/2363
f 2389/2389/2389 2363/2363/2363 2359/2359/2359
f 2389/2389/2389 2359/2359/2359 860/860/860
f 2154/2154/2154 739/739/739 2121/2121/2121
f 2154/2154/2154 2121/2121/2121 2141/2141/2141
f 2359/2359/2359 2358/2358/2358 861/861/861
f 2359/2359/2359 861/861/861 860/860/860
f 2390/2390/2390 2143/2143/2143 2388/2388/2388
f 2390/2390/2390 2388/2388/2388 2391/2391/2391
f 863/863/863 861/861/861 2358/2358/2358
f 863/863/863 2358/2358/2358 2355/2355/2355
f 2392/2392/2392 2382/2382/2382 2383/2383/2383
f 2392/2392/2392 2383/2383/2383 2393/2393/2393
f 2391/2391/2391 2392/2392/2392 2393/2393/2393
f 2391/2391/2391 2393/2393/2393 2390/2390/2390
f 2390/2390/2390 2153/2153/2153 2141/2141/2141
f 2390/2390/2390 2141/2141/2141 2143/2143/2143
f 2151/2151/2151 2153/2153/2153 2390/2390/2390
f 2151/2151/2151 2390/2390/2390 2393/2393/2393
f 2148/2148/2148 2151/2151/2151 2393/2393/2393
f 2148/2148/2148 2393/2393/2393 2383/2383/2383
f 2394/2394/2394 2395/2395/2395 2380/2380/2380
f 2394/2394/2394 2380/2380/2380 2381/2381/2381
f 2396/2396/2396 862/862/862 2395/2395/2395
f 2396/2396/2396 2395/2395/2395 2394/2394/2394
f 860/860/860 862/862/862 2396/2396/2396
f 860/860/860 2396/2396/2396 2389/2389/2389
f 2391/2391/2391 2388/2388/2388 2389/2389/2389
f 2391/2391/2391 2389/2389/2389 2396/2396/2396
f 2392/2392/2392 2391/2391/2391 2396/2396/2396
f 2392/2392/2392 2396/2396/2396 2394/2394/2394
f 2382/2382/2382 2392/2392/2392 2394/2394/2394
f 2382/2382/2382 2394/2394/2394 2381/2381/2381
f 2379/2379/2379 2378/2378/2378 2380/2380/2380
f 2379/2379/2379 2380/2380/2380 2395/2395/2395
f 863/863/863 2379/2379/2379 2395/2395/2395
f 863/863/863 2395/2395/2395 862/862/862
f 2397/2397/2397 2057/2057/2057 2058/2058/2058
f 2397/2397/2397 2058/2058/2058 867/867/867
f 870/870/870 867/867/867 2058/2058/2058
f 870/870/870 2058/2058/2058 2059/2059/2059
f 2059/2059/2059 2060/2060/2060 2398/2398/2398
f 2059/2059/2059 2398/2398/2398 870/870/870
f 2399/2399/2399 2398/2398/2398 2060/2060/2060
f 2399/2399/2399 2060/2060/2060 2063/2063/2063
f 2399/2399/2399 2063/2063/2063 2065/2065/2065
f 2399/2399/2399 2065/2065/2065 2400/2400/2400
f 2400/2400/2400 2065/2065/2065 730/730/730
f 2400/2400/2400 730/730/730 2401/2401/2401
f 731/731/731 2402/2402/2402 2401/2401/2401
f 731/731/731 2401/2401/2401 730/730/730
f 2066/2066/2066 2403/2403/2403 2402/2402/2402
f 2066/2066/2066 2402/2402/2402 731/731/731
f 2403/2403/2403 2066/2066/2066 2067/2067/2067
f 2403/2403/2403 2067/2067/2067 2404/2404/2404
f 2069/2069/2069 2068/2068/2068 892/892/892
f 2069/2069/2069 892/892/892 873/873/873
f 2068/2068/2068 2056/2056/2056 2405/2405/2405
f 2068/2068/2068 2405/2405/2405 892/892/892
f 2406/2406/2406 2055/2055/2055 2057/2057/2057
f 2406/2406/2406 2057/2057/2057 2397/2397/2397
f 2406/2406/2406 2405/2405/2405 2056/2056/2056
f 2406/2406/2406 2056/2056/2056 2055/2055/2055
f 692/692/692 2405/2405/2405 2406/2406/2406
f 692/692/692 2406/2406/2406 1895/1895/1895
f 2397/2397/2397 688/688/688 1895/1895/1895
f 2397/2397/2397 1895/1895/1895 2406/2406/2406
f 868/868/868 688/688/688 2397/2397/2397
f 868/868/868 2397/2397/2397 867/867/867
f 871/871/871 870/870/870 2398/2398/2398
f 871/871/871 2398/2398/2398 880/880/880
f 2398/2398/2398 2399/2399/2399 2407/2407/2407
f 2398/2398/2398 2407/2407/2407 880/880/880
f 2407/2407/2407 2399/2399/2399 2400/2400/2400
f 2407/2407/2407 2400/2400/2400 2408/2408/2408
f 2401/2401/2401 2409/2409/2409 2408/2408/2408
f 2401/2401/2401 2408/2408/2408 2400/2400/2400
f 2409/2409/2409 2401/2401/2401 2402/2402/2402
f 2409/2409/2409 2402/2402/2402 2410/2410/2410
f 2403/2403/2403 2411/2411/2411 2410/2410/2410
f 2403/2403/2403 2410/2410/2410 2402/2402/2402
f 2404/2404/2404 2412/2412/2412 2411/2411/2411
f 2404/2404/2404 2411/2411/2411 2403/2403/2403
f 697/697/697 892/892/892 2405/2405/2405
f 697/697/697 2405/2405/2405 692/692/692
f 681/681/681 2413/2413/2413 872/872/872
f 681/681/681 872/872/872 695/695/695
f 2413/2413/2413 681/681/681 895/895/895
f 2413/2413/2413 895/895/895 2414/2414/2414
f 2411/2411/2411 2412/2412/2412 877/877/877
f 2411/2411/2411 877/877/877 876/876/876
f 889/889/889 2409/2409/2409 2410/2410/2410
f 889/889/889 2410/2410/2410 878/878/878
f 878/878/878 2410/2410/2410 2411/2411/2411
f 878/878/878 2411/2411/2411 876/876/876
f 889/889/889 886/886/886 2408/2408/2408
f 889/889/889 2408/2408/2408 2409/2409/2409
f 886/886/886 883/883/883 2407/2407/2407
f 886/886/886 2407/2407/2407 2408/2408/2408
f 881/881/881 880/880/880 2407/2407/2407
f 881/881/881 2407/2407/2407 883/883/883
f 1893/1893/1893 893/893/893 881/881/881
f 1893/1893/1893 881/881/881 884/884/884
f 1894/1894/1894 1893/1893/1893 884/884/884
f 1894/1894/1894 884/884/884 885/885/885
f 883/883/883 886/886/886 885/885/885
f 883/883/883 885/885/885 884/884/884
f 890/890/890 889/889/889 878/878/878
f 890/890/890 878/878/878 888/888/888
f 1879/1879/1879 680/680/680 679/679/679
f 1879/1879/1879 679/679/679 1872/1872/1872
f 1875/1875/1875 1892/1892/1892 684/684/684
f 1875/1875/1875 684/684/684 683/683/683
f 2415/2415/2415 1894/1894/1894 885/885/885
f 2415/2415/2415 885/885/885 887/887/887
f 2416/2416/2416 890/890/890 888/888/888
f 2416/2416/2416 888/888/888 2417/2417/2417
f 2416/2416/2416 2415/2415/2415 887/887/887
f 2416/2416/2416 887/887/887 890/890/890
f 2417/2417/2417 888/888/888 879/879/879
f 2417/2417/2417 879/879/879 891/891/891
f 2415/2415/2415 1905/1905/1905 1892/1892/1892
f 2415/2415/2415 1892/1892/1892 1894/1894/1894
f 1902/1902/1902 1905/1905/1905 2415/2415/2415
f 1902/1902/1902 2415/2415/2415 2416/2416/2416
f 1900/1900/1900 1902/1902/1902 2416/2416/2416
f 1900/1900/1900 2416/2416/2416 2417/2417/2417
f 1898/1898/1898 1900/1900/1900 2417/2417/2417
f 1898/1898/1898 2417/2417/2417 891/891/891
f 1899/1899/1899 1898/1898/1898 891/891/891
f 1899/1899/1899 891/891/891 875/875/875
f 874/874/874 892/892/892 697/697/697
f 874/874/874 697/697/697 696/696/696
f 695/695/695 872/872/872 874/874/874
f 695/695/695 874/874/874 696/696/696
f 2329/2329/2329 2335/2335/2335 2334/2334/2334
f 2329/2329/2329 2334/2334/2334 2336/2336/2336
f 287/287/287 587/587/587 997/997/997
f 287/287/287 997/997/997 290/290/290
f 997/997/997 1048/1048/1048 1050/1050/1050
f 997/997/997 1050/1050/1050 290/290/290
f 1052/1052/1052 1054/1054/1054 917/917/917
f 1052/1052/1052 917/917/917 316/316/316
f 911/911/911 612/612/612 1802/1802/1802
f 911/911/911 1802/1802/1802 1800/1800/1800
f 289/289/289 1049/1049/1049 1051/1051/1051
f 289/289/289 1051/1051/1051 288/288/288
f 315/315/315 317/317/317 918/918/918
f 315/315/315 918/918/918 1111/1111/1111
f 611/611/611 913/913/913 916/916/916
f 611/611/611 916/916/916 1801/1801/1801
f 817/817/817 914/914/914 915/915/915
f 817/817/817 915/915/915 818/818/818
o Object001_default_0
usemtl default
v 0.11780600249767303 0.004854000173509076 0.20152999460697174
v 0.10635899752378464 0.002577000064775303 0.20152999460697174
v 0.11780600249767303 -0.025058999657630966 0.20747999846935272
v 0.0966539978981018 -0.003907000180333898 0.20152999460697174
v 0.0901700034737587 -0.013612000271678016 0.20152999460697174
v 0.08789300173521042 -0.025058999657630966 0.20152999460697174
v 0.0901700034737587 -0.03650600090622906 0.20152999460697174
v 0.0966539978981018 -0.046209998428821605 0.20152999460697174
v 0.10635899752378464 -0.0526949986815453 0.20152999460697174
v 0.11780600249767303 -0.05497200042009358 0.20152999460697174
v 0.12925300002098083 -0.0526949986815453 0.20152999460697174
v 0.13895699381828308 -0.046209998428821605 0.20152999460697174
v 0.14544199407100677 -0.03650600090622906 0.20152999460697174
v 0.14771899580955505 -0.025058999657630966 0.20152999460697174
v 0.14544199407100677 -0.013612000271678016 0.20152999460697174
v 0.13895699381828308 -0.003907000180333898 0.20152999460697174
v 0.12925300002098083 0.002577000064775303 0.20152999460697174
v -0.11780600249767303 0.004854000173509076 0.20152999460697174
v -0.11780600249767303 -0.025058999657630966 0.20747999846935272
v -0.10635899752378464 0.002577000064775303 0.20152999460697174
v -0.0966539978981018 -0.003907000180333898 0.20152999460697174
v -0.0901700034737587 -0.013612000271678016 0.20152999460697174
v -0.08789300173521042 -0.025058999657630966 0.20152999460697174
v -0.0901700034737587 -0.03650600090622906 0.20152999460697174
v -0.0966539978981018 -0.046209998428821605 0.20152999460697174
v -0.10635899752378464 -0.0526949986815453 0.20152999460697174
v -0.11780600249767303 -0.05497200042009358 0.20152999460697174
v -0.12925300002098083 -0.0526949986815453 0.20152999460697174
v -0.13895699381828308 -0.046209998428821605 0.20152999460697174
v -0.14544199407100677 -0.03650600090622906 0.20152999460697174
v -0.14771899580955505 -0.025058999657630966 0.20152999460697174
v -0.14544199407100677 -0.013612000271678016 0.20152999460697174
v -0.13895699381828308 -0.003907000180333898 0.20152999460697174
v -0.12925300002098083 0.002577000064775303 0.20152999460697174
v 0.11780600249767303 0.03021300025284286 0.18458600342273712
v 0.0966539978981018 0.026004999876022297 0.18458600342273712
v 0.0787229984998703 0.0140239996835589 0.18458600342273712
v 0.06674200296401978 -0.0039070001803338935 0.18458600342273712
v 0.06253399699926376 -0.025058999657630962 0.18458600342273712
v 0.06674200296401978 -0.046209998428821605 0.18458600342273712
v 0.0787229984998703 -0.0641420036554337 0.1845860034227371
v 0.0966539978981018 -0.07612299919128422 0.1845860034227371
v 0.11780600249767303 -0.08032999932765965 0.1845860034227371
v 0.13895699381828308 -0.07612299919128422 0.1845860034227371
v 0.15688900649547577 -0.0641420036554337 0.1845860034227371
v 0.1688700020313263 -0.046209998428821605 0.18458600342273712
v 0.17307700216770172 -0.025058999657630962 0.18458600342273712
v 0.1688700020313263 -0.0039070001803338935 0.18458600342273712
v 0.15688900649547577 0.0140239996835589 0.18458600342273712
v 0.13895699381828308 0.026004999876022297 0.18458600342273712
v 0.11780600249767303 0.047157000750303234 0.15922699868679047
v 0.0901700034737587 0.04165999963879582 0.15922699868679047
v 0.06674200296401978 0.026004999876022304 0.15922699868679047
v 0.05108699947595596 0.002577000064775312 0.15922699868679047
v 0.04558999836444855 -0.025058999657630955 0.15922699868679047
v 0.05108699947595596 -0.05269499868154529 0.15922699868679047
v 0.06674200296401978 -0.07612299919128422 0.15922699868679044
v 0.0901700034737587 -0.09177800267934803 0.15922699868679044
v 0.11780600249767303 -0.09727499634027485 0.15922699868679044
v 0.14544199407100677 -0.09177800267934803 0.15922699868679044
v 0.1688700020313263 -0.07612299919128422 0.15922699868679044
v 0.1845249980688095 -0.05269499868154529 0.15922699868679047
v 0.19002200663089752 -0.025058999657630955 0.15922699868679047
v 0.18452399969100952 0.002577000064775312 0.15922699868679047
v 0.1688700020313263 0.026004999876022304 0.15922699868679047
v 0.14544199407100677 0.04165999963879582 0.15922699868679047
v 0.11780600249767303 0.053107000887393924 0.12931400537490845
v 0.08789300173521042 0.04715700075030324 0.12931400537490845
v 0.06253399699926376 0.030213000252842875 0.12931400537490845
v 0.04558999836444855 0.004854000173509092 0.12931400537490845
v 0.039639998227357864 -0.025058999657630948 0.12931400537490845
v 0.04558999836444855 -0.054972000420093564 0.12931400537490845
v 0.06253399699926376 -0.08032999932765963 0.12931400537490842
v 0.08789300173521042 -0.09727499634027484 0.12931400537490842
v 0.11780600249767303 -0.10322500020265582 0.12931400537490842
v 0.14771899580955505 -0.09727499634027484 0.12931400537490842
v 0.17307700216770172 -0.08032999932765963 0.12931400537490842
v 0.19002200663089752 -0.054972000420093564 0.12931400537490845
v 0.1959719955921173 -0.025058999657630948 0.12931400537490845
v 0.19002200663089752 0.004854000173509092 0.12931400537490845
v 0.17307700216770172 0.030213000252842875 0.12931400537490845
v 0.14771899580955505 0.04715700075030324 0.12931400537490845
v -0.0966539978981018 0.026004999876022297 0.18458600342273712
v -0.11780600249767303 0.03021300025284286 0.18458600342273712
v -0.0787229984998703 0.0140239996835589 0.18458600342273712
v -0.06674200296401978 -0.0039070001803338935 0.18458600342273712
v -0.06253399699926376 -0.025058999657630962 0.18458600342273712
v -0.06674200296401978 -0.046209998428821605 0.18458600342273712
v -0.0787229984998703 -0.0641420036554337 0.1845860034227371
v -0.0966539978981018 -0.07612299919128422 0.1845860034227371
v -0.11780600249767303 -0.08032999932765965 0.1845860034227371
v -0.13895699381828308 -0.07612299919128422 0.1845860034227371
v -0.15688900649547577 -0.0641420036554337 0.1845860034227371
v -0.1688700020313263 -0.046209998428821605 0.18458600342273712
v -0.17307700216770172 -0.025058999657630962 0.18458600342273712
v -0.1688700020313263 -0.0039070001803338935 0.18458600342273712
v -0.15688900649547577 0.0140239996835589 0.18458600342273712
v -0.13895699381828308 0.026004999876022297 0.18458600342273712
v -0.0901700034737587 0.04165999963879582 0.15922699868679047
v -0.11780600249767303 0.047157000750303234 0.15922699868679047
v -0.06674200296401978 0.026004999876022304 0.15922699868679047
v -0.05108699947595596 0.002577000064775312 0.15922699868679047
v -0.04558999836444855 -0.025058999657630955 0.15922699868679047
v -0.05108699947595596 -0.05269499868154529 0.15922699868679047
v -0.06674200296401978 -0.07612299919128422 0.15922699868679044
v -0.0901700034737587 -0.09177800267934803 0.15922699868679044
v -0.11780600249767303 -0.09727499634027485 0.15922699868679044
v -0.14544199407100677 -0.09177800267934803 0.15922699868679044
v -0.1688700020313263 -0.07612299919128422 0.15922699868679044
v -0.1845249980688095 -0.05269499868154529 0.15922699868679047
v -0.19002200663089752 -0.025058999657630955 0.15922699868679047
v -0.18452399969100952 0.002577000064775312 0.15922699868679047
v -0.1688700020313263 0.026004999876022304 0.15922699868679047
v -0.14544199407100677 0.04165999963879582 0.15922699868679047
v -0.08789300173521042 0.04715700075030324 0.12931400537490845
v -0.11780600249767303 0.053107000887393924 0.12931400537490845
v -0.06253399699926376 0.030213000252842875 0.12931400537490845
v -0.04558999836444855 0.004854000173509092 0.12931400537490845
v -0.039639998227357864 -0.025058999657630948 0.12931400537490845
v -0.04558999836444855 -0.054972000420093564 0.12931400537490845
v -0.06253399699926376 -0.08032999932765963 0.12931400537490842
v -0.08789300173521042 -0.09727499634027484 0.12931400537490842
v -0.11780600249767303 -0.10322500020265582 0.12931400537490842
v -0.14771899580955505 -0.09727499634027484 0.12931400537490842
v -0.17307700216770172 -0.08032999932765963 0.12931400537490842
v -0.19002200663089752 -0.054972000420093564 0.12931400537490845
v -0.1959719955921173 -0.025058999657630948 0.12931400537490845
v -0.19002200663089752 0.004854000173509092 0.12931400537490845
v -0.17307700216770172 0.030213000252842875 0.12931400537490845
v -0.14771899580955505 0.04715700075030324 0.12931400537490845
vt 0.3553970158100128 0.8127200156450272
vt 0.35264524817466736 0.8155045956373215
vt 0.3609007000923157 0.8211823850870132
vt 0.35106155276298523 0.8190814107656479
vt 0.35105177760124207 0.8229926973581314
vt 0.3524329960346222 0.8266551792621613
vt 0.3551985025405884 0.8294216692447662
vt 0.35877713561058044 0.8310130089521408
vt 0.3627113103866577 0.8311140239238739
vt 0.3663650453090668 0.8296153843402863
vt 0.36918196082115173 0.8268685042858124
vt 0.37069380283355713 0.8232632279396057
vt 0.3707819879055023 0.8193571269512177
vt 0.36931851506233215 0.8157107383012772
vt 0.36657193303108215 0.8128718435764313
vt 0.3629595935344696 0.8113230019807816
vt 0.3590470850467682 0.811319038271904
vt 0.3553970158100128 0.8127200156450272
vt 0.3609007000923157 0.8211823850870132
vt 0.35264524817466736 0.8155045956373215
vt 0.35106155276298523 0.8190814107656479
vt 0.35105177760124207 0.8229926973581314
vt 0.3524329960346222 0.8266551792621613
vt 0.3551985025405884 0.8294216692447662
vt 0.35877713561058044 0.8310130089521408
vt 0.3627113103866577 0.8311140239238739
vt 0.3663650453090668 0.8296153843402863
vt 0.36918196082115173 0.8268685042858124
vt 0.37069380283355713 0.8232632279396057
vt 0.3707819879055023 0.8193571269512177
vt 0.36931851506233215 0.8157107383012772
vt 0.36657193303108215 0.8128718435764313
vt 0.3629595935344696 0.8113230019807816
vt 0.3590470850467682 0.811319038271904
vt 0.3498956263065338 0.8043395131826401
vt 0.3442143201828003 0.8097946047782898
vt 0.3412591516971588 0.8169985115528107
vt 0.34102553129196167 0.8247796446084976
vt 0.34399136900901794 0.8320687711238861
vt 0.3493739068508148 0.837827518582344
vt 0.35659316182136536 0.8409029990434647
vt 0.3644750714302063 0.8409669399261475
vt 0.3717971742153168 0.8380442708730698
vt 0.377552330493927 0.8326140493154526
vt 0.38075634837150574 0.8253901451826096
vt 0.380786269903183 0.8174854069948196
vt 0.3777543604373932 0.8102154433727264
vt 0.3721292018890381 0.8047201335430145
vt 0.36502698063850403 0.8013155907392502
vt 0.3571661114692688 0.8012551665306091
vt 0.344387948513031 0.7956904470920563
vt 0.3357168436050415 0.803830087184906
vt 0.3307165503501892 0.8147623986005783
vt 0.3308393657207489 0.8267851918935776
vt 0.3354545533657074 0.8377526700496674
vt 0.34349867701530457 0.8465119749307632
vt 0.354593962430954 0.8510652035474777
vt 0.3665226697921753 0.851142555475235
vt 0.37745803594589233 0.8465817123651505
vt 0.38617825508117676 0.8385617733001709
vt 0.3905267119407654 0.8274733573198318
vt 0.39107373356819153 0.8155703544616699
vt 0.38649046421051025 0.8045284897089005
vt 0.37812331318855286 0.7961485087871552
vt 0.367256760597229 0.7913892865180969
vt 0.3552873134613037 0.7909644842147827
vt 0.3380875885486603 0.7861255407333374
vt 0.32664915919303894 0.7976396083831787
vt 0.3204836845397949 0.8125889450311661
vt 0.32003873586654663 0.828754186630249
vt 0.3258080780506134 0.8439246267080307
vt 0.33752164244651794 0.8551859855651855
vt 0.352261483669281 0.8617464303970337
vt 0.3684103190898895 0.8620152175426483
vt 0.38360732793807983 0.8562652468681335
vt 0.39489027857780457 0.8445741087198257
vt 0.4016946256160736 0.8298623561859131
vt 0.40143874287605286 0.8136596530675888
vt 0.39572370052337646 0.7985688596963882
vt 0.3846113383769989 0.786679208278656
vt 0.36952513456344604 0.7806057631969452
vt 0.3533724844455719 0.7806057631969452
vt 0.3442143201828003 0.8097946047782898
vt 0.3498956263065338 0.8043395131826401
vt 0.3412591516971588 0.8169985115528107
vt 0.34102553129196167 0.8247796446084976
vt 0.34399136900901794 0.8320687711238861
vt 0.3493739068508148 0.837827518582344
vt 0.35659316182136536 0.8409029990434647
vt 0.3644750714302063 0.8409669399261475
vt 0.3717971742153168 0.8380442708730698
vt 0.377552330493927 0.8326140493154526
vt 0.38075634837150574 0.8253901451826096
vt 0.380786269903183 0.8174854069948196
vt 0.3777543604373932 0.8102154433727264
vt 0.3721292018890381 0.8047201335430145
vt 0.36502698063850403 0.8013155907392502
vt 0.3571661114692688 0.8012551665306091
vt 0.3357168436050415 0.803830087184906
vt 0.344387948513031 0.7956904470920563
vt 0.3307165503501892 0.8147623986005783
vt 0.3308393657207489 0.8267851918935776
vt 0.3354545533657074 0.8377526700496674
vt 0.34349867701530457 0.8465119749307632
vt 0.354593962430954 0.8510652035474777
vt 0.3665226697921753 0.851142555475235
vt 0.37745803594589233 0.8465817123651505
vt 0.38617825508117676 0.8385617733001709
vt 0.3905267119407654 0.8274733573198318
vt 0.39107373356819153 0.8155703544616699
vt 0.38649046421051025 0.8045284897089005
vt 0.37812331318855286 0.7961485087871552
vt 0.367256760597229 0.7913892865180969
vt 0.3552873134613037 0.7909644842147827
vt 0.32664915919303894 0.7976396083831787
vt 0.3380875885486603 0.7861255407333374
vt 0.3204836845397949 0.8125889450311661
vt 0.32003873586654663 0.828754186630249
vt 0.3258080780506134 0.8439246267080307
vt 0.33752164244651794 0.8551859855651855
vt 0.352261483669281 0.8617464303970337
vt 0.3684103190898895 0.8620152175426483
vt 0.38360732793807983 0.8562652468681335
vt 0.39489027857780457 0.8445741087198257
vt 0.4016946256160736 0.8298623561859131
vt 0.40143874287605286 0.8136596530675888
vt 0.39572370052337646 0.7985688596963882
vt 0.3846113383769989 0.786679208278656
vt 0.36952513456344604 0.7806057631969452
vt 0.3533724844455719 0.7806057631969452
vn 0.0000010337000245367195 0.4030893851712323 0.915160612986163
vn -0.15425257041685994 0.37240695125055523 0.9151607548294771
vn 8.207297810253207e-7 -8.230434220818364e-7 0.9999999999993245
vn -0.28503095846403576 0.2850308690570692 0.9151583231341149
vn -0.3724068866654349 0.1542525262073539 0.9151607885627572
vn -0.40308938517124554 -0.0000010018561156163088 0.9151606129861926
vn -0.37240806627778295 -0.15425791270095998 0.9151594006184854
vn -0.28503155177911077 -0.28502207464076806 0.9151608773641192
vn -0.15425582354343206 -0.37240853588404627 0.9151595616632319
vn 0.0000010337007556526226 -0.40309546942017804 0.9151579331087382
vn 0.15426121844862528 -0.3724097358026152 0.9151581640143807
vn 0.2850226322918572 -0.28502266209417837 0.9151634723775683
vn 0.37240964469235943 -0.1542611904970692 0.9151582058018918
vn 0.4030954414883816 -9.994074309153622e-7 0.9151579454117676
vn 0.37240848540187477 0.15425581242090164 0.9151595840808582
vn 0.2850220508095391 0.28503143854013135 0.9151609200550841
vn 0.15425797758965068 0.3724081088368057 0.9151593723622924
vn -0.0000010337000245367195 0.4030893851712323 0.915160612986163
vn -8.207297810253207e-7 -8.230434220818364e-7 0.9999999999993245
vn 0.15425257212884622 0.3724069255814258 0.9151607649864725
vn 0.2850309608852544 0.28503084167596476 0.9151583309080018
vn 0.3724068866654349 0.1542525262073539 0.9151607885627572
vn 0.40308938517124554 -0.0000010018561156163088 0.9151606129861926
vn 0.37240806627778295 -0.15425791270095998 0.9151594006184854
vn 0.2850314659212231 -0.28502204838839146 0.9151609122811595
vn 0.15425580728481364 -0.3724085624091527 0.9151595536097837
vn -0.0000010337007556526226 -0.40309546942017804 0.9151579331087382
vn -0.15426121844862528 -0.3724097358026152 0.9151581640143807
vn -0.285022604910614 -0.2850226645152566 0.9151634801512742
vn -0.3724096695053797 -0.15426120333153914 0.9151581935412039
vn -0.40309544148837867 -0.0000010067560341911588 0.915157945411761
vn -0.37240848625788936 0.15425579787431232 0.9151595861844353
vn -0.2850220508095391 0.28503143854013135 0.9151609200550841
vn -0.15425796304307088 0.3724081096928315 0.9151593744658986
vn 0.0000016850028830824027 0.7188572448201995 0.6951577242372212
vn -0.2751016789410292 0.6641353661989194 0.6951570193903347
vn -0.5083112543735503 0.5083111947689075 0.6951542260173592
vn -0.6641353328844397 0.2751016898310807 0.6951570469085085
vn -0.7188572160166388 -0.0000016502093267401355 0.6951577540228437
vn -0.6641346216106043 -0.27509722113212765 0.6951594948668404
vn -0.508313549723172 -0.5083063971656151 0.6951560556942161
vn -0.27509590271192796 -0.6641354984959922 0.6951591788566053
vn 0.000001689955077440352 -0.718853845657048 0.6951612392684284
vn 0.27509141836459994 -0.6641348809976163 0.6951615433727864
vn 0.5083087290704362 -0.5083087886750765 0.6951578319392469
vn 0.6641348150713128 -0.27509145066189583 0.6951615935758582
vn 0.7188559270503377 0.000003285475530042543 0.6951590869245723
vn 0.6641404803908588 0.27509794876013116 0.6951536095670996
vn 0.50831066398785 0.5083118560807182 0.695154174154199
vn 0.27509718269533695 0.6641346603700717 0.6951594730478883
vn 7.340588127590851e-7 0.9272806789201214 0.3743668555052653
vn -0.3548590202518034 0.8566935561055604 0.3743677692766018
vn -0.6556852052606295 0.6556852052606293 0.37437123714924025
vn -0.8566935284272694 0.35485906839156267 0.3743677869837459
vn -0.9272806769280795 -7.240032206386428e-7 0.37436686043943396
vn -0.8566925317487262 -0.3548614943685476 0.37436776819122525
vn -0.6556875243647692 -0.6556850805742835 0.3743673937520403
vn -0.35485915902518533 -0.8566934121793601 0.3743679670917686
vn 7.491430687695863e-7 -0.9272785843899042 0.37437204346918573
vn 0.3548615368516663 -0.8566924554958462 0.37436790241655504
vn 0.6556873750817485 -0.6556874346863918 0.3743635320818322
vn 0.856692374721428 -0.3548616472919536 0.3743679825724971
vn 0.9272783233409891 0.000007506530730390408 0.37437268998362594
vn 0.8566916255508077 0.35486136502272786 0.37436996450746524
vn 0.6556898197607991 0.6556824883896681 0.3743679135305047
vn 0.3548614020592694 0.8566925843466988 0.37436773532704926
vn 9.9052651200695e-9 0.9807859442580095 0.19508698456310292
vn -0.37533199970499204 0.9061256095330099 0.19509554004610954
vn -0.693518109149383 0.693518109149383 0.19510321515477075
vn -0.9061255993973012 0.37533202530893844 0.19509553786381645
vn -0.9807859442580097 -4.331801241332983e-17 0.19508698456310275
vn -0.90612459292344 -0.37533667729002074 0.19509126269573707
vn -0.693523290629798 -0.6935161976770405 0.19509159108889548
vn -0.3753388305776954 -0.9061241815038167 0.19508903084132231
vn 1.9810530412907945e-8 -0.9807859528115086 0.1950869415609887
vn 0.375343384485443 -0.9061232260551311 0.1950847070542815
vn 0.6935212887886503 -0.6935214676025764 0.19507997327070264
vn 0.9061231799719568 -0.3753434301133424 0.19508483331171364
vn 0.9807843290588828 0.000007884602591473562 0.19509510452686904
vn 0.9061217134688067 0.37533750412020106 0.195103045545609
vn 0.6935198996859439 0.6935176347094117 0.1950985368644804
vn 0.37533656320861314 0.9061246525645427 0.19509120516705425
vn 0.27510170648788246 0.6641353607538935 0.6951570136909725
vn -0.0000016850028830824027 0.7188572448201995 0.6951577242372212
vn 0.508311233311969 0.5083111737073287 0.6951542568186884
vn 0.6641353328844397 0.2751016898310807 0.6951570469085085
vn 0.7188572160166388 -0.0000016502093267401355 0.6951577540228437
vn 0.6641346216106043 -0.27509722113212765 0.6951594948668404
vn 0.5083135343225812 -0.5083064413698855 0.6951560346327788
vn 0.27509590271192796 -0.6641354984959922 0.6951591788566053
vn -0.0000016700731834503424 -0.7188538456570719 0.6951612392684516
vn -0.2750914069662263 -0.6641348534792824 0.6951615741735112
vn -0.5083087444709515 -0.5083087444709516 0.6951578530008345
vn -0.6641348041816747 -0.27509150575593583 0.6951615821774824
vn -0.7188559270503729 0.000003270564136834397 0.6951590869246064
vn -0.6641404803908588 0.27509794876013116 0.6951536095670996
vn -0.50831066398785 0.5083118560807182 0.695154174154199
vn -0.27509718269533695 0.6641346603700717 0.6951594730478883
vn 0.3548590202518034 0.8566935561055604 0.3743677692766018
vn -7.491422781126519e-7 0.9272806769280622 0.3743668604394272
vn 0.6556851712813977 0.655685230886041 0.3743712517803726
vn 0.8566935093109596 0.3548590604732165 0.37436783823472186
vn 0.9272806458910622 -7.240032532489406e-7 0.3743669373159581
vn 0.8566925531257739 -0.35486146830835813 0.3743677439749308
vn 0.6556875583438185 -0.6556850549487848 0.3743673791210056
vn 0.3548591329757217 -0.8566934212394294 0.3743679710509443
vn -7.390874685532382e-7 -0.9272785843899112 0.37437204346918856
vn -0.3548615068430494 -0.85669245499782 0.37436793200124463
vn -0.6556874007073331 -0.6556874007073332 0.3743635467127138
vn -0.8566924245606545 -0.354861558952645 0.3743679522583169
vn -0.9272783233409891 0.000007506530730390408 0.37437268998362594
vn -0.8566916192494252 0.35486138710216497 0.3743699579984023
vn -0.6556897528408875 0.6556825406791237 0.3743679391561531
vn -0.3548614683083582 0.8566925531257739 0.37436774397493106
vn 0.37533199970499204 0.9061256095330099 0.19509554004610954
vn -2.9715797050180698e-8 0.9807859414068426 0.19508699889714054
vn 0.693518109149383 0.693518109149383 0.19510321515477075
vn 0.9061255764916397 0.37533207542568214 0.19509554783321897
vn 0.9807859442580097 -4.331801241332983e-17 0.19508698456310275
vn 0.9061246131950859 -0.3753366260823348 0.19509126706028143
vn 0.6935232926459335 -0.6935161996931554 0.19509157675488323
vn 0.3753388082472916 -0.906124199542145 0.1950889900215024
vn -1.9810530470497586e-8 -0.9807859556626747 0.19508692722695054
vn -0.375343384485443 -0.9061232260551311 0.1950847070542815
vn -0.6935213483932973 -0.6935214079979393 0.19507997327070403
vn -0.9061231953761276 -0.3753434066918929 0.19508480682585272
vn -0.9807843290588828 0.000007884602591473562 0.19509510452686904
vn -0.90612170069866 0.3753375286328192 0.1951030576971452
vn -0.6935198996859439 0.6935176347094117 0.1950985368644804
vn -0.37533656211747773 0.906124649930361 0.19509121950106767
f 2418/2418/2418 2419/2419/2419 2420/2420/2420
f 2419/2419/2419 2421/2421/2421 2420/2420/2420
f 2421/2421/2421 2422/2422/2422 2420/2420/2420
f 2422/2422/2422 2423/2423/2423 2420/2420/2420
f 2423/2423/2423 2424/2424/2424 2420/2420/2420
f 2424/2424/2424 2425/2425/2425 2420/2420/2420
f 2425/2425/2425 2426/2426/2426 2420/2420/2420
f 2426/2426/2426 2427/2427/2427 2420/2420/2420
f 2427/2427/2427 2428/2428/2428 2420/2420/2420
f 2428/2428/2428 2429/2429/2429 2420/2420/2420
f 2429/2429/2429 2430/2430/2430 2420/2420/2420
f 2430/2430/2430 2431/2431/2431 2420/2420/2420
f 2431/2431/2431 2432/2432/2432 2420/2420/2420
f 2432/2432/2432 2433/2433/2433 2420/2420/2420
f 2433/2433/2433 2434/2434/2434 2420/2420/2420
f 2434/2434/2434 2418/2418/2418 2420/2420/2420
f 2435/2435/2435 2436/2436/2436 2437/2437/2437
f 2437/2437/2437 2436/2436/2436 2438/2438/2438
f 2438/2438/2438 2436/2436/2436 2439/2439/2439
f 2439/2439/2439 2436/2436/2436 2440/2440/2440
f 2440/2440/2440 2436/2436/2436 2441/2441/2441
f 2441/2441/2441 2436/2436/2436 2442/2442/2442
f 2442/2442/2442 2436/2436/2436 2443/2443/2443
f 2443/2443/2443 2436/2436/2436 2444/2444/2444
f 2444/2444/2444 2436/2436/2436 2445/2445/2445
f 2445/2445/2445 2436/2436/2436 2446/2446/2446
f 2446/2446/2446 2436/2436/2436 2447/2447/2447
f 2447/2447/2447 2436/2436/2436 2448/2448/2448
f 2448/2448/2448 2436/2436/2436 2449/2449/2449
f 2449/2449/2449 2436/2436/2436 2450/2450/2450
f 2450/2450/2450 2436/2436/2436 2451/2451/2451
f 2451/2451/2451 2436/2436/2436 2435/2435/2435
f 2452/2452/2452 2453/2453/2453 2419/2419/2419
f 2452/2452/2452 2419/2419/2419 2418/2418/2418
f 2453/2453/2453 2454/2454/2454 2421/2421/2421
f 2453/2453/2453 2421/2421/2421 2419/2419/2419
f 2454/2454/2454 2455/2455/2455 2422/2422/2422
f 2454/2454/2454 2422/2422/2422 2421/2421/2421
f 2455/2455/2455 2456/2456/2456 2423/2423/2423
f 2455/2455/2455 2423/2423/2423 2422/2422/2422
f 2456/2456/2456 2457/2457/2457 2424/2424/2424
f 2456/2456/2456 2424/2424/2424 2423/2423/2423
f 2457/2457/2457 2458/2458/2458 2425/2425/2425
f 2457/2457/2457 2425/2425/2425 2424/2424/2424
f 2458/2458/2458 2459/2459/2459 2426/2426/2426
f 2458/2458/2458 2426/2426/2426 2425/2425/2425
f 2459/2459/2459 2460/2460/2460 2427/2427/2427
f 2459/2459/2459 2427/2427/2427 2426/2426/2426
f 2460/2460/2460 2461/2461/2461 2428/2428/2428
f 2460/2460/2460 2428/2428/2428 2427/2427/2427
f 2461/2461/2461 2462/2462/2462 2429/2429/2429
f 2461/2461/2461 2429/2429/2429 2428/2428/2428
f 2462/2462/2462 2463/2463/2463 2430/2430/2430
f 2462/2462/2462 2430/2430/2430 2429/2429/2429
f 2463/2463/2463 2464/2464/2464 2431/2431/2431
f 2463/2463/2463 2431/2431/2431 2430/2430/2430
f 2464/2464/2464 2465/2465/2465 2432/2432/2432
f 2464/2464/2464 2432/2432/2432 2431/2431/2431
f 2465/2465/2465 2466/2466/2466 2433/2433/2433
f 2465/2465/2465 2433/2433/2433 2432/2432/2432
f 2466/2466/2466 2467/2467/2467 2434/2434/2434
f 2466/2466/2466 2434/2434/2434 2433/2433/2433
f 2467/2467/2467 2452/2452/2452 2418/2418/2418
f 2467/2467/2467 2418/2418/2418 2434/2434/2434
f 2468/2468/2468 2469/2469/2469 2453/2453/2453
f 2468/2468/2468 2453/2453/2453 2452/2452/2452
f 2469/2469/2469 2470/2470/2470 2454/2454/2454
f 2469/2469/2469 2454/2454/2454 2453/2453/2453
f 2470/2470/2470 2471/2471/2471 2455/2455/2455
f 2470/2470/2470 2455/2455/2455 2454/2454/2454
f 2471/2471/2471 2472/2472/2472 2456/2456/2456
f 2471/2471/2471 2456/2456/2456 2455/2455/2455
f 2472/2472/2472 2473/2473/2473 2457/2457/2457
f 2472/2472/2472 2457/2457/2457 2456/2456/2456
f 2473/2473/2473 2474/2474/2474 2458/2458/2458
f 2473/2473/2473 2458/2458/2458 2457/2457/2457
f 2474/2474/2474 2475/2475/2475 2459/2459/2459
f 2474/2474/2474 2459/2459/2459 2458/2458/2458
f 2475/2475/2475 2476/2476/2476 2460/2460/2460
f 2475/2475/2475 2460/2460/2460 2459/2459/2459
f 2476/2476/2476 2477/2477/2477 2461/2461/2461
f 2476/2476/2476 2461/2461/2461 2460/2460/2460
f 2477/2477/2477 2478/2478/2478 2462/2462/2462
f 2477/2477/2477 2462/2462/2462 2461/2461/2461
f 2478/2478/2478 2479/2479/2479 2463/2463/2463
f 2478/2478/2478 2463/2463/2463 2462/2462/2462
f 2479/2479/2479 2480/2480/2480 2464/2464/2464
f 2479/2479/2479 2464/2464/2464 2463/2463/2463
f 2480/2480/2480 2481/2481/2481 2465/2465/2465
f 2480/2480/2480 2465/2465/2465 2464/2464/2464
f 2481/2481/2481 2482/2482/2482 2466/2466/2466
f 2481/2481/2481 2466/2466/2466 2465/2465/2465
f 2482/2482/2482 2483/2483/2483 2467/2467/2467
f 2482/2482/2482 2467/2467/2467 2466/2466/2466
f 2483/2483/2483 2468/2468/2468 2452/2452/2452
f 2483/2483/2483 2452/2452/2452 2467/2467/2467
f 2484/2484/2484 2485/2485/2485 2469/2469/2469
f 2484/2484/2484 2469/2469/2469 2468/2468/2468
f 2485/2485/2485 2486/2486/2486 2470/2470/2470
f 2485/2485/2485 2470/2470/2470 2469/2469/2469
f 2486/2486/2486 2487/2487/2487 2471/2471/2471
f 2486/2486/2486 2471/2471/2471 2470/2470/2470
f 2487/2487/2487 2488/2488/2488 2472/2472/2472
f 2487/2487/2487 2472/2472/2472 2471/2471/2471
f 2488/2488/2488 2489/2489/2489 2473/2473/2473
f 2488/2488/2488 2473/2473/2473 2472/2472/2472
f 2489/2489/2489 2490/2490/2490 2474/2474/2474
f 2489/2489/2489 2474/2474/2474 2473/2473/2473
f 2490/2490/2490 2491/2491/2491 2475/2475/2475
f 2490/2490/2490 2475/2475/2475 2474/2474/2474
f 2491/2491/2491 2492/2492/2492 2476/2476/2476
f 2491/2491/2491 2476/2476/2476 2475/2475/2475
f 2492/2492/2492 2493/2493/2493 2477/2477/2477
f 2492/2492/2492 2477/2477/2477 2476/2476/2476
f 2493/2493/2493 2494/2494/2494 2478/2478/2478
f 2493/2493/2493 2478/2478/2478 2477/2477/2477
f 2494/2494/2494 2495/2495/2495 2479/2479/2479
f 2494/2494/2494 2479/2479/2479 2478/2478/2478
f 2495/2495/2495 2496/2496/2496 2480/2480/2480
f 2495/2495/2495 2480/2480/2480 2479/2479/2479
f 2496/2496/2496 2497/2497/2497 2481/2481/2481
f 2496/2496/2496 2481/2481/2481 2480/2480/2480
f 2497/2497/2497 2498/2498/2498 2482/2482/2482
f 2497/2497/2497 2482/2482/2482 2481/2481/2481
f 2498/2498/2498 2499/2499/2499 2483/2483/2483
f 2498/2498/2498 2483/2483/2483 2482/2482/2482
f 2499/2499/2499 2484/2484/2484 2468/2468/2468
f 2499/2499/2499 2468/2468/2468 2483/2483/2483
f 2437/2437/2437 2500/2500/2500 2501/2501/2501
f 2437/2437/2437 2501/2501/2501 2435/2435/2435
f 2438/2438/2438 2502/2502/2502 2500/2500/2500
f 2438/2438/2438 2500/2500/2500 2437/2437/2437
f 2439/2439/2439 2503/2503/2503 2502/2502/2502
f 2439/2439/2439 2502/2502/2502 2438/2438/2438
f 2440/2440/2440 2504/2504/2504 2503/2503/2503
f 2440/2440/2440 2503/2503/2503 2439/2439/2439
f 2441/2441/2441 2505/2505/2505 2504/2504/2504
f 2441/2441/2441 2504/2504/2504 2440/2440/2440
f 2442/2442/2442 2506/2506/2506 2505/2505/2505
f 2442/2442/2442 2505/2505/2505 2441/2441/2441
f 2443/2443/2443 2507/2507/2507 2506/2506/2506
f 2443/2443/2443 2506/2506/2506 2442/2442/2442
f 2444/2444/2444 2508/2508/2508 2507/2507/2507
f 2444/2444/2444 2507/2507/2507 2443/2443/2443
f 2445/2445/2445 2509/2509/2509 2508/2508/2508
f 2445/2445/2445 2508/2508/2508 2444/2444/2444
f 2446/2446/2446 2510/2510/2510 2509/2509/2509
f 2446/2446/2446 2509/2509/2509 2445/2445/2445
f 2447/2447/2447 2511/2511/2511 2510/2510/2510
f 2447/2447/2447 2510/2510/2510 2446/2446/2446
f 2448/2448/2448 2512/2512/2512 2511/2511/2511
f 2448/2448/2448 2511/2511/2511 2447/2447/2447
f 2449/2449/2449 2513/2513/2513 2512/2512/2512
f 2449/2449/2449 2512/2512/2512 2448/2448/2448
f 2450/2450/2450 2514/2514/2514 2513/2513/2513
f 2450/2450/2450 2513/2513/2513 2449/2449/2449
f 2451/2451/2451 2515/2515/2515 2514/2514/2514
f 2451/2451/2451 2514/2514/2514 2450/2450/2450
f 2435/2435/2435 2501/2501/2501 2515/2515/2515
f 2435/2435/2435 2515/2515/2515 2451/2451/2451
f 2500/2500/2500 2516/2516/2516 2517/2517/2517
f 2500/2500/2500 2517/2517/2517 2501/2501/2501
f 2502/2502/2502 2518/2518/2518 2516/2516/2516
f 2502/2502/2502 2516/2516/2516 2500/2500/2500
f 2503/2503/2503 2519/2519/2519 2518/2518/2518
f 2503/2503/2503 2518/2518/2518 2502/2502/2502
f 2504/2504/2504 2520/2520/2520 2519/2519/2519
f 2504/2504/2504 2519/2519/2519 2503/2503/2503
f 2505/2505/2505 2521/2521/2521 2520/2520/2520
f 2505/2505/2505 2520/2520/2520 2504/2504/2504
f 2506/2506/2506 2522/2522/2522 2521/2521/2521
f 2506/2506/2506 2521/2521/2521 2505/2505/2505
f 2507/2507/2507 2523/2523/2523 2522/2522/2522
f 2507/2507/2507 2522/2522/2522 2506/2506/2506
f 2508/2508/2508 2524/2524/2524 2523/2523/2523
f 2508/2508/2508 2523/2523/2523 2507/2507/2507
f 2509/2509/2509 2525/2525/2525 2524/2524/2524
f 2509/2509/2509 2524/2524/2524 2508/2508/2508
f 2510/2510/2510 2526/2526/2526 2525/2525/2525
f 2510/2510/2510 2525/2525/2525 2509/2509/2509
f 2511/2511/2511 2527/2527/2527 2526/2526/2526
f 2511/2511/2511 2526/2526/2526 2510/2510/2510
f 2512/2512/2512 2528/2528/2528 2527/2527/2527
f 2512/2512/2512 2527/2527/2527 2511/2511/2511
f 2513/2513/2513 2529/2529/2529 2528/2528/2528
f 2513/2513/2513 2528/2528/2528 2512/2512/2512
f 2514/2514/2514 2530/2530/2530 2529/2529/2529
f 2514/2514/2514 2529/2529/2529 2513/2513/2513
f 2515/2515/2515 2531/2531/2531 2530/2530/2530
f 2515/2515/2515 2530/2530/2530 2514/2514/2514
f 2501/2501/2501 2517/2517/2517 2531/2531/2531
f 2501/2501/2501 2531/2531/2531 2515/2515/2515
f 2516/2516/2516 2532/2532/2532 2533/2533/2533
f 2516/2516/2516 2533/2533/2533 2517/2517/2517
f 2518/2518/2518 2534/2534/2534 2532/2532/2532
f 2518/2518/2518 2532/2532/2532 2516/2516/2516
f 2519/2519/2519 2535/2535/2535 2534/2534/2534
f 2519/2519/2519 2534/2534/2534 2518/2518/2518
f 2520/2520/2520 2536/2536/2536 2535/2535/2535
f 2520/2520/2520 2535/2535/2535 2519/2519/2519
f 2521/2521/2521 2537/2537/2537 2536/2536/2536
f 2521/2521/2521 2536/2536/2536 2520/2520/2520
f 2522/2522/2522 2538/2538/2538 2537/2537/2537
f 2522/2522/2522 2537/2537/2537 2521/2521/2521
f 2523/2523/2523 2539/2539/2539 2538/2538/2538
f 2523/2523/2523 2538/2538/2538 2522/2522/2522
f 2524/2524/2524 2540/2540/2540 2539/2539/2539
f 2524/2524/2524 2539/2539/2539 2523/2523/2523
f 2525/2525/2525 2541/2541/2541 2540/2540/2540
f 2525/2525/2525 2540/2540/2540 2524/2524/2524
f 2526/2526/2526 2542/2542/2542 2541/2541/2541
f 2526/2526/2526 2541/2541/2541 2525/2525/2525
f 2527/2527/2527 2543/2543/2543 2542/2542/2542
f 2527/2527/2527 2542/2542/2542 2526/2526/2526
f 2528/2528/2528 2544/2544/2544 2543/2543/2543
f 2528/2528/2528 2543/2543/2543 2527/2527/2527
f 2529/2529/2529 2545/2545/2545 2544/2544/2544
f 2529/2529/2529 2544/2544/2544 2528/2528/2528
f 2530/2530/2530 2546/2546/2546 2545/2545/2545
f 2530/2530/2530 2545/2545/2545 2529/2529/2529
f 2531/2531/2531 2547/2547/2547 2546/2546/2546
f 2531/2531/2531 2546/2546/2546 2530/2530/2530
f 2517/2517/2517 2533/2533/2533 2547/2547/2547
f 2517/2517/2517 2547/2547/2547 2531/2531/2531
